device_id,device_type,brand_tier,original_price_inr,age_months,battery_health_pct,damage_type,damage_severity,functional_status,estimated_resale_value_inr,estimated_repair_cost_inr,recommendation
DEV000000,pc,mid,142300.0,144,15,none,0.0,fully_functional,18060.0,0.0,upgrade
DEV000001,laptop,premium,361300.0,22,85,screen_scratch,0.76,partially_functional,151360.0,15330.0,repair
DEV000002,pc,budget,106500.0,13,88,none,0.0,fully_functional,96420.0,0.0,sell
DEV000003,tablet,budget,45700.0,58,59,none,0.0,fully_functional,12240.0,0.0,upgrade
DEV000004,phone,mid,142600.0,17,84,port_damage,0.83,not_functional,47740.0,10210.0,sell
DEV000005,monitor,mid,32800.0,36,74,none,0.0,fully_functional,22390.0,0.0,sell
DEV000006,pc,mid,74300.0,144,15,screen_crack,0.59,fully_functional,7200.0,19080.0,recycle
DEV000007,pc,premium,170200.0,90,15,body_damage,0.69,partially_functional,25830.0,24970.0,recycle
DEV000008,phone,premium,203800.0,20,84,screen_crack,0.98,not_functional,57620.0,47430.0,recycle
DEV000009,laptop,mid,241100.0,60,39,body_damage,0.51,partially_functional,51260.0,35430.0,repair
DEV000010,laptop,premium,238400.0,93,15,port_damage,0.29,partially_functional,27960.0,11240.0,recycle
DEV000011,monitor,mid,7500.0,74,25,screen_crack,0.42,partially_functional,2350.0,1730.0,sell
DEV000012,tablet,mid,15900.0,74,26,none,0.0,fully_functional,2550.0,0.0,upgrade
DEV000013,pc,budget,104400.0,26,77,body_damage,0.61,partially_functional,44050.0,12390.0,repair
DEV000014,laptop,budget,119400.0,55,45,port_damage,0.3,fully_functional,32870.0,5610.0,repair
DEV000015,phone,budget,36000.0,24,88,port_damage,0.74,partially_functional,10610.0,2490.0,repair
DEV000016,laptop,mid,107400.0,120,15,none,0.0,fully_functional,9030.0,0.0,upgrade
DEV000017,phone,mid,131500.0,30,70,screen_scratch,0.82,not_functional,28410.0,4450.0,sell
DEV000018,pc,budget,70000.0,33,74,none,0.0,fully_functional,45180.0,0.0,sell
DEV000019,tablet,mid,12300.0,26,75,body_damage,0.9,partially_functional,3760.0,2520.0,sell
DEV000020,pc,budget,75100.0,30,85,screen_crack,0.32,fully_functional,41660.0,11590.0,repair
DEV000021,laptop,budget,154700.0,120,15,port_damage,0.62,partially_functional,8440.0,7900.0,recycle
DEV000022,monitor,premium,89600.0,151,15,none,0.0,fully_functional,14520.0,0.0,upgrade
DEV000023,pc,mid,72100.0,111,15,none,0.0,fully_functional,14300.0,0.0,upgrade
DEV000024,pc,budget,78900.0,81,25,none,0.0,fully_functional,22390.0,0.0,upgrade
DEV000025,phone,mid,137000.0,4,76,none,0.0,fully_functional,110660.0,0.0,sell
DEV000026,laptop,budget,39700.0,20,76,screen_scratch,0.83,partially_functional,15000.0,1700.0,repair
DEV000027,phone,mid,120500.0,60,54,none,0.0,fully_functional,19540.0,0.0,upgrade
DEV000028,phone,premium,170200.0,33,63,none,0.0,fully_functional,60530.0,0.0,upgrade
DEV000029,tablet,mid,83800.0,7,97,none,0.0,fully_functional,76330.0,0.0,sell
DEV000030,tablet,mid,21100.0,65,36,port_damage,0.3,fully_functional,3880.0,830.0,repair
DEV000031,monitor,budget,41600.0,69,23,screen_scratch,0.63,partially_functional,11510.0,1290.0,repair
DEV000032,phone,mid,50200.0,10,87,screen_crack,0.77,partially_functional,21030.0,14480.0,sell
DEV000033,laptop,budget,167300.0,12,74,none,0.0,fully_functional,126510.0,0.0,sell
DEV000034,laptop,budget,96700.0,13,84,body_damage,0.71,not_functional,47700.0,14250.0,sell
DEV000035,phone,premium,148200.0,36,61,screen_scratch,0.59,partially_functional,37100.0,4420.0,repair
DEV000036,phone,mid,69900.0,43,65,none,0.0,fully_functional,17830.0,0.0,upgrade
DEV000037,laptop,mid,56000.0,12,78,screen_crack,0.99,fully_functional,19960.0,24030.0,recycle
DEV000038,phone,budget,54800.0,38,72,battery_issue,0.16,fully_functional,15090.0,3500.0,repair
DEV000039,tablet,premium,79200.0,51,65,keyboard_damage,0.3,partially_functional,20820.0,4630.0,repair
DEV000040,laptop,budget,28600.0,56,45,screen_scratch,0.22,partially_functional,7840.0,700.0,repair
DEV000041,pc,mid,43600.0,52,61,none,0.0,fully_functional,19250.0,0.0,sell
DEV000042,tablet,premium,48500.0,18,100,keyboard_damage,0.87,not_functional,19380.0,4860.0,sell
DEV000043,phone,mid,18800.0,36,69,none,0.0,fully_functional,6140.0,0.0,upgrade
DEV000044,pc,premium,283800.0,23,71,port_damage,0.84,partially_functional,119050.0,20780.0,repair
DEV000045,pc,budget,107500.0,20,83,screen_scratch,0.19,partially_functional,74770.0,2690.0,sell
DEV000046,laptop,mid,85700.0,36,79,screen_crack,0.29,not_functional,37180.0,16720.0,sell
DEV000047,phone,premium,98500.0,50,54,screen_crack,0.5,not_functional,15770.0,23110.0,recycle
DEV000048,tablet,mid,51600.0,38,56,body_damage,0.91,not_functional,11990.0,9770.0,recycle
DEV000049,phone,mid,149600.0,21,69,screen_crack,0.83,not_functional,40460.0,44500.0,recycle
DEV000050,phone,budget,66200.0,23,89,screen_scratch,0.69,fully_functional,20230.0,2540.0,repair
DEV000051,phone,mid,44700.0,72,45,body_damage,0.78,partially_functional,2940.0,7490.0,recycle
DEV000052,pc,premium,272400.0,47,57,screen_scratch,0.72,partially_functional,86460.0,8120.0,repair
DEV000053,tablet,mid,59700.0,23,81,keyboard_damage,1.0,partially_functional,16780.0,4780.0,repair
DEV000054,tablet,premium,74100.0,22,71,body_damage,0.49,partially_functional,33670.0,9760.0,repair
DEV000055,pc,mid,118700.0,39,60,screen_crack,0.9,partially_functional,33540.0,37280.0,recycle
DEV000056,laptop,mid,33400.0,33,67,screen_crack,0.39,fully_functional,13120.0,6520.0,sell
DEV000057,laptop,budget,157900.0,52,50,keyboard_damage,0.29,fully_functional,44580.0,7810.0,repair
DEV000058,phone,mid,57600.0,6,88,keyboard_damage,0.22,fully_functional,42870.0,1750.0,repair
DEV000059,phone,premium,54900.0,1,83,screen_scratch,0.87,not_functional,27890.0,2200.0,sell
DEV000060,tablet,mid,88500.0,80,17,screen_crack,0.65,partially_functional,9450.0,21850.0,recycle
DEV000061,laptop,budget,158700.0,28,79,screen_scratch,0.57,fully_functional,69310.0,5230.0,repair
DEV000062,laptop,mid,112400.0,40,64,none,0.0,fully_functional,52210.0,0.0,sell
DEV000063,pc,mid,142800.0,93,15,dead_pixel,0.56,partially_functional,27180.0,14310.0,upgrade
DEV000064,tablet,premium,31500.0,96,15,screen_scratch,0.56,partially_functional,2560.0,1200.0,recycle
DEV000065,laptop,budget,68900.0,120,15,body_damage,0.34,partially_functional,4970.0,5930.0,recycle
DEV000066,laptop,budget,44000.0,7,89,battery_issue,0.56,fully_functional,25970.0,4120.0,repair
DEV000067,phone,mid,136300.0,11,87,none,0.0,fully_functional,93140.0,0.0,sell
DEV000068,phone,budget,50400.0,68,40,none,0.0,fully_functional,6280.0,0.0,upgrade
DEV000069,laptop,premium,283500.0,13,75,none,0.0,fully_functional,188640.0,0.0,sell
DEV000070,phone,mid,120600.0,29,71,screen_crack,0.37,not_functional,41990.0,18910.0,sell
DEV000071,laptop,mid,38400.0,20,84,dead_pixel,0.99,partially_functional,12450.0,5810.0,sell
DEV000072,pc,budget,66000.0,33,81,port_damage,0.59,partially_functional,28670.0,3810.0,repair
DEV000073,phone,mid,76000.0,13,98,keyboard_damage,0.85,partially_functional,31190.0,6360.0,repair
DEV000074,phone,premium,218700.0,48,40,port_damage,0.58,fully_functional,33030.0,12390.0,recycle
DEV000075,phone,mid,14500.0,59,47,none,0.0,fully_functional,2230.0,0.0,upgrade
DEV000076,phone,budget,77300.0,27,88,none,0.0,fully_functional,33040.0,0.0,sell
DEV000077,tablet,budget,16600.0,29,79,screen_crack,0.82,partially_functional,4720.0,3630.0,sell
DEV000078,laptop,premium,222700.0,3,93,none,0.0,fully_functional,184130.0,0.0,sell
DEV000079,pc,premium,240200.0,10,86,screen_scratch,0.61,partially_functional,152110.0,8610.0,repair
DEV000080,tablet,budget,54700.0,25,66,none,0.0,fully_functional,29320.0,0.0,sell
DEV000081,laptop,mid,140100.0,27,69,none,0.0,fully_functional,74360.0,0.0,sell
DEV000082,pc,budget,89300.0,59,51,battery_issue,0.4,fully_functional,31010.0,6700.0,repair
DEV000083,phone,mid,133200.0,16,88,port_damage,0.57,fully_functional,56010.0,7290.0,repair
DEV000084,phone,budget,97800.0,5,100,screen_scratch,0.34,fully_functional,67750.0,2780.0,repair
DEV000085,phone,premium,144500.0,30,76,keyboard_damage,0.22,fully_functional,53940.0,5760.0,repair
DEV000086,tablet,premium,45900.0,38,56,screen_crack,0.21,partially_functional,17160.0,7330.0,sell
DEV000087,laptop,budget,124400.0,28,67,battery_issue,0.2,partially_functional,61220.0,6990.0,repair
DEV000088,phone,mid,108000.0,31,58,screen_crack,0.19,fully_functional,34440.0,18220.0,upgrade
DEV000089,laptop,budget,23800.0,32,76,none,0.0,fully_functional,12490.0,0.0,sell
DEV000090,phone,budget,103100.0,18,84,port_damage,0.83,partially_functional,35440.0,7200.0,repair
DEV000091,tablet,budget,46600.0,20,90,screen_scratch,0.47,fully_functional,23380.0,1060.0,repair
DEV000092,laptop,budget,150600.0,90,18,none,0.0,fully_functional,23490.0,0.0,upgrade
DEV000093,laptop,premium,75500.0,40,52,port_damage,0.39,fully_functional,23900.0,3890.0,repair
DEV000094,phone,budget,42100.0,15,85,dead_pixel,0.45,partially_functional,20090.0,3000.0,repair
DEV000095,tablet,premium,120600.0,9,88,dead_pixel,0.54,partially_functional,72730.0,13140.0,upgrade
DEV000096,laptop,budget,18600.0,105,15,screen_scratch,0.24,fully_functional,1760.0,370.0,repair
DEV000097,phone,mid,30500.0,19,91,screen_scratch,0.49,not_functional,13680.0,1270.0,sell
DEV000098,phone,mid,28800.0,31,69,screen_crack,0.57,partially_functional,8260.0,5550.0,sell
DEV000099,monitor,premium,37900.0,18,85,keyboard_damage,0.97,partially_functional,15600.0,3010.0,repair
DEV000100,monitor,budget,34900.0,168,15,body_damage,0.5,fully_functional,3670.0,4680.0,recycle
DEV000101,tablet,budget,31500.0,16,83,none,0.0,fully_functional,21410.0,0.0,sell
DEV000102,phone,mid,102800.0,53,43,dead_pixel,0.57,partially_functional,13330.0,9810.0,recycle
DEV000103,monitor,mid,55200.0,113,15,screen_scratch,0.93,not_functional,7520.0,2030.0,recycle
DEV000104,pc,mid,180700.0,47,61,screen_scratch,0.45,partially_functional,67180.0,4640.0,repair
DEV000105,tablet,budget,51600.0,58,53,screen_scratch,0.77,partially_functional,8790.0,1700.0,repair
DEV000106,laptop,budget,109300.0,26,73,screen_crack,0.3,fully_functional,51930.0,19200.0,sell
DEV000107,phone,premium,211300.0,23,76,none,0.0,fully_functional,97730.0,0.0,sell
DEV000108,phone,mid,60600.0,16,82,screen_crack,0.7,partially_functional,24850.0,20950.0,recycle
DEV000109,monitor,mid,32500.0,21,84,none,0.0,fully_functional,25930.0,0.0,sell
DEV000110,laptop,budget,101000.0,34,70,screen_crack,0.34,partially_functional,39790.0,18300.0,sell
DEV000111,phone,budget,21300.0,34,76,battery_issue,0.31,not_functional,6310.0,1530.0,upgrade
DEV000112,phone,premium,34100.0,35,66,screen_scratch,0.48,not_functional,8560.0,1020.0,upgrade
DEV000113,laptop,mid,242300.0,11,98,body_damage,0.7,not_functional,129700.0,30600.0,sell
DEV000114,phone,budget,13100.0,5,86,port_damage,0.7,partially_functional,6900.0,570.0,repair
DEV000115,pc,premium,176500.0,102,15,screen_scratch,0.57,fully_functional,29820.0,4170.0,repair
DEV000116,pc,mid,108500.0,144,15,body_damage,0.42,fully_functional,10600.0,12260.0,recycle
DEV000117,tablet,budget,62600.0,31,67,screen_crack,0.28,not_functional,23960.0,8540.0,sell
DEV000118,laptop,budget,172300.0,45,62,battery_issue,0.72,partially_functional,42890.0,14810.0,repair
DEV000119,tablet,mid,13100.0,78,26,none,0.0,fully_functional,1900.0,0.0,upgrade
DEV000120,laptop,budget,99100.0,64,47,none,0.0,fully_functional,25050.0,0.0,upgrade
DEV000121,tablet,mid,29400.0,37,58,screen_crack,0.65,not_functional,7950.0,9080.0,repair
DEV000122,phone,mid,87200.0,50,42,screen_scratch,0.53,fully_functional,12810.0,2720.0,repair
DEV000123,laptop,budget,131700.0,44,53,dead_pixel,0.19,partially_functional,45590.0,8570.0,repair
DEV000124,phone,premium,210000.0,13,88,screen_scratch,0.93,not_functional,75750.0,8150.0,sell
DEV000125,laptop,budget,42700.0,26,73,screen_crack,1.0,not_functional,11760.0,15090.0,recycle
DEV000126,phone,mid,8800.0,11,88,none,0.0,fully_functional,6090.0,0.0,sell
DEV000127,phone,mid,100500.0,26,85,none,0.0,fully_functional,47190.0,0.0,sell
DEV000128,phone,mid,131000.0,72,34,screen_crack,0.44,not_functional,9400.0,30620.0,recycle
DEV000129,laptop,mid,115600.0,24,72,keyboard_damage,0.29,fully_functional,59780.0,4880.0,repair
DEV000130,phone,mid,30700.0,16,88,screen_scratch,0.2,partially_functional,15100.0,630.0,repair
DEV000131,monitor,premium,40900.0,9,83,none,0.0,fully_functional,35480.0,0.0,sell
DEV000132,laptop,premium,308900.0,44,72,none,0.0,fully_functional,130550.0,0.0,sell
DEV000133,phone,premium,113200.0,20,80,none,0.0,fully_functional,61230.0,0.0,sell
DEV000134,laptop,budget,166400.0,60,44,port_damage,0.74,fully_functional,28420.0,9160.0,repair
DEV000135,phone,mid,16500.0,44,67,none,0.0,fully_functional,4320.0,0.0,upgrade
DEV000136,monitor,mid,39400.0,60,38,none,0.0,fully_functional,16720.0,0.0,sell
DEV000137,laptop,budget,158600.0,6,100,none,0.0,fully_functional,152050.0,0.0,sell
DEV000138,pc,mid,90800.0,20,77,body_damage,0.82,not_functional,40800.0,13710.0,sell
DEV000139,phone,budget,48800.0,27,86,screen_scratch,0.88,partially_functional,11580.0,1730.0,repair
DEV000140,laptop,budget,86600.0,36,72,body_damage,0.54,fully_functional,32190.0,12590.0,sell
DEV000141,laptop,budget,138500.0,38,67,none,0.0,fully_functional,63190.0,0.0,sell
DEV000142,monitor,budget,4300.0,19,100,dead_pixel,0.85,not_functional,1930.0,490.0,sell
DEV000143,laptop,budget,174100.0,63,46,none,0.0,fully_functional,49170.0,0.0,upgrade
DEV000144,laptop,mid,226500.0,96,15,screen_scratch,0.67,partially_functional,21230.0,8800.0,recycle
DEV000145,phone,mid,89200.0,64,30,keyboard_damage,0.65,partially_functional,7630.0,5380.0,recycle
DEV000146,phone,budget,99000.0,55,65,screen_crack,0.34,fully_functional,15710.0,17830.0,recycle
DEV000147,laptop,budget,147700.0,120,15,dead_pixel,0.27,fully_functional,10760.0,10880.0,repair
DEV000148,laptop,premium,296600.0,59,69,dead_pixel,0.42,not_functional,74880.0,24330.0,upgrade
DEV000149,phone,budget,78500.0,28,73,none,0.0,fully_functional,33870.0,0.0,sell
DEV000150,pc,mid,159300.0,39,81,none,0.0,fully_functional,98430.0,0.0,sell
DEV000151,pc,mid,55400.0,72,41,battery_issue,0.96,not_functional,9020.0,5570.0,upgrade
DEV000152,phone,mid,29900.0,9,84,screen_scratch,0.24,fully_functional,18900.0,600.0,repair
DEV000153,laptop,premium,281500.0,22,80,dead_pixel,0.73,partially_functional,118110.0,39040.0,repair
DEV000154,phone,mid,142300.0,23,81,screen_scratch,0.66,fully_functional,45150.0,4420.0,repair
DEV000155,tablet,premium,129800.0,28,70,body_damage,0.55,partially_functional,49480.0,17480.0,sell
DEV000156,phone,premium,24300.0,19,80,dead_pixel,0.86,fully_functional,7240.0,3780.0,sell
DEV000157,tablet,budget,34200.0,42,58,dead_pixel,0.18,fully_functional,12040.0,2290.0,repair
DEV000158,tablet,budget,14000.0,28,85,none,0.0,fully_functional,7610.0,0.0,sell
DEV000159,pc,budget,120800.0,69,29,screen_scratch,0.45,partially_functional,33000.0,3000.0,repair
DEV000160,phone,budget,20200.0,29,69,screen_crack,0.83,fully_functional,4800.0,6570.0,recycle
DEV000161,monitor,mid,43700.0,30,73,battery_issue,0.48,fully_functional,20990.0,3760.0,repair
DEV000162,phone,budget,33300.0,39,57,screen_scratch,0.32,partially_functional,8890.0,1000.0,repair
DEV000163,phone,budget,45700.0,49,64,none,0.0,fully_functional,9470.0,0.0,upgrade
DEV000164,laptop,budget,106800.0,38,78,none,0.0,fully_functional,56240.0,0.0,sell
DEV000165,laptop,mid,28700.0,17,88,none,0.0,fully_functional,18120.0,0.0,sell
DEV000166,pc,mid,77400.0,36,70,none,0.0,fully_functional,45760.0,0.0,sell
DEV000167,pc,premium,255500.0,35,66,screen_crack,0.51,not_functional,104140.0,67610.0,sell
DEV000168,phone,budget,42900.0,72,38,screen_scratch,0.73,fully_functional,3100.0,1470.0,recycle
DEV000169,monitor,budget,31400.0,92,15,body_damage,0.42,partially_functional,6960.0,3270.0,upgrade
DEV000170,phone,premium,218200.0,13,88,battery_issue,0.99,fully_functional,69410.0,26290.0,sell
DEV000171,laptop,mid,221600.0,38,57,screen_scratch,0.6,not_functional,67870.0,6210.0,sell
DEV000172,phone,mid,119500.0,19,88,screen_crack,0.19,not_functional,65130.0,18240.0,sell
DEV000173,monitor,mid,24800.0,74,45,port_damage,0.4,not_functional,8360.0,1110.0,sell
DEV000174,phone,budget,75600.0,25,89,battery_issue,0.29,not_functional,30390.0,5560.0,sell
DEV000175,phone,premium,68900.0,10,98,none,0.0,fully_functional,50730.0,0.0,sell
DEV000176,laptop,mid,65600.0,18,93,battery_issue,0.86,partially_functional,27090.0,7270.0,repair
DEV000177,monitor,mid,12500.0,139,15,dead_pixel,0.46,not_functional,1770.0,1130.0,recycle
DEV000178,pc,mid,123300.0,30,76,screen_scratch,0.83,not_functional,46790.0,6240.0,sell
DEV000179,tablet,budget,10200.0,11,100,none,0.0,fully_functional,8110.0,0.0,sell
DEV000180,pc,budget,108100.0,32,58,body_damage,0.45,fully_functional,51280.0,9450.0,repair
DEV000181,pc,mid,91100.0,75,37,battery_issue,0.18,partially_functional,27800.0,5310.0,repair
DEV000182,laptop,mid,213700.0,98,22,screen_scratch,0.43,not_functional,23320.0,5900.0,recycle
DEV000183,phone,budget,19200.0,26,90,none,0.0,fully_functional,8620.0,0.0,sell
DEV000184,pc,budget,39700.0,76,33,none,0.0,fully_functional,12260.0,0.0,upgrade
DEV000185,tablet,premium,123800.0,29,63,dead_pixel,0.28,fully_functional,52440.0,8380.0,repair
DEV000186,laptop,budget,158500.0,63,44,body_damage,0.81,not_functional,24730.0,30440.0,recycle
DEV000187,phone,mid,142500.0,8,100,screen_crack,0.85,fully_functional,68100.0,50620.0,sell
DEV000188,tablet,mid,71900.0,24,59,none,0.0,fully_functional,36780.0,0.0,sell
DEV000189,phone,premium,73100.0,33,69,port_damage,0.83,partially_functional,16160.0,4270.0,repair
DEV000190,monitor,mid,51600.0,128,15,none,0.0,fully_functional,10470.0,0.0,recycle
DEV000191,phone,premium,122400.0,34,50,none,0.0,fully_functional,41950.0,0.0,repair
DEV000192,phone,budget,16800.0,28,78,screen_crack,0.22,fully_functional,7100.0,2390.0,repair
DEV000193,pc,premium,252400.0,51,47,port_damage,0.32,partially_functional,101280.0,9500.0,repair
DEV000194,phone,premium,117100.0,58,59,dead_pixel,0.68,partially_functional,13460.0,13610.0,recycle
DEV000195,phone,mid,90100.0,67,43,none,0.0,fully_functional,11760.0,0.0,upgrade
DEV000196,laptop,mid,200200.0,34,63,screen_crack,0.7,fully_functional,61470.0,62210.0,recycle
DEV000197,pc,budget,133700.0,114,15,none,0.0,fully_functional,25480.0,0.0,upgrade
DEV000198,phone,mid,140300.0,47,64,battery_issue,0.3,partially_functional,27060.0,8300.0,repair
DEV000199,phone,budget,41300.0,29,77,none,0.0,fully_functional,16360.0,0.0,sell
DEV000200,pc,budget,22200.0,98,15,screen_crack,0.38,fully_functional,4170.0,4800.0,recycle
DEV000201,monitor,premium,40900.0,48,64,battery_issue,0.92,partially_functional,12220.0,3920.0,repair
DEV000202,laptop,budget,153700.0,15,94,none,0.0,fully_functional,117420.0,0.0,sell
DEV000203,phone,mid,137000.0,22,96,body_damage,0.33,fully_functional,60920.0,11840.0,repair
DEV000204,phone,budget,7500.0,4,100,screen_scratch,0.87,partially_functional,3730.0,310.0,repair
DEV000205,phone,budget,18200.0,24,66,none,0.0,fully_functional,8650.0,0.0,sell
DEV000206,phone,budget,8300.0,20,93,dead_pixel,0.68,fully_functional,2950.0,950.0,repair
DEV000207,tablet,budget,28000.0,96,15,none,0.0,fully_functional,3040.0,0.0,upgrade
DEV000208,phone,mid,101200.0,14,90,none,0.0,fully_functional,69740.0,0.0,sell
DEV000209,laptop,premium,222800.0,53,55,screen_scratch,1.0,partially_functional,38100.0,11350.0,repair
DEV000210,tablet,mid,59800.0,33,81,none,0.0,fully_functional,28910.0,0.0,sell
DEV000211,laptop,premium,76600.0,55,48,battery_issue,0.17,partially_functional,19830.0,5070.0,repair
DEV000212,phone,mid,74800.0,33,74,screen_scratch,0.51,partially_functional,19780.0,1780.0,repair
DEV000213,pc,mid,165000.0,144,15,battery_issue,0.56,not_functional,17210.0,18380.0,recycle
DEV000214,tablet,budget,15400.0,40,68,dead_pixel,0.66,not_functional,4110.0,2040.0,sell
DEV000215,tablet,budget,26500.0,51,63,screen_scratch,0.92,fully_functional,4540.0,1050.0,repair
DEV000216,phone,premium,182800.0,72,36,body_damage,0.57,fully_functional,13780.0,26950.0,recycle
DEV000217,phone,mid,94900.0,72,42,battery_issue,0.77,not_functional,6370.0,12200.0,sell
DEV000218,monitor,mid,6300.0,112,15,screen_crack,0.25,partially_functional,1290.0,1210.0,recycle
DEV000219,laptop,premium,221000.0,67,42,screen_crack,0.17,not_functional,51340.0,27750.0,upgrade
DEV000220,phone,budget,53500.0,19,90,screen_crack,0.31,fully_functional,26090.0,9590.0,sell
DEV000221,laptop,mid,99400.0,66,40,screen_scratch,0.51,fully_functional,16730.0,3350.0,repair
DEV000222,tablet,budget,10100.0,96,15,body_damage,0.83,partially_functional,550.0,1600.0,recycle
DEV000223,monitor,premium,32400.0,119,15,screen_crack,0.16,not_functional,6540.0,5010.0,recycle
DEV000224,phone,budget,32500.0,10,93,screen_scratch,0.71,fully_functional,14510.0,1270.0,repair
DEV000225,monitor,budget,13700.0,41,78,dead_pixel,0.61,fully_functional,5980.0,1300.0,repair
DEV000226,phone,mid,118900.0,35,68,none,0.0,fully_functional,39040.0,0.0,upgrade
DEV000227,laptop,budget,115000.0,31,91,body_damage,0.68,partially_functional,43040.0,16510.0,sell
DEV000228,tablet,premium,63200.0,92,19,screen_scratch,0.94,fully_functional,4050.0,2710.0,recycle
DEV000229,phone,mid,43800.0,15,88,body_damage,0.77,not_functional,16110.0,5770.0,sell
DEV000230,phone,budget,56300.0,17,92,body_damage,0.24,fully_functional,29290.0,4820.0,repair
DEV000231,laptop,budget,169200.0,9,80,screen_crack,0.7,not_functional,85360.0,50950.0,sell
DEV000232,monitor,premium,72700.0,124,15,none,0.0,fully_functional,16300.0,0.0,upgrade
DEV000233,laptop,mid,103100.0,120,15,screen_scratch,0.16,fully_functional,7920.0,2260.0,repair
DEV000234,monitor,premium,46500.0,120,15,battery_issue,0.49,not_functional,8320.0,3660.0,recycle
DEV000235,pc,budget,71100.0,125,15,body_damage,0.31,fully_functional,10540.0,7000.0,recycle
DEV000236,laptop,premium,294200.0,109,15,screen_scratch,0.8,not_functional,18040.0,8650.0,recycle
DEV000237,pc,mid,81700.0,29,68,none,0.0,fully_functional,50500.0,0.0,sell
DEV000238,phone,mid,118800.0,11,88,screen_crack,0.26,fully_functional,69710.0,19280.0,repair
DEV000239,phone,budget,16700.0,39,60,battery_issue,0.15,partially_functional,4650.0,910.0,repair
DEV000240,pc,budget,117400.0,48,68,screen_scratch,0.47,fully_functional,45250.0,2310.0,repair
DEV000241,pc,premium,79100.0,77,38,none,0.0,fully_functional,24490.0,0.0,sell
DEV000242,phone,premium,181400.0,72,31,keyboard_damage,0.16,partially_functional,17890.0,7260.0,recycle
DEV000243,laptop,budget,48000.0,62,52,screen_crack,0.29,not_functional,11910.0,8920.0,upgrade
DEV000244,tablet,premium,23400.0,70,41,body_damage,0.56,fully_functional,3210.0,3150.0,recycle
DEV000245,pc,budget,129400.0,105,15,port_damage,0.27,fully_functional,23900.0,4750.0,repair
DEV000246,tablet,budget,20300.0,19,83,none,0.0,fully_functional,13510.0,0.0,sell
DEV000247,laptop,budget,150100.0,39,64,screen_crack,0.18,partially_functional,65100.0,26450.0,upgrade
DEV000248,laptop,budget,112800.0,65,47,battery_issue,0.36,not_functional,23690.0,7970.0,upgrade
DEV000249,laptop,budget,28600.0,26,78,dead_pixel,0.98,not_functional,8500.0,4780.0,sell
DEV000250,tablet,budget,57000.0,13,91,screen_scratch,0.85,partially_functional,25330.0,2570.0,repair
DEV000251,pc,budget,139900.0,31,80,none,0.0,fully_functional,96190.0,0.0,sell
DEV000252,laptop,mid,221100.0,38,71,none,0.0,fully_functional,103250.0,0.0,sell
DEV000253,phone,premium,121100.0,12,80,body_damage,0.2,partially_functional,73680.0,10710.0,repair
DEV000254,phone,mid,128300.0,48,65,screen_scratch,0.48,fully_functional,21700.0,3730.0,repair
DEV000255,tablet,budget,26800.0,63,54,body_damage,0.33,fully_functional,5310.0,2650.0,recycle
DEV000256,pc,mid,108700.0,38,63,screen_scratch,0.56,fully_functional,43650.0,3670.0,repair
DEV000257,phone,budget,76200.0,5,100,screen_scratch,0.69,partially_functional,44820.0,2170.0,repair
DEV000258,phone,mid,67900.0,17,88,screen_scratch,0.53,fully_functional,30350.0,2540.0,repair
DEV000259,laptop,mid,26300.0,34,80,screen_scratch,0.57,not_functional,9200.0,810.0,sell
DEV000260,phone,budget,84600.0,58,45,body_damage,0.97,partially_functional,7300.0,14720.0,recycle
DEV000261,pc,budget,118800.0,40,70,none,0.0,fully_functional,66140.0,0.0,repair
DEV000262,phone,premium,165600.0,9,84,port_damage,0.58,partially_functional,86020.0,9090.0,repair
DEV000263,phone,premium,116300.0,10,94,screen_crack,0.75,fully_functional,55800.0,25480.0,sell
DEV000264,monitor,mid,22400.0,62,37,none,0.0,fully_functional,10180.0,0.0,sell
DEV000265,phone,premium,223000.0,72,37,none,0.0,fully_functional,23810.0,0.0,upgrade
DEV000266,phone,premium,46700.0,36,56,none,0.0,fully_functional,15950.0,0.0,upgrade
DEV000267,phone,budget,51900.0,20,85,body_damage,0.29,not_functional,21760.0,4290.0,sell
DEV000268,phone,mid,98200.0,32,58,screen_scratch,0.49,fully_functional,27380.0,3040.0,repair
DEV000269,phone,budget,99700.0,24,63,body_damage,0.46,not_functional,32800.0,13600.0,sell
DEV000270,phone,mid,12500.0,25,67,battery_issue,0.51,fully_functional,4120.0,1040.0,repair
DEV000271,phone,budget,44700.0,14,84,screen_scratch,0.92,partially_functional,15460.0,1270.0,repair
DEV000272,phone,premium,60800.0,38,60,screen_scratch,0.41,fully_functional,14420.0,1660.0,repair
DEV000273,laptop,mid,72700.0,42,60,port_damage,0.57,fully_functional,20370.0,4230.0,repair
DEV000274,tablet,budget,17300.0,18,82,battery_issue,0.19,fully_functional,9600.0,900.0,repair
DEV000275,laptop,budget,125400.0,31,77,screen_crack,0.18,partially_functional,54710.0,19650.0,sell
DEV000276,phone,mid,125500.0,35,73,none,0.0,fully_functional,42260.0,0.0,upgrade
DEV000277,laptop,mid,72800.0,52,38,battery_issue,0.55,fully_functional,16830.0,5110.0,recycle
DEV000278,pc,premium,192800.0,144,15,screen_crack,0.46,partially_functional,20030.0,48080.0,recycle
DEV000279,pc,budget,69300.0,98,15,battery_issue,0.35,fully_functional,13810.0,4510.0,repair
DEV000280,phone,mid,64900.0,7,99,screen_scratch,0.27,partially_functional,47830.0,1430.0,repair
DEV000281,phone,mid,10800.0,59,44,body_damage,0.21,fully_functional,1580.0,980.0,recycle
DEV000282,phone,budget,58500.0,36,71,none,0.0,fully_functional,18260.0,0.0,upgrade
DEV000283,phone,mid,74900.0,20,69,none,0.0,fully_functional,40640.0,0.0,sell
DEV000284,laptop,budget,63500.0,100,15,none,0.0,fully_functional,7840.0,0.0,upgrade
DEV000285,laptop,budget,156000.0,13,93,screen_scratch,0.93,partially_functional,60360.0,8510.0,repair
DEV000286,phone,mid,35600.0,45,54,battery_issue,0.92,partially_functional,4870.0,4730.0,recycle
DEV000287,laptop,premium,71800.0,21,77,battery_issue,0.28,fully_functional,37540.0,3800.0,repair
DEV000288,laptop,budget,68700.0,22,85,screen_crack,0.56,partially_functional,30050.0,16820.0,sell
DEV000289,phone,budget,90100.0,24,65,screen_crack,0.97,partially_functional,22640.0,24960.0,recycle
DEV000290,pc,mid,190500.0,90,15,body_damage,0.52,fully_functional,35870.0,19490.0,upgrade
DEV000291,phone,premium,176700.0,22,79,dead_pixel,0.79,not_functional,50850.0,14250.0,sell
DEV000292,monitor,mid,45500.0,57,46,screen_crack,0.5,partially_functional,15700.0,10960.0,sell
DEV000293,phone,budget,64600.0,2,89,battery_issue,0.94,partially_functional,32950.0,6930.0,repair
DEV000294,pc,mid,100700.0,44,54,dead_pixel,0.8,partially_functional,28790.0,14630.0,sell
DEV000295,monitor,mid,10500.0,141,15,screen_scratch,0.25,partially_functional,1650.0,240.0,repair
DEV000296,monitor,mid,47500.0,80,47,none,0.0,fully_functional,17760.0,0.0,upgrade
DEV000297,pc,budget,107200.0,138,15,screen_scratch,0.35,not_functional,14150.0,3080.0,recycle
DEV000298,pc,budget,110600.0,18,75,port_damage,0.34,partially_functional,63380.0,5010.0,repair
DEV000299,tablet,budget,50300.0,96,18,battery_issue,0.49,not_functional,3830.0,3700.0,recycle
DEV000300,pc,mid,158600.0,64,35,screen_crack,0.19,partially_functional,51870.0,27600.0,sell
DEV000301,phone,budget,31700.0,23,90,battery_issue,0.66,not_functional,10380.0,2820.0,sell
DEV000302,laptop,budget,172000.0,13,85,body_damage,0.7,partially_functional,84490.0,21850.0,repair
DEV000303,laptop,mid,87300.0,11,98,none,0.0,fully_functional,69410.0,0.0,sell
DEV000304,pc,mid,144400.0,72,33,none,0.0,fully_functional,50440.0,0.0,upgrade
DEV000305,laptop,budget,111200.0,9,83,none,0.0,fully_functional,90040.0,0.0,sell
DEV000306,laptop,mid,247300.0,120,15,body_damage,0.92,partially_functional,10710.0,25470.0,recycle
DEV000307,tablet,mid,19500.0,39,74,screen_crack,0.2,fully_functional,7270.0,3740.0,sell
DEV000308,phone,budget,96900.0,17,93,screen_scratch,0.91,not_functional,31490.0,4800.0,sell
DEV000309,phone,premium,156300.0,72,39,screen_scratch,0.3,partially_functional,14860.0,4580.0,repair
DEV000310,laptop,premium,129500.0,84,28,battery_issue,0.51,fully_functional,17170.0,11880.0,recycle
DEV000311,laptop,budget,116500.0,3,91,none,0.0,fully_functional,111220.0,0.0,sell
DEV000312,phone,budget,61800.0,27,81,none,0.0,fully_functional,26100.0,0.0,sell
DEV000313,laptop,budget,101800.0,80,33,port_damage,0.17,fully_functional,17680.0,3100.0,repair
DEV000314,laptop,budget,30000.0,76,20,keyboard_damage,0.78,fully_functional,3300.0,2490.0,upgrade
DEV000315,phone,mid,64300.0,68,37,none,0.0,fully_functional,7810.0,0.0,upgrade
DEV000316,laptop,premium,350100.0,46,43,port_damage,0.46,fully_functional,102850.0,15940.0,repair
DEV000317,tablet,premium,112100.0,17,89,none,0.0,fully_functional,68910.0,0.0,sell
DEV000318,phone,budget,94300.0,13,98,none,0.0,fully_functional,64560.0,0.0,sell
DEV000319,monitor,mid,53800.0,74,31,body_damage,0.69,partially_functional,13230.0,7680.0,sell
DEV000320,monitor,budget,19600.0,55,51,screen_scratch,0.81,partially_functional,5990.0,640.0,repair
DEV000321,laptop,mid,171400.0,27,77,none,0.0,fully_functional,94910.0,0.0,sell
DEV000322,phone,budget,16800.0,51,59,keyboard_damage,0.77,not_functional,2070.0,1050.0,recycle
DEV000323,laptop,premium,155400.0,100,15,none,0.0,fully_functional,18990.0,0.0,upgrade
DEV000324,pc,premium,139200.0,12,88,screen_crack,0.58,fully_functional,85010.0,34440.0,upgrade
DEV000325,tablet,budget,35600.0,47,56,port_damage,0.61,partially_functional,8400.0,2160.0,repair
DEV000326,pc,mid,60900.0,91,20,none,0.0,fully_functional,16120.0,0.0,upgrade
DEV000327,laptop,mid,247800.0,24,86,dead_pixel,0.57,not_functional,113650.0,22490.0,sell
DEV000328,tablet,premium,109900.0,44,50,keyboard_damage,0.87,not_functional,21160.0,12810.0,upgrade
DEV000329,phone,mid,28200.0,29,86,screen_scratch,0.41,partially_functional,9450.0,710.0,repair
DEV000330,tablet,budget,61400.0,56,44,body_damage,0.99,not_functional,8560.0,11730.0,recycle
DEV000331,phone,mid,10200.0,69,37,keyboard_damage,0.82,not_functional,660.0,740.0,recycle
DEV000332,tablet,budget,59000.0,44,65,none,0.0,fully_functional,20990.0,0.0,upgrade
DEV000333,pc,mid,105900.0,99,15,screen_crack,0.41,partially_functional,17620.0,21370.0,recycle
DEV000334,phone,budget,68900.0,19,77,screen_scratch,0.61,not_functional,27550.0,2140.0,sell
DEV000335,tablet,mid,18000.0,11,87,none,0.0,fully_functional,15370.0,0.0,sell
DEV000336,phone,premium,20700.0,12,97,none,0.0,fully_functional,14110.0,0.0,sell
DEV000337,tablet,budget,24200.0,23,70,none,0.0,fully_functional,14250.0,0.0,sell
DEV000338,phone,mid,126600.0,38,62,none,0.0,fully_functional,40550.0,0.0,upgrade
DEV000339,monitor,mid,47400.0,43,65,battery_issue,0.89,not_functional,14410.0,6120.0,sell
DEV000340,phone,budget,43500.0,72,19,body_damage,0.27,not_functional,3750.0,4200.0,recycle
DEV000341,monitor,mid,48900.0,67,33,none,0.0,fully_functional,21270.0,0.0,sell
DEV000342,pc,mid,43500.0,13,90,body_damage,0.69,not_functional,23340.0,6200.0,sell
DEV000343,laptop,budget,118500.0,14,71,screen_crack,0.19,fully_functional,75730.0,16970.0,repair
DEV000344,pc,premium,90600.0,42,63,screen_scratch,0.94,partially_functional,27520.0,3980.0,repair
DEV000345,pc,mid,61200.0,27,71,battery_issue,0.41,fully_functional,31440.0,5460.0,repair
DEV000346,monitor,mid,22600.0,98,15,body_damage,0.67,partially_functional,4070.0,2900.0,upgrade
DEV000347,phone,budget,76800.0,24,74,none,0.0,fully_functional,35550.0,0.0,sell
DEV000348,laptop,budget,29600.0,18,81,screen_crack,0.35,fully_functional,18150.0,4900.0,repair
DEV000349,phone,budget,77000.0,47,51,none,0.0,fully_functional,18010.0,0.0,upgrade
DEV000350,tablet,premium,127900.0,32,73,screen_crack,0.53,partially_functional,46570.0,31650.0,sell
DEV000351,phone,premium,196200.0,0,96,battery_issue,0.44,not_functional,155480.0,17140.0,sell
DEV000352,laptop,premium,127900.0,19,92,none,0.0,fully_functional,83650.0,0.0,sell
DEV000353,laptop,budget,37800.0,19,80,body_damage,0.78,not_functional,15810.0,7840.0,sell
DEV000354,laptop,mid,118500.0,5,100,screen_crack,0.66,partially_functional,71140.0,28610.0,sell
DEV000355,laptop,mid,180800.0,58,43,screen_crack,0.16,not_functional,47750.0,22730.0,upgrade
DEV000356,pc,mid,169000.0,34,72,dead_pixel,0.5,partially_functional,76280.0,19900.0,repair
DEV000357,pc,budget,60600.0,17,94,screen_crack,0.98,partially_functional,25960.0,23420.0,recycle
DEV000358,laptop,premium,140600.0,64,33,screen_scratch,0.46,partially_functional,29610.0,4720.0,repair
DEV000359,laptop,budget,111900.0,26,80,dead_pixel,0.77,fully_functional,38620.0,11910.0,repair
DEV000360,monitor,budget,19600.0,33,73,screen_crack,0.42,fully_functional,10790.0,3550.0,repair
DEV000361,phone,premium,63200.0,1,93,screen_scratch,0.66,fully_functional,40130.0,1660.0,repair
DEV000362,phone,mid,28700.0,23,74,screen_scratch,0.18,fully_functional,13070.0,760.0,repair
DEV000363,phone,budget,27900.0,44,56,none,0.0,fully_functional,7080.0,0.0,upgrade
DEV000364,tablet,mid,64100.0,15,90,battery_issue,0.27,fully_functional,38710.0,3230.0,repair
DEV000365,laptop,premium,242700.0,14,75,port_damage,0.41,partially_functional,134770.0,10870.0,repair
DEV000366,pc,budget,32700.0,59,38,screen_crack,0.86,partially_functional,7400.0,9960.0,recycle
DEV000367,tablet,mid,82300.0,15,100,screen_crack,0.24,fully_functional,54740.0,14740.0,repair
DEV000368,phone,budget,77400.0,72,32,dead_pixel,0.83,not_functional,4810.0,10090.0,recycle
DEV000369,pc,budget,22900.0,59,52,none,0.0,fully_functional,11100.0,0.0,sell
DEV000370,pc,mid,164800.0,12,84,none,0.0,fully_functional,140190.0,0.0,sell
DEV000371,phone,mid,62600.0,17,83,battery_issue,0.95,partially_functional,18110.0,6600.0,sell
DEV000372,laptop,budget,117500.0,11,77,screen_scratch,0.88,not_functional,53610.0,5880.0,sell
DEV000373,phone,mid,137800.0,60,39,port_damage,0.33,fully_functional,17710.0,5710.0,repair
DEV000374,phone,mid,125500.0,48,62,none,0.0,fully_functional,28380.0,0.0,upgrade
DEV000375,phone,mid,56800.0,22,85,dead_pixel,0.87,not_functional,15590.0,7540.0,sell
DEV000376,monitor,mid,46400.0,31,76,screen_scratch,0.38,fully_functional,25330.0,890.0,repair
DEV000377,laptop,premium,194800.0,53,65,none,0.0,fully_functional,70860.0,0.0,sell
DEV000378,laptop,mid,217500.0,31,71,body_damage,0.87,partially_functional,65860.0,38870.0,sell
DEV000379,tablet,mid,29100.0,40,55,body_damage,0.25,partially_functional,10540.0,2770.0,repair
DEV000380,laptop,mid,126300.0,105,15,screen_crack,0.89,partially_functional,8310.0,26340.0,recycle
DEV000381,monitor,mid,14200.0,70,34,none,0.0,fully_functional,5730.0,0.0,sell
DEV000382,pc,budget,60100.0,76,43,dead_pixel,0.92,partially_functional,9120.0,10510.0,recycle
DEV000383,laptop,budget,142500.0,5,99,dead_pixel,0.71,not_functional,80390.0,20590.0,sell
DEV000384,laptop,budget,80700.0,100,15,screen_scratch,0.99,partially_functional,4590.0,3490.0,recycle
DEV000385,monitor,budget,32900.0,86,32,dead_pixel,0.42,fully_functional,9390.0,3580.0,upgrade
DEV000386,tablet,premium,125800.0,30,72,screen_crack,0.26,fully_functional,56410.0,25990.0,sell
DEV000387,monitor,mid,7700.0,108,21,none,0.0,fully_functional,1970.0,0.0,upgrade
DEV000388,phone,mid,54700.0,16,72,keyboard_damage,0.72,partially_functional,19940.0,4800.0,repair
DEV000389,pc,mid,150300.0,144,15,keyboard_damage,0.7,fully_functional,13560.0,12890.0,recycle
DEV000390,tablet,mid,35900.0,53,58,screen_crack,0.29,partially_functional,8830.0,7020.0,upgrade
DEV000391,phone,mid,127000.0,23,90,screen_crack,0.79,partially_functional,36500.0,41100.0,recycle
DEV000392,laptop,mid,94600.0,37,72,screen_scratch,0.68,partially_functional,27360.0,2910.0,repair
DEV000393,tablet,mid,49000.0,34,68,screen_crack,0.73,partially_functional,14310.0,14820.0,recycle
DEV000394,phone,budget,70100.0,72,26,screen_crack,0.34,partially_functional,5650.0,12710.0,recycle
DEV000395,laptop,mid,249000.0,44,63,none,0.0,fully_functional,105060.0,0.0,sell
DEV000396,pc,mid,46200.0,50,45,screen_crack,0.52,fully_functional,15680.0,12730.0,recycle
DEV000397,phone,mid,18100.0,31,65,none,0.0,fully_functional,6280.0,0.0,sell
DEV000398,laptop,premium,348700.0,36,69,dead_pixel,0.57,fully_functional,116730.0,38620.0,repair
DEV000399,laptop,mid,186000.0,16,83,screen_scratch,0.73,partially_functional,80100.0,7010.0,repair
DEV000400,phone,mid,86500.0,11,96,screen_scratch,0.6,not_functional,43680.0,2190.0,sell
DEV000401,monitor,budget,35000.0,48,45,screen_crack,0.43,fully_functional,14990.0,6840.0,sell
DEV000402,pc,mid,61200.0,9,92,body_damage,0.75,fully_functional,33360.0,10250.0,repair
DEV000403,phone,premium,180100.0,28,70,screen_scratch,0.99,partially_functional,36260.0,8070.0,repair
DEV000404,monitor,premium,66000.0,83,24,screen_crack,0.43,not_functional,17820.0,12790.0,upgrade
DEV000405,pc,premium,93200.0,69,25,keyboard_damage,0.35,not_functional,25440.0,4990.0,upgrade
DEV000406,phone,budget,87400.0,58,43,screen_scratch,0.64,fully_functional,9780.0,3470.0,recycle
DEV000407,pc,mid,143100.0,18,76,none,0.0,fully_functional,108980.0,0.0,sell
DEV000408,phone,premium,139600.0,29,85,dead_pixel,0.39,partially_functional,44780.0,12230.0,repair
DEV000409,monitor,mid,7300.0,56,44,keyboard_damage,0.69,not_functional,2120.0,520.0,recycle
DEV000410,tablet,mid,11400.0,36,60,none,0.0,fully_functional,4770.0,0.0,sell
DEV000411,tablet,mid,67600.0,32,61,none,0.0,fully_functional,32010.0,0.0,sell
DEV000412,phone,mid,102800.0,8,76,keyboard_damage,0.39,partially_functional,66680.0,4350.0,repair
DEV000413,pc,budget,70800.0,24,73,port_damage,0.38,fully_functional,37330.0,3740.0,repair
DEV000414,phone,budget,59900.0,48,55,body_damage,0.57,fully_functional,9030.0,7520.0,recycle
DEV000415,phone,premium,126400.0,58,52,screen_scratch,0.28,fully_functional,18840.0,2240.0,repair
DEV000416,phone,premium,211900.0,33,72,keyboard_damage,0.23,partially_functional,68110.0,7410.0,repair
DEV000417,pc,premium,102300.0,44,60,battery_issue,0.93,not_functional,28130.0,14100.0,sell
DEV000418,phone,budget,27600.0,6,95,none,0.0,fully_functional,23750.0,0.0,sell
DEV000419,monitor,budget,5300.0,113,15,screen_crack,0.93,partially_functional,720.0,1420.0,recycle
DEV000420,tablet,budget,13000.0,10,78,keyboard_damage,0.93,fully_functional,5600.0,1380.0,repair
DEV000421,phone,premium,149000.0,43,48,none,0.0,fully_functional,35870.0,0.0,upgrade
DEV000422,phone,mid,82600.0,26,82,screen_crack,0.51,partially_functional,28490.0,17650.0,sell
DEV000423,phone,premium,200200.0,52,45,screen_crack,0.52,fully_functional,29910.0,46940.0,recycle
DEV000424,tablet,budget,40200.0,19,81,none,0.0,fully_functional,25510.0,0.0,sell
DEV000425,pc,mid,84300.0,77,35,none,0.0,fully_functional,27350.0,0.0,upgrade
DEV000426,phone,mid,106800.0,23,79,keyboard_damage,0.57,not_functional,36230.0,5640.0,sell
DEV000427,pc,budget,139300.0,52,45,none,0.0,fully_functional,59270.0,0.0,sell
DEV000428,phone,premium,211200.0,4,99,none,0.0,fully_functional,192290.0,0.0,sell
DEV000429,pc,mid,90400.0,54,44,keyboard_damage,0.16,partially_functional,37800.0,5130.0,repair
DEV000430,monitor,budget,32800.0,50,57,none,0.0,fully_functional,17990.0,0.0,sell
DEV000431,pc,budget,129200.0,4,97,screen_scratch,0.83,partially_functional,66780.0,5790.0,repair
DEV000432,tablet,premium,115800.0,45,50,screen_scratch,0.65,partially_functional,28590.0,4040.0,repair
DEV000433,pc,mid,103700.0,47,45,keyboard_damage,0.6,partially_functional,35460.0,7250.0,repair
DEV000434,phone,mid,17800.0,19,77,screen_scratch,0.73,partially_functional,6500.0,770.0,repair
DEV000435,phone,mid,25400.0,14,100,battery_issue,0.91,not_functional,8900.0,2570.0,sell
DEV000436,phone,mid,50100.0,63,35,body_damage,0.82,partially_functional,4150.0,7630.0,recycle
DEV000437,laptop,mid,241100.0,6,100,body_damage,0.27,not_functional,193550.0,19970.0,sell
DEV000438,tablet,premium,108500.0,31,75,dead_pixel,0.24,fully_functional,44370.0,9720.0,repair
DEV000439,tablet,budget,7300.0,6,99,none,0.0,fully_functional,6610.0,0.0,sell
DEV000440,pc,mid,39200.0,16,84,screen_scratch,0.44,partially_functional,22830.0,920.0,repair
DEV000441,phone,budget,63900.0,42,64,screen_scratch,0.29,partially_functional,14840.0,1600.0,repair
DEV000442,tablet,budget,10700.0,52,56,none,0.0,fully_functional,3640.0,0.0,upgrade
DEV000443,phone,mid,66900.0,61,44,port_damage,0.65,not_functional,6760.0,2930.0,recycle
DEV000444,phone,premium,73800.0,58,46,keyboard_damage,0.19,fully_functional,10750.0,3690.0,repair
DEV000445,tablet,budget,36500.0,66,38,port_damage,0.83,not_functional,4260.0,2400.0,upgrade
DEV000446,monitor,mid,25700.0,112,15,screen_crack,0.94,fully_functional,3350.0,7590.0,recycle
DEV000447,tablet,mid,25600.0,69,30,battery_issue,0.66,not_functional,3350.0,2870.0,recycle
DEV000448,phone,budget,92400.0,51,40,body_damage,0.81,not_functional,9560.0,16990.0,recycle
DEV000449,tablet,mid,79300.0,32,66,screen_crack,0.25,fully_functional,30970.0,10400.0,repair
DEV000450,phone,premium,95400.0,38,67,none,0.0,fully_functional,30610.0,0.0,upgrade
DEV000451,pc,budget,114700.0,53,47,battery_issue,0.18,partially_functional,49440.0,6880.0,repair
DEV000452,tablet,budget,30800.0,36,69,screen_crack,0.28,fully_functional,11690.0,3560.0,repair
DEV000453,phone,premium,51900.0,23,76,screen_scratch,0.29,fully_functional,22580.0,1330.0,repair
DEV000454,phone,budget,13900.0,3,95,none,0.0,fully_functional,12640.0,0.0,sell
DEV000455,phone,budget,91800.0,37,72,screen_scratch,0.17,fully_functional,25980.0,2160.0,repair
DEV000456,monitor,premium,47500.0,92,20,screen_scratch,0.27,partially_functional,13790.0,960.0,repair
DEV000457,laptop,premium,241000.0,59,49,battery_issue,0.55,fully_functional,47270.0,20620.0,upgrade
DEV000458,pc,mid,135000.0,54,48,port_damage,0.39,partially_functional,48960.0,5530.0,repair
DEV000459,tablet,mid,83600.0,10,100,dead_pixel,0.23,partially_functional,58690.0,5520.0,repair
DEV000460,laptop,premium,253700.0,19,96,screen_scratch,0.41,fully_functional,140120.0,4650.0,repair
DEV000461,phone,mid,129800.0,6,100,screen_scratch,0.86,partially_functional,67560.0,6140.0,repair
DEV000462,monitor,mid,16700.0,69,44,dead_pixel,0.8,not_functional,4190.0,2550.0,sell
DEV000463,phone,premium,222200.0,28,70,none,0.0,fully_functional,90120.0,0.0,sell
DEV000464,laptop,mid,93300.0,12,82,none,0.0,fully_functional,69280.0,0.0,sell
DEV000465,tablet,mid,56100.0,47,65,screen_scratch,0.51,fully_functional,14930.0,1510.0,repair
DEV000466,tablet,budget,45600.0,31,67,screen_scratch,0.43,fully_functional,16480.0,1480.0,repair
DEV000467,monitor,mid,30000.0,95,20,port_damage,0.47,partially_functional,6770.0,1510.0,repair
DEV000468,phone,mid,116200.0,27,62,screen_scratch,0.95,not_functional,25020.0,5100.0,sell
DEV000469,laptop,budget,42100.0,38,59,body_damage,0.21,fully_functional,15980.0,4380.0,repair
DEV000470,laptop,mid,72800.0,76,34,keyboard_damage,0.45,partially_functional,10600.0,3340.0,repair
DEV000471,laptop,premium,137600.0,92,21,screen_scratch,0.2,partially_functional,17860.0,2050.0,repair
DEV000472,phone,mid,77000.0,63,45,none,0.0,fully_functional,10580.0,0.0,upgrade
DEV000473,phone,budget,10600.0,10,84,dead_pixel,0.2,fully_functional,6940.0,720.0,repair
DEV000474,phone,budget,58400.0,7,100,none,0.0,fully_functional,42840.0,0.0,sell
DEV000475,phone,budget,68900.0,0,94,none,0.0,fully_functional,66330.0,0.0,sell
DEV000476,laptop,mid,91800.0,22,78,screen_crack,0.33,not_functional,50220.0,17680.0,sell
DEV000477,tablet,mid,20200.0,11,88,none,0.0,fully_functional,14360.0,0.0,sell
DEV000478,tablet,budget,46000.0,40,67,body_damage,0.6,partially_functional,14190.0,5070.0,sell
DEV000479,laptop,premium,329800.0,88,21,dead_pixel,0.75,not_functional,32490.0,38690.0,recycle
DEV000480,laptop,budget,141300.0,71,40,dead_pixel,0.87,partially_functional,17960.0,20230.0,recycle
DEV000481,phone,budget,41700.0,47,63,dead_pixel,0.99,not_functional,4970.0,7250.0,recycle
DEV000482,laptop,premium,305000.0,5,100,screen_scratch,0.82,partially_functional,157860.0,13730.0,repair
DEV000483,phone,mid,127600.0,12,89,screen_scratch,0.82,not_functional,55620.0,4680.0,sell
DEV000484,phone,mid,51900.0,20,70,dead_pixel,0.27,partially_functional,23430.0,4310.0,repair
DEV000485,laptop,premium,238000.0,81,32,screen_scratch,0.9,not_functional,24080.0,9220.0,upgrade
DEV000486,laptop,premium,302300.0,33,81,battery_issue,0.6,partially_functional,115430.0,24960.0,repair
DEV000487,phone,budget,99100.0,50,72,screen_scratch,0.78,partially_functional,13690.0,3630.0,repair
DEV000488,laptop,mid,144500.0,71,40,screen_crack,0.82,fully_functional,18660.0,37920.0,recycle
DEV000489,laptop,mid,94000.0,120,15,none,0.0,fully_functional,7930.0,0.0,upgrade
DEV000490,tablet,budget,35000.0,44,54,battery_issue,0.74,not_functional,8060.0,3960.0,repair
DEV000491,tablet,premium,42900.0,50,49,screen_scratch,0.41,partially_functional,10580.0,1100.0,repair
DEV000492,tablet,mid,38300.0,12,90,body_damage,0.8,partially_functional,16370.0,6130.0,sell
DEV000493,phone,premium,215300.0,34,72,none,0.0,fully_functional,80590.0,0.0,upgrade
DEV000494,pc,mid,135900.0,144,15,body_damage,0.81,partially_functional,10710.0,18360.0,recycle
DEV000495,laptop,mid,29800.0,26,72,none,0.0,fully_functional,16740.0,0.0,sell
DEV000496,laptop,budget,57800.0,80,28,none,0.0,fully_functional,10980.0,0.0,upgrade
DEV000497,tablet,premium,53600.0,27,74,none,0.0,fully_functional,28020.0,0.0,sell
DEV000498,laptop,mid,152500.0,51,48,none,0.0,fully_functional,47230.0,0.0,sell
DEV000499,laptop,budget,167600.0,68,48,none,0.0,fully_functional,41250.0,0.0,upgrade
DEV000500,tablet,budget,11300.0,96,15,none,0.0,fully_functional,1250.0,0.0,upgrade
DEV000501,pc,mid,33900.0,38,66,screen_scratch,0.54,fully_functional,13900.0,1120.0,repair
DEV000502,monitor,budget,15100.0,13,89,dead_pixel,0.56,fully_functional,9150.0,1670.0,repair
DEV000503,laptop,mid,33400.0,120,15,none,0.0,fully_functional,2800.0,0.0,upgrade
DEV000504,laptop,mid,87900.0,44,63,screen_crack,0.9,not_functional,19290.0,25300.0,recycle
DEV000505,pc,budget,123700.0,30,73,screen_crack,0.33,fully_functional,66760.0,22580.0,repair
DEV000506,phone,mid,104700.0,66,47,body_damage,0.68,partially_functional,9300.0,15880.0,recycle
DEV000507,pc,budget,81200.0,29,66,screen_crack,0.36,fully_functional,43810.0,13380.0,repair
DEV000508,laptop,premium,161500.0,94,33,battery_issue,0.15,fully_functional,23910.0,10210.0,recycle
DEV000509,phone,premium,167100.0,31,74,screen_crack,0.82,partially_functional,41090.0,53530.0,recycle
DEV000510,phone,budget,99000.0,5,83,dead_pixel,0.59,fully_functional,55160.0,6900.0,repair
DEV000511,pc,mid,140100.0,36,73,none,0.0,fully_functional,82660.0,0.0,sell
DEV000512,phone,mid,123100.0,72,33,body_damage,0.32,not_functional,11110.0,15980.0,recycle
DEV000513,phone,premium,60900.0,28,87,screen_scratch,0.87,not_functional,13640.0,2640.0,sell
DEV000514,phone,budget,28600.0,7,95,none,0.0,fully_functional,23520.0,0.0,sell
DEV000515,phone,mid,132700.0,22,75,port_damage,0.79,not_functional,38170.0,9380.0,sell
DEV000516,phone,premium,115100.0,19,92,dead_pixel,0.81,fully_functional,38970.0,10290.0,recycle
DEV000517,tablet,budget,30400.0,9,96,battery_issue,0.71,partially_functional,16210.0,3060.0,repair
DEV000518,phone,mid,52200.0,30,65,screen_crack,0.54,fully_functional,13300.0,11040.0,recycle
DEV000519,pc,budget,71000.0,76,29,screen_crack,0.71,not_functional,16180.0,19020.0,recycle
DEV000520,pc,mid,121600.0,28,82,keyboard_damage,0.3,partially_functional,68050.0,4670.0,repair
DEV000521,laptop,budget,144000.0,42,47,dead_pixel,0.55,fully_functional,44000.0,14140.0,repair
DEV000522,phone,premium,194500.0,5,92,battery_issue,0.96,partially_functional,78890.0,13820.0,repair
DEV000523,tablet,mid,74000.0,33,76,port_damage,0.44,not_functional,26680.0,3160.0,sell
DEV000524,phone,budget,9200.0,30,67,dead_pixel,0.67,partially_functional,2450.0,1100.0,sell
DEV000525,laptop,premium,47300.0,33,71,screen_scratch,0.26,partially_functional,20420.0,1260.0,repair
DEV000526,monitor,premium,29600.0,106,15,keyboard_damage,0.2,partially_functional,7130.0,1700.0,repair
DEV000527,monitor,mid,36700.0,51,64,battery_issue,0.75,partially_functional,12670.0,3220.0,repair
DEV000528,pc,mid,168600.0,10,73,none,0.0,fully_functional,131890.0,0.0,sell
DEV000529,phone,budget,29800.0,69,32,screen_crack,0.48,partially_functional,2700.0,6100.0,recycle
DEV000530,tablet,mid,16000.0,57,59,dead_pixel,0.58,fully_functional,3250.0,1650.0,upgrade
DEV000531,tablet,budget,51200.0,7,92,battery_issue,0.73,not_functional,25600.0,5110.0,sell
DEV000532,laptop,budget,160200.0,70,39,none,0.0,fully_functional,36960.0,0.0,upgrade
DEV000533,tablet,premium,130800.0,89,23,keyboard_damage,0.34,not_functional,14300.0,8440.0,recycle
DEV000534,phone,mid,18300.0,42,83,battery_issue,0.6,not_functional,3680.0,1540.0,upgrade
DEV000535,phone,budget,25800.0,29,63,screen_crack,0.51,not_functional,7530.0,4750.0,sell
DEV000536,laptop,budget,57000.0,44,65,port_damage,0.52,fully_functional,17420.0,2990.0,repair
DEV000537,phone,premium,17800.0,36,51,body_damage,0.31,partially_functional,4250.0,1450.0,repair
DEV000538,phone,budget,72700.0,22,70,screen_scratch,0.77,not_functional,21600.0,2620.0,sell
DEV000539,pc,budget,114100.0,64,51,screen_scratch,0.18,partially_functional,40200.0,2700.0,repair
DEV000540,monitor,budget,25500.0,78,39,screen_scratch,0.59,partially_functional,6970.0,800.0,repair
DEV000541,laptop,budget,134100.0,28,84,none,0.0,fully_functional,74730.0,0.0,sell
DEV000542,pc,budget,48800.0,42,57,keyboard_damage,0.18,fully_functional,25600.0,1930.0,repair
DEV000543,monitor,premium,9600.0,13,82,screen_scratch,1.0,partially_functional,3870.0,450.0,repair
DEV000544,phone,budget,91600.0,72,15,keyboard_damage,0.66,not_functional,5590.0,5710.0,repair
DEV000545,laptop,mid,191900.0,40,54,none,0.0,fully_functional,85030.0,0.0,sell
DEV000546,laptop,mid,116200.0,66,28,none,0.0,fully_functional,28330.0,0.0,upgrade
DEV000547,phone,mid,27200.0,8,90,screen_crack,0.18,not_functional,19520.0,3580.0,sell
DEV000548,pc,mid,78800.0,73,15,screen_crack,0.36,partially_functional,19720.0,15090.0,upgrade
DEV000549,laptop,mid,120200.0,82,40,screen_scratch,0.96,not_functional,11370.0,5920.0,recycle
DEV000550,laptop,mid,67800.0,57,50,screen_scratch,0.44,fully_functional,16350.0,1970.0,repair
DEV000551,phone,mid,133300.0,36,74,body_damage,0.69,not_functional,28170.0,20500.0,upgrade
DEV000552,phone,mid,22400.0,24,75,body_damage,0.94,partially_functional,6060.0,3160.0,sell
DEV000553,monitor,mid,45400.0,168,15,none,0.0,fully_functional,6330.0,0.0,upgrade
DEV000554,phone,mid,124300.0,61,36,screen_crack,0.74,partially_functional,11050.0,35120.0,recycle
DEV000555,phone,budget,29700.0,19,74,dead_pixel,0.89,partially_functional,8690.0,4160.0,sell
DEV000556,phone,mid,8500.0,30,66,screen_scratch,0.92,partially_functional,1650.0,300.0,repair
DEV000557,laptop,mid,183700.0,33,75,none,0.0,fully_functional,96710.0,0.0,sell
DEV000558,laptop,budget,157200.0,120,15,none,0.0,fully_functional,12730.0,0.0,upgrade
DEV000559,laptop,premium,353600.0,28,75,none,0.0,fully_functional,195420.0,0.0,sell
DEV000560,phone,budget,36600.0,29,83,body_damage,0.29,partially_functional,14690.0,4560.0,repair
DEV000561,phone,budget,67400.0,29,69,battery_issue,0.63,partially_functional,16720.0,5100.0,repair
DEV000562,pc,premium,62100.0,100,15,none,0.0,fully_functional,13770.0,0.0,upgrade
DEV000563,tablet,budget,42800.0,20,73,screen_scratch,0.8,partially_functional,14680.0,1410.0,repair
DEV000564,tablet,mid,10400.0,66,28,none,0.0,fully_functional,2090.0,0.0,upgrade
DEV000565,tablet,budget,42700.0,68,27,screen_scratch,0.76,not_functional,5200.0,1520.0,recycle
DEV000566,pc,premium,258400.0,3,98,screen_scratch,0.36,fully_functional,189880.0,7080.0,repair
DEV000567,phone,mid,125600.0,31,65,screen_crack,0.54,partially_functional,34720.0,20170.0,sell
DEV000568,laptop,mid,111700.0,5,83,dead_pixel,0.42,fully_functional,82090.0,9760.0,repair
DEV000569,laptop,mid,163700.0,14,86,port_damage,0.69,partially_functional,80980.0,9900.0,repair
DEV000570,phone,mid,143500.0,42,51,screen_crack,0.83,fully_functional,22640.0,43280.0,recycle
DEV000571,pc,premium,103200.0,45,63,screen_crack,0.38,partially_functional,46670.0,20960.0,sell
DEV000572,laptop,premium,286800.0,120,15,screen_crack,0.7,fully_functional,16180.0,77510.0,recycle
DEV000573,pc,mid,149100.0,74,36,screen_scratch,0.63,not_functional,29800.0,6010.0,upgrade
DEV000574,pc,premium,273200.0,3,100,body_damage,0.16,fully_functional,244570.0,25950.0,repair
DEV000575,laptop,mid,140200.0,38,56,none,0.0,fully_functional,53390.0,0.0,sell
DEV000576,monitor,budget,15300.0,30,73,keyboard_damage,0.75,partially_functional,6270.0,1060.0,repair
DEV000577,laptop,budget,30100.0,98,15,battery_issue,0.78,partially_functional,2130.0,3180.0,recycle
DEV000578,pc,mid,141500.0,63,47,keyboard_damage,0.3,partially_functional,47920.0,7610.0,repair
DEV000579,phone,budget,65200.0,50,69,screen_scratch,0.68,not_functional,9010.0,2320.0,recycle
DEV000580,laptop,mid,183300.0,33,78,none,0.0,fully_functional,95430.0,0.0,sell
DEV000581,laptop,budget,78400.0,120,15,none,0.0,fully_functional,6860.0,0.0,upgrade
DEV000582,phone,mid,35600.0,19,76,body_damage,0.95,not_functional,9630.0,6560.0,sell
DEV000583,laptop,budget,27000.0,76,32,screen_scratch,0.98,partially_functional,2790.0,1520.0,upgrade
DEV000584,monitor,premium,84900.0,59,58,keyboard_damage,0.8,not_functional,21380.0,5880.0,sell
DEV000585,tablet,budget,35200.0,72,25,port_damage,0.98,partially_functional,3010.0,2700.0,recycle
DEV000586,phone,budget,41000.0,33,86,body_damage,0.76,not_functional,10140.0,6600.0,upgrade
DEV000587,phone,mid,63700.0,72,45,none,0.0,fully_functional,6580.0,0.0,upgrade
DEV000588,phone,mid,114500.0,16,85,none,0.0,fully_functional,67590.0,0.0,upgrade
DEV000589,phone,mid,132300.0,71,33,screen_scratch,0.88,partially_functional,7560.0,5710.0,recycle
DEV000590,monitor,mid,36600.0,51,70,body_damage,0.35,fully_functional,15030.0,3490.0,repair
DEV000591,laptop,budget,167500.0,45,62,dead_pixel,0.25,fully_functional,54380.0,12610.0,repair
DEV000592,phone,premium,115800.0,46,60,screen_crack,0.7,partially_functional,17930.0,30760.0,recycle
DEV000593,laptop,mid,147600.0,41,67,screen_crack,0.75,not_functional,38710.0,34150.0,recycle
DEV000594,phone,budget,58000.0,38,57,screen_crack,0.49,not_functional,13660.0,11810.0,recycle
DEV000595,phone,mid,84900.0,4,100,none,0.0,fully_functional,73440.0,0.0,sell
DEV000596,tablet,mid,36900.0,24,75,none,0.0,fully_functional,21010.0,0.0,sell
DEV000597,tablet,mid,27600.0,15,74,battery_issue,0.19,not_functional,16550.0,1630.0,sell
DEV000598,monitor,mid,53100.0,148,15,none,0.0,fully_functional,9360.0,0.0,upgrade
DEV000599,tablet,mid,59400.0,61,50,port_damage,1.0,partially_functional,6830.0,5040.0,upgrade
DEV000600,laptop,mid,55100.0,92,17,screen_crack,0.23,fully_functional,7050.0,9060.0,recycle
DEV000601,pc,budget,139600.0,23,72,screen_crack,0.19,partially_functional,89440.0,27540.0,repair
DEV000602,monitor,budget,6400.0,114,15,keyboard_damage,0.64,partially_functional,990.0,460.0,recycle
DEV000603,tablet,premium,101700.0,60,51,none,0.0,fully_functional,25680.0,0.0,upgrade
DEV000604,monitor,mid,52900.0,28,77,port_damage,0.96,partially_functional,19700.0,3640.0,upgrade
DEV000605,pc,mid,143600.0,45,53,none,0.0,fully_functional,69170.0,0.0,sell
DEV000606,pc,budget,120800.0,57,55,none,0.0,fully_functional,50640.0,0.0,sell
DEV000607,phone,mid,108700.0,13,82,screen_crack,0.3,partially_functional,56710.0,20500.0,sell
DEV000608,tablet,budget,36000.0,35,71,body_damage,0.7,partially_functional,11600.0,6940.0,sell
DEV000609,laptop,budget,101900.0,65,30,none,0.0,fully_functional,24140.0,0.0,upgrade
DEV000610,laptop,budget,145400.0,32,68,dead_pixel,0.27,partially_functional,59680.0,13860.0,repair
DEV000611,tablet,mid,29600.0,96,21,dead_pixel,0.65,not_functional,2000.0,4210.0,recycle
DEV000612,monitor,mid,29800.0,134,15,screen_scratch,0.17,fully_functional,5070.0,580.0,repair
DEV000613,monitor,budget,19300.0,125,15,battery_issue,0.88,partially_functional,2320.0,1530.0,recycle
DEV000614,phone,budget,90500.0,8,86,none,0.0,fully_functional,68200.0,0.0,sell
DEV000615,tablet,mid,32400.0,56,37,body_damage,0.38,partially_functional,6990.0,3390.0,upgrade
DEV000616,tablet,mid,42300.0,15,80,screen_crack,0.9,fully_functional,16730.0,12700.0,sell
DEV000617,phone,mid,23300.0,65,41,keyboard_damage,0.27,fully_functional,2600.0,1190.0,recycle
DEV000618,phone,budget,34700.0,17,95,none,0.0,fully_functional,20960.0,0.0,sell
DEV000619,phone,mid,13300.0,19,89,dead_pixel,0.99,not_functional,4080.0,1520.0,sell
DEV000620,pc,premium,46000.0,33,73,dead_pixel,0.56,partially_functional,21190.0,4810.0,repair
DEV000621,laptop,mid,34600.0,120,15,none,0.0,fully_functional,2970.0,0.0,upgrade
DEV000622,monitor,budget,12900.0,45,72,none,0.0,fully_functional,7390.0,0.0,sell
DEV000623,laptop,mid,167900.0,29,76,port_damage,0.62,not_functional,65630.0,11240.0,sell
DEV000624,monitor,budget,19500.0,131,15,body_damage,0.56,fully_functional,2850.0,1770.0,recycle
DEV000625,laptop,budget,25400.0,16,90,none,0.0,fully_functional,18710.0,0.0,sell
DEV000626,pc,budget,30200.0,90,24,battery_issue,0.73,partially_functional,5170.0,2810.0,upgrade
DEV000627,phone,premium,158400.0,20,83,battery_issue,0.46,fully_functional,66660.0,12540.0,repair
DEV000628,laptop,mid,179200.0,40,56,none,0.0,fully_functional,69500.0,0.0,sell
DEV000629,pc,premium,83100.0,113,15,port_damage,0.73,not_functional,10080.0,4540.0,recycle
DEV000630,monitor,mid,18900.0,26,88,none,0.0,fully_functional,13250.0,0.0,sell
DEV000631,pc,mid,146000.0,117,15,body_damage,0.34,fully_functional,22680.0,16000.0,recycle
DEV000632,phone,budget,63800.0,72,37,none,0.0,fully_functional,6170.0,0.0,upgrade
DEV000633,laptop,mid,209000.0,22,88,dead_pixel,0.56,fully_functional,97130.0,23320.0,repair
DEV000634,phone,budget,53100.0,29,84,keyboard_damage,0.77,not_functional,13680.0,3400.0,sell
DEV000635,phone,mid,116100.0,45,60,screen_crack,0.2,fully_functional,24150.0,21180.0,recycle
DEV000636,tablet,budget,35100.0,38,69,none,0.0,fully_functional,14710.0,0.0,sell
DEV000637,tablet,budget,28600.0,15,89,dead_pixel,0.5,partially_functional,15910.0,2540.0,repair
DEV000638,pc,mid,144400.0,27,74,body_damage,0.27,partially_functional,80820.0,15560.0,repair
DEV000639,pc,budget,128100.0,78,40,none,0.0,fully_functional,41560.0,0.0,upgrade
DEV000640,tablet,budget,45200.0,95,19,dead_pixel,0.71,partially_functional,3320.0,4700.0,recycle
DEV000641,pc,premium,225000.0,37,64,screen_scratch,0.76,partially_functional,75360.0,9400.0,repair
DEV000642,phone,budget,96200.0,56,63,body_damage,0.97,partially_functional,9000.0,18830.0,recycle
DEV000643,phone,budget,69100.0,44,56,none,0.0,fully_functional,17010.0,0.0,upgrade
DEV000644,tablet,budget,49200.0,53,55,body_damage,0.85,not_functional,8380.0,5080.0,upgrade
DEV000645,pc,budget,113200.0,42,58,battery_issue,0.85,not_functional,31510.0,11510.0,sell
DEV000646,phone,mid,50100.0,15,73,keyboard_damage,0.7,not_functional,18170.0,3220.0,sell
DEV000647,laptop,budget,114400.0,80,27,keyboard_damage,0.29,fully_functional,18950.0,5950.0,repair
DEV000648,tablet,mid,68100.0,15,91,screen_scratch,0.2,fully_functional,45710.0,1290.0,repair
DEV000649,phone,mid,138900.0,53,66,none,0.0,fully_functional,27990.0,0.0,upgrade
DEV000650,laptop,budget,135800.0,76,29,battery_issue,0.82,fully_functional,16570.0,18270.0,recycle
DEV000651,pc,premium,261600.0,66,37,none,0.0,fully_functional,89290.0,0.0,upgrade
DEV000652,tablet,premium,24200.0,71,32,body_damage,0.15,fully_functional,4200.0,1460.0,repair
DEV000653,phone,budget,18100.0,10,85,none,0.0,fully_functional,12800.0,0.0,sell
DEV000654,pc,budget,28300.0,32,72,none,0.0,fully_functional,16940.0,0.0,sell
DEV000655,phone,budget,38800.0,72,35,body_damage,0.49,partially_functional,2880.0,4530.0,recycle
DEV000656,pc,budget,66100.0,19,94,none,0.0,fully_functional,55000.0,0.0,recycle
DEV000657,phone,mid,139700.0,14,91,screen_scratch,0.96,not_functional,46000.0,4400.0,sell
DEV000658,laptop,mid,72100.0,85,20,none,0.0,fully_functional,11960.0,0.0,upgrade
DEV000659,laptop,mid,84900.0,4,100,battery_issue,0.51,not_functional,59800.0,6770.0,sell
DEV000660,phone,budget,57700.0,32,76,battery_issue,0.81,partially_functional,13510.0,5640.0,sell
DEV000661,pc,budget,118500.0,11,76,body_damage,0.84,fully_functional,57900.0,18130.0,repair
DEV000662,phone,premium,100000.0,23,74,dead_pixel,0.58,fully_functional,33540.0,11410.0,repair
DEV000663,phone,premium,25200.0,22,82,battery_issue,0.36,not_functional,9800.0,2200.0,sell
DEV000664,phone,budget,65900.0,11,100,none,0.0,fully_functional,50370.0,0.0,sell
DEV000665,tablet,mid,49300.0,5,90,none,0.0,fully_functional,45870.0,0.0,sell
DEV000666,pc,mid,61200.0,19,85,keyboard_damage,0.17,fully_functional,47750.0,2420.0,repair
DEV000667,monitor,mid,16000.0,82,22,none,0.0,fully_functional,5640.0,0.0,upgrade
DEV000668,phone,mid,145200.0,32,64,none,0.0,fully_functional,50530.0,0.0,sell
DEV000669,laptop,premium,192700.0,22,88,battery_issue,0.81,partially_functional,72230.0,19670.0,repair
DEV000670,phone,budget,67200.0,47,64,keyboard_damage,0.57,not_functional,10110.0,4920.0,recycle
DEV000671,laptop,budget,22300.0,38,87,screen_scratch,0.85,fully_functional,5930.0,1260.0,repair
DEV000672,monitor,premium,85400.0,81,30,none,0.0,fully_functional,27990.0,0.0,upgrade
DEV000673,tablet,budget,20800.0,13,92,none,0.0,fully_functional,16070.0,0.0,sell
DEV000674,laptop,budget,161700.0,16,98,dead_pixel,0.48,fully_functional,95720.0,14790.0,repair
DEV000675,laptop,mid,128200.0,49,61,dead_pixel,0.85,not_functional,29750.0,14880.0,sell
DEV000676,monitor,mid,56300.0,165,15,body_damage,0.35,partially_functional,7610.0,5850.0,recycle
DEV000677,laptop,mid,204900.0,120,15,none,0.0,fully_functional,17480.0,0.0,upgrade
DEV000678,phone,mid,132700.0,24,80,screen_crack,0.58,not_functional,43490.0,42230.0,recycle
DEV000679,laptop,mid,109900.0,50,66,body_damage,0.53,partially_functional,28680.0,12520.0,sell
DEV000680,phone,budget,46600.0,20,99,keyboard_damage,0.46,partially_functional,19570.0,2710.0,repair
DEV000681,phone,mid,18100.0,8,87,dead_pixel,0.92,not_functional,8360.0,2680.0,sell
DEV000682,phone,mid,130400.0,29,89,body_damage,0.5,fully_functional,35750.0,12890.0,sell
DEV000683,laptop,premium,281100.0,102,28,none,0.0,fully_functional,37360.0,0.0,upgrade
DEV000684,tablet,budget,61200.0,22,84,keyboard_damage,0.78,not_functional,21720.0,5050.0,sell
DEV000685,phone,budget,54800.0,35,72,screen_crack,0.22,fully_functional,16210.0,8360.0,upgrade
DEV000686,laptop,mid,237700.0,16,94,screen_scratch,0.64,partially_functional,103380.0,8620.0,repair
DEV000687,monitor,budget,17900.0,104,15,keyboard_damage,0.91,not_functional,2690.0,1500.0,upgrade
DEV000688,pc,budget,52000.0,16,75,none,0.0,fully_functional,41220.0,0.0,sell
DEV000689,laptop,premium,299700.0,120,15,screen_scratch,0.86,partially_functional,13600.0,11050.0,recycle
DEV000690,phone,mid,9600.0,53,45,battery_issue,0.39,fully_functional,1510.0,700.0,recycle
DEV000691,pc,budget,135800.0,71,47,none,0.0,fully_functional,50680.0,0.0,upgrade
DEV000692,phone,budget,25900.0,6,100,keyboard_damage,0.15,fully_functional,19670.0,890.0,recycle
DEV000693,phone,budget,64200.0,11,89,screen_crack,0.53,fully_functional,29960.0,15230.0,sell
DEV000694,monitor,mid,31100.0,53,66,none,0.0,fully_functional,16220.0,0.0,sell
DEV000695,laptop,mid,224100.0,32,81,screen_scratch,0.66,partially_functional,83300.0,9280.0,repair
DEV000696,tablet,budget,62800.0,6,96,screen_scratch,0.63,partially_functional,35930.0,1750.0,repair
DEV000697,laptop,budget,24500.0,120,15,screen_crack,0.99,not_functional,1100.0,5990.0,recycle
DEV000698,tablet,budget,62500.0,12,85,screen_scratch,0.64,not_functional,30480.0,1990.0,sell
DEV000699,phone,budget,54500.0,6,87,body_damage,0.45,fully_functional,34080.0,6450.0,repair
DEV000700,phone,budget,73400.0,39,59,none,0.0,fully_functional,20480.0,0.0,sell
DEV000701,phone,mid,28100.0,68,43,none,0.0,fully_functional,3400.0,0.0,upgrade
DEV000702,phone,budget,64500.0,40,87,screen_crack,0.46,partially_functional,15960.0,13200.0,recycle
DEV000703,pc,budget,72700.0,25,75,screen_scratch,0.81,partially_functional,32000.0,2790.0,repair
DEV000704,phone,mid,140400.0,23,78,screen_scratch,0.67,partially_functional,45850.0,4860.0,repair
DEV000705,laptop,mid,39900.0,83,15,battery_issue,0.4,fully_functional,4860.0,3630.0,recycle
DEV000706,pc,budget,48500.0,144,15,battery_issue,0.57,fully_functional,4690.0,3920.0,recycle
DEV000707,pc,budget,93900.0,15,96,none,0.0,fully_functional,76250.0,0.0,sell
DEV000708,laptop,budget,170900.0,66,34,screen_crack,0.6,partially_functional,28470.0,54010.0,recycle
DEV000709,laptop,budget,62800.0,15,81,none,0.0,fully_functional,45340.0,0.0,sell
DEV000710,monitor,mid,34600.0,168,15,body_damage,0.2,partially_functional,4410.0,3340.0,recycle
DEV000711,tablet,budget,36700.0,22,79,screen_crack,0.95,not_functional,11340.0,10730.0,recycle
DEV000712,pc,mid,113000.0,36,72,none,0.0,fully_functional,68970.0,0.0,sell
DEV000713,monitor,mid,23800.0,16,89,none,0.0,fully_functional,19990.0,0.0,sell
DEV000714,pc,budget,121800.0,17,84,dead_pixel,0.16,not_functional,89410.0,8010.0,sell
DEV000715,phone,budget,58400.0,18,73,dead_pixel,0.66,partially_functional,22520.0,9680.0,sell
DEV000716,laptop,budget,135600.0,35,76,none,0.0,fully_functional,59290.0,0.0,sell
DEV000717,phone,budget,101000.0,35,73,screen_scratch,0.95,partially_functional,17680.0,4940.0,repair
DEV000718,tablet,mid,79000.0,45,66,screen_crack,0.5,not_functional,21270.0,17950.0,recycle
DEV000719,monitor,budget,39300.0,74,36,screen_scratch,0.71,not_functional,9610.0,1330.0,sell
DEV000720,laptop,premium,76200.0,21,84,battery_issue,0.51,fully_functional,35310.0,7370.0,repair
DEV000721,laptop,mid,199700.0,69,39,body_damage,0.99,fully_functional,22760.0,33770.0,recycle
DEV000722,phone,mid,74000.0,11,79,screen_scratch,0.7,partially_functional,33840.0,2690.0,repair
DEV000723,monitor,mid,59200.0,17,97,none,0.0,fully_functional,50590.0,0.0,sell
DEV000724,phone,mid,125000.0,26,84,dead_pixel,0.53,partially_functional,41870.0,15420.0,sell
DEV000725,phone,premium,115100.0,72,31,none,0.0,fully_functional,11220.0,0.0,upgrade
DEV000726,phone,premium,224600.0,19,71,dead_pixel,0.8,partially_functional,74810.0,39540.0,sell
DEV000727,phone,budget,9500.0,72,21,screen_crack,0.91,partially_functional,530.0,2200.0,recycle
DEV000728,laptop,budget,31400.0,39,79,none,0.0,fully_functional,15290.0,0.0,sell
DEV000729,laptop,budget,148800.0,17,92,keyboard_damage,0.22,fully_functional,91210.0,7720.0,repair
DEV000730,phone,budget,95800.0,26,83,screen_scratch,0.81,partially_functional,30540.0,3500.0,repair
DEV000731,phone,mid,104500.0,29,75,screen_crack,0.68,partially_functional,28310.0,28230.0,recycle
DEV000732,phone,budget,38400.0,3,96,dead_pixel,0.63,not_functional,22960.0,3780.0,sell
DEV000733,laptop,mid,43100.0,120,15,none,0.0,fully_functional,4060.0,0.0,upgrade
DEV000734,phone,mid,53100.0,12,100,battery_issue,0.79,partially_functional,23700.0,5140.0,repair
DEV000735,tablet,budget,42300.0,8,88,none,0.0,fully_functional,35040.0,0.0,sell
DEV000736,phone,mid,136800.0,15,80,screen_scratch,1.0,not_functional,42670.0,5690.0,sell
DEV000737,phone,budget,72700.0,23,86,none,0.0,fully_functional,38570.0,0.0,sell
DEV000738,laptop,mid,160300.0,85,29,body_damage,0.85,partially_functional,15690.0,24390.0,recycle
DEV000739,laptop,mid,108200.0,120,15,screen_scratch,0.22,partially_functional,7410.0,2610.0,recycle
DEV000740,phone,budget,60200.0,25,73,screen_crack,0.23,fully_functional,24050.0,7480.0,repair
DEV000741,phone,mid,65600.0,43,60,screen_scratch,0.28,fully_functional,15300.0,1530.0,repair
DEV000742,pc,budget,119100.0,68,30,dead_pixel,0.58,fully_functional,29320.0,12380.0,upgrade
DEV000743,phone,mid,27900.0,4,100,body_damage,0.25,fully_functional,20720.0,2200.0,repair
DEV000744,laptop,mid,70500.0,34,59,port_damage,0.44,fully_functional,25960.0,3970.0,repair
DEV000745,laptop,mid,76600.0,9,99,battery_issue,0.94,not_functional,35860.0,6660.0,sell
DEV000746,phone,mid,121400.0,25,61,screen_crack,0.56,fully_functional,40370.0,30260.0,sell
DEV000747,laptop,premium,265100.0,83,36,none,0.0,fully_functional,44800.0,0.0,upgrade
DEV000748,pc,mid,113700.0,125,15,screen_scratch,0.68,fully_functional,11630.0,3850.0,repair
DEV000749,pc,mid,115400.0,133,15,none,0.0,fully_functional,17210.0,0.0,upgrade
DEV000750,phone,mid,122000.0,9,76,dead_pixel,0.15,partially_functional,78290.0,8560.0,repair
DEV000751,phone,mid,120500.0,20,79,keyboard_damage,0.18,fully_functional,56540.0,4460.0,repair
DEV000752,phone,mid,92700.0,22,73,screen_crack,0.69,not_functional,29470.0,26860.0,recycle
DEV000753,laptop,premium,224700.0,7,96,body_damage,0.9,not_functional,111640.0,35620.0,sell
DEV000754,tablet,budget,33200.0,24,89,port_damage,0.64,partially_functional,12880.0,1800.0,repair
DEV000755,phone,budget,63900.0,6,93,battery_issue,0.61,partially_functional,34530.0,6720.0,repair
DEV000756,phone,budget,16000.0,49,58,battery_issue,0.96,fully_functional,1740.0,2050.0,recycle
DEV000757,monitor,budget,38300.0,43,57,screen_crack,0.9,partially_functional,11010.0,13870.0,recycle
DEV000758,phone,budget,57700.0,7,97,screen_scratch,0.66,partially_functional,31490.0,1290.0,repair
DEV000759,laptop,budget,27800.0,59,51,screen_scratch,0.47,not_functional,6250.0,860.0,upgrade
DEV000760,tablet,mid,17700.0,96,15,body_damage,1.0,not_functional,1000.0,3960.0,recycle
DEV000761,phone,budget,55600.0,59,56,body_damage,0.34,partially_functional,7100.0,4750.0,recycle
DEV000762,phone,budget,27100.0,22,85,keyboard_damage,0.47,partially_functional,10660.0,1640.0,repair
DEV000763,phone,mid,118900.0,30,68,screen_crack,0.77,not_functional,28670.0,32630.0,recycle
DEV000764,monitor,budget,32200.0,110,15,port_damage,0.62,not_functional,5060.0,2030.0,recycle
DEV000765,phone,mid,139300.0,9,71,battery_issue,0.41,fully_functional,79160.0,9480.0,repair
DEV000766,phone,mid,54000.0,8,95,port_damage,0.26,partially_functional,37340.0,2330.0,repair
DEV000767,phone,premium,99500.0,30,70,port_damage,0.84,fully_functional,22260.0,6490.0,repair
DEV000768,phone,mid,100300.0,47,56,body_damage,0.32,fully_functional,18020.0,14060.0,recycle
DEV000769,tablet,budget,30100.0,32,73,body_damage,0.81,partially_functional,8590.0,5070.0,sell
DEV000770,phone,budget,20900.0,9,86,none,0.0,fully_functional,13990.0,0.0,sell
DEV000771,laptop,premium,245500.0,20,72,keyboard_damage,0.39,partially_functional,127930.0,14610.0,repair
DEV000772,laptop,mid,234400.0,22,79,screen_scratch,0.46,partially_functional,117610.0,6480.0,repair
DEV000773,pc,mid,57600.0,71,30,battery_issue,0.2,not_functional,17190.0,3300.0,upgrade
DEV000774,phone,mid,18900.0,29,72,none,0.0,fully_functional,8080.0,0.0,sell
DEV000775,pc,budget,81000.0,64,52,none,0.0,fully_functional,30900.0,0.0,sell
DEV000776,tablet,mid,62300.0,81,37,none,0.0,fully_functional,9480.0,0.0,upgrade
DEV000777,phone,mid,69900.0,28,83,screen_scratch,0.77,partially_functional,18160.0,2780.0,repair
DEV000778,pc,premium,287900.0,16,96,dead_pixel,0.24,fully_functional,229700.0,23410.0,repair
DEV000779,pc,budget,41200.0,99,15,port_damage,0.53,fully_functional,6730.0,2350.0,repair
DEV000780,phone,mid,20200.0,10,78,dead_pixel,0.62,partially_functional,10850.0,1860.0,repair
DEV000781,monitor,budget,15800.0,30,71,none,0.0,fully_functional,10650.0,0.0,sell
DEV000782,laptop,premium,216700.0,27,70,keyboard_damage,0.79,partially_functional,70110.0,17070.0,repair
DEV000783,tablet,budget,9000.0,18,81,screen_crack,0.67,not_functional,4310.0,1920.0,sell
DEV000784,monitor,mid,14100.0,105,15,port_damage,0.53,not_functional,2710.0,900.0,upgrade
DEV000785,laptop,budget,81500.0,58,64,none,0.0,fully_functional,24980.0,0.0,upgrade
DEV000786,pc,mid,133700.0,54,48,port_damage,0.88,partially_functional,34340.0,8840.0,repair
DEV000787,phone,mid,32300.0,21,82,port_damage,0.36,fully_functional,14660.0,1520.0,repair
DEV000788,pc,budget,74100.0,137,15,screen_crack,0.35,partially_functional,8460.0,13960.0,recycle
DEV000789,tablet,premium,79400.0,12,88,none,0.0,fully_functional,62770.0,0.0,sell
DEV000790,phone,premium,22500.0,38,57,keyboard_damage,0.17,partially_functional,6030.0,860.0,repair
DEV000791,laptop,premium,43900.0,38,54,screen_scratch,0.43,partially_functional,14170.0,1010.0,repair
DEV000792,phone,budget,51700.0,22,65,dead_pixel,0.42,fully_functional,18880.0,5090.0,repair
DEV000793,phone,mid,73100.0,72,34,screen_scratch,0.69,fully_functional,4680.0,2400.0,recycle
DEV000794,phone,mid,120100.0,32,57,screen_scratch,0.33,partially_functional,35360.0,3300.0,repair
DEV000795,phone,mid,17300.0,14,88,none,0.0,fully_functional,11260.0,0.0,sell
DEV000796,phone,mid,97100.0,2,91,body_damage,0.8,partially_functional,56620.0,12680.0,repair
DEV000797,phone,mid,47800.0,18,86,keyboard_damage,0.22,partially_functional,25510.0,1880.0,repair
DEV000798,tablet,budget,8800.0,92,15,none,0.0,fully_functional,1000.0,0.0,upgrade
DEV000799,tablet,mid,42700.0,2,100,screen_crack,0.57,fully_functional,29040.0,9650.0,repair
DEV000800,tablet,budget,10800.0,10,94,screen_crack,0.61,not_functional,5830.0,2300.0,sell
DEV000801,phone,budget,54700.0,20,80,none,0.0,fully_functional,29300.0,0.0,sell
DEV000802,pc,budget,121800.0,77,36,none,0.0,fully_functional,38420.0,0.0,upgrade
DEV000803,laptop,budget,172800.0,23,70,screen_scratch,0.47,fully_functional,79410.0,6070.0,repair
DEV000804,phone,mid,78100.0,17,78,screen_crack,0.95,partially_functional,25360.0,29390.0,recycle
DEV000805,phone,mid,142800.0,9,87,screen_crack,0.87,fully_functional,64590.0,49220.0,sell
DEV000806,tablet,budget,36800.0,14,83,screen_scratch,0.97,fully_functional,13130.0,1830.0,repair
DEV000807,phone,mid,26000.0,16,82,none,0.0,fully_functional,16220.0,0.0,recycle
DEV000808,laptop,premium,334300.0,8,93,none,0.0,fully_functional,292260.0,0.0,sell
DEV000809,monitor,premium,63900.0,41,65,body_damage,0.41,fully_functional,29280.0,9070.0,repair
DEV000810,phone,premium,126800.0,9,97,none,0.0,fully_functional,104190.0,0.0,sell
DEV000811,phone,premium,74100.0,10,88,battery_issue,0.9,not_functional,27390.0,9020.0,sell
DEV000812,monitor,mid,51900.0,127,15,screen_scratch,0.69,not_functional,7450.0,1720.0,recycle
DEV000813,laptop,premium,182100.0,50,56,screen_crack,0.82,not_functional,37390.0,46470.0,sell
DEV000814,phone,premium,120600.0,24,84,none,0.0,fully_functional,54960.0,0.0,sell
DEV000815,pc,budget,133900.0,48,61,screen_scratch,0.57,partially_functional,46920.0,3900.0,repair
DEV000816,pc,premium,261700.0,85,19,screen_scratch,0.87,partially_functional,43880.0,10460.0,repair
DEV000817,laptop,mid,233500.0,67,57,none,0.0,fully_functional,67790.0,0.0,upgrade
DEV000818,tablet,mid,58900.0,56,48,none,0.0,fully_functional,15410.0,0.0,upgrade
DEV000819,phone,premium,160100.0,10,96,none,0.0,fully_functional,118840.0,0.0,sell
DEV000820,phone,budget,77500.0,20,84,keyboard_damage,0.43,fully_functional,32510.0,5360.0,repair
DEV000821,laptop,mid,247700.0,57,47,keyboard_damage,0.3,fully_functional,62820.0,9790.0,repair
DEV000822,phone,mid,148300.0,31,72,battery_issue,0.77,not_functional,37450.0,13550.0,sell
DEV000823,tablet,mid,25000.0,14,89,body_damage,0.86,partially_functional,10180.0,3550.0,repair
DEV000824,pc,premium,241000.0,84,19,screen_crack,0.31,fully_functional,53730.0,50600.0,recycle
DEV000825,phone,premium,198500.0,3,95,screen_scratch,0.6,partially_functional,122890.0,7420.0,repair
DEV000826,laptop,mid,35700.0,47,59,screen_crack,0.55,not_functional,9580.0,7770.0,recycle
DEV000827,phone,premium,176000.0,24,72,screen_scratch,0.71,not_functional,54620.0,6390.0,sell
DEV000828,pc,budget,134400.0,97,15,none,0.0,fully_functional,31240.0,0.0,upgrade
DEV000829,phone,premium,80600.0,68,26,keyboard_damage,0.97,fully_functional,4840.0,7820.0,recycle
DEV000830,tablet,budget,55200.0,11,89,screen_crack,0.86,partially_functional,25650.0,19900.0,sell
DEV000831,laptop,mid,82700.0,5,100,dead_pixel,0.17,partially_functional,68130.0,5820.0,repair
DEV000832,laptop,budget,153800.0,31,76,body_damage,0.59,fully_functional,57100.0,19870.0,repair
DEV000833,tablet,mid,58500.0,87,37,port_damage,0.74,fully_functional,5280.0,3920.0,recycle
DEV000834,tablet,budget,52700.0,96,20,body_damage,0.87,not_functional,3150.0,8560.0,recycle
DEV000835,laptop,budget,77600.0,29,79,none,0.0,fully_functional,43030.0,0.0,sell
DEV000836,pc,mid,54400.0,10,89,port_damage,0.23,partially_functional,43440.0,1970.0,repair
DEV000837,monitor,mid,19900.0,57,55,dead_pixel,0.76,partially_functional,6050.0,3000.0,sell
DEV000838,laptop,budget,163100.0,63,54,battery_issue,0.93,partially_functional,25480.0,22590.0,recycle
DEV000839,laptop,mid,160400.0,115,15,screen_scratch,0.38,fully_functional,11440.0,4190.0,recycle
DEV000840,phone,budget,83600.0,5,95,screen_crack,0.69,not_functional,47590.0,29120.0,sell
DEV000841,pc,budget,135500.0,37,60,none,0.0,fully_functional,78490.0,0.0,sell
DEV000842,laptop,budget,102500.0,46,57,none,0.0,fully_functional,39330.0,0.0,sell
DEV000843,laptop,mid,225600.0,105,15,port_damage,0.82,not_functional,14510.0,18380.0,recycle
DEV000844,phone,mid,127600.0,21,65,port_damage,0.36,partially_functional,47820.0,7250.0,repair
DEV000845,pc,mid,107800.0,27,62,screen_crack,0.2,fully_functional,65520.0,19840.0,repair
DEV000846,laptop,premium,142400.0,32,65,none,0.0,fully_functional,66240.0,0.0,sell
DEV000847,tablet,mid,85700.0,52,56,screen_scratch,0.25,partially_functional,21240.0,1850.0,repair
DEV000848,phone,mid,26600.0,15,86,none,0.0,fully_functional,17130.0,0.0,sell
DEV000849,monitor,premium,63300.0,70,43,none,0.0,fully_functional,25490.0,0.0,sell
DEV000850,phone,budget,79000.0,13,79,dead_pixel,0.7,not_functional,33500.0,10250.0,sell
DEV000851,phone,budget,45500.0,32,83,body_damage,0.39,fully_functional,13110.0,4780.0,sell
DEV000852,pc,budget,95700.0,23,91,keyboard_damage,1.0,partially_functional,35780.0,7790.0,repair
DEV000853,monitor,mid,25800.0,5,92,battery_issue,0.61,partially_functional,17340.0,2400.0,repair
DEV000854,phone,mid,12000.0,20,87,screen_crack,0.71,partially_functional,3890.0,2930.0,sell
DEV000855,laptop,budget,156900.0,97,15,battery_issue,0.45,fully_functional,15750.0,9100.0,recycle
DEV000856,tablet,premium,86000.0,70,31,screen_crack,0.19,fully_functional,15680.0,11510.0,recycle
DEV000857,pc,premium,92700.0,9,98,none,0.0,fully_functional,77140.0,0.0,sell
DEV000858,laptop,budget,119300.0,15,79,none,0.0,fully_functional,85740.0,0.0,sell
DEV000859,laptop,budget,164700.0,62,33,screen_crack,0.87,partially_functional,24170.0,51860.0,recycle
DEV000860,tablet,budget,13400.0,32,78,screen_scratch,0.4,fully_functional,5340.0,300.0,repair
DEV000861,tablet,budget,48500.0,35,63,body_damage,0.39,partially_functional,16880.0,4340.0,repair
DEV000862,pc,premium,67400.0,128,15,none,0.0,fully_functional,9930.0,0.0,upgrade
DEV000863,laptop,mid,221500.0,31,78,none,0.0,fully_functional,115470.0,0.0,repair
DEV000864,phone,budget,20800.0,31,50,screen_crack,0.68,not_functional,4700.0,5690.0,recycle
DEV000865,monitor,mid,58400.0,33,73,none,0.0,fully_functional,38390.0,0.0,sell
DEV000866,pc,budget,89600.0,102,15,screen_scratch,0.45,fully_functional,16010.0,2300.0,repair
DEV000867,pc,mid,53900.0,91,31,keyboard_damage,0.24,fully_functional,11610.0,2680.0,repair
DEV000868,phone,mid,47400.0,58,45,keyboard_damage,0.24,not_functional,7030.0,2060.0,recycle
DEV000869,phone,mid,111900.0,41,54,none,0.0,fully_functional,32770.0,0.0,upgrade
DEV000870,tablet,mid,75200.0,53,47,body_damage,0.36,fully_functional,19290.0,8080.0,upgrade
DEV000871,phone,premium,101800.0,34,86,screen_scratch,0.59,fully_functional,28520.0,2910.0,repair
DEV000872,monitor,budget,30400.0,37,70,keyboard_damage,0.64,partially_functional,13090.0,2520.0,repair
DEV000873,laptop,mid,133000.0,50,58,screen_crack,0.58,not_functional,33400.0,29900.0,recycle
DEV000874,tablet,budget,22900.0,59,38,none,0.0,fully_functional,5150.0,0.0,upgrade
DEV000875,pc,budget,134600.0,80,39,screen_scratch,0.86,not_functional,23600.0,6780.0,upgrade
DEV000876,laptop,premium,330400.0,79,30,none,0.0,fully_functional,65670.0,0.0,upgrade
DEV000877,phone,mid,142700.0,13,92,none,0.0,fully_functional,89440.0,0.0,sell
DEV000878,tablet,budget,34000.0,22,70,body_damage,0.69,partially_functional,12440.0,4800.0,sell
DEV000879,laptop,mid,136500.0,38,77,dead_pixel,0.92,not_functional,34600.0,19100.0,sell
DEV000880,laptop,mid,131200.0,35,73,battery_issue,0.36,fully_functional,48030.0,7860.0,repair
DEV000881,tablet,premium,63600.0,23,66,port_damage,0.64,not_functional,26630.0,3180.0,repair
DEV000882,monitor,mid,28400.0,107,15,none,0.0,fully_functional,7430.0,0.0,upgrade
DEV000883,laptop,budget,88900.0,20,84,screen_scratch,0.53,partially_functional,44000.0,3170.0,repair
DEV000884,phone,mid,122100.0,6,90,screen_crack,0.86,not_functional,59240.0,41280.0,sell
DEV000885,laptop,budget,95100.0,33,64,screen_crack,0.29,partially_functional,39150.0,15250.0,sell
DEV000886,laptop,budget,40300.0,10,72,body_damage,0.81,partially_functional,18570.0,7160.0,sell
DEV000887,phone,mid,113700.0,72,34,screen_scratch,0.44,partially_functional,8750.0,3940.0,recycle
DEV000888,phone,mid,118400.0,30,65,battery_issue,0.32,partially_functional,33570.0,6810.0,repair
DEV000889,tablet,budget,62500.0,24,75,none,0.0,fully_functional,35540.0,0.0,sell
DEV000890,phone,mid,29000.0,42,75,none,0.0,fully_functional,8780.0,0.0,upgrade
DEV000891,monitor,mid,30500.0,39,72,dead_pixel,0.37,fully_functional,16670.0,2560.0,repair
DEV000892,phone,mid,88900.0,53,59,port_damage,0.77,not_functional,10540.0,5690.0,recycle
DEV000893,phone,budget,73000.0,3,97,none,0.0,fully_functional,65520.0,0.0,sell
DEV000894,pc,budget,48100.0,38,74,body_damage,0.27,fully_functional,22360.0,3620.0,repair
DEV000895,pc,budget,119800.0,35,79,screen_crack,0.96,not_functional,40290.0,38670.0,recycle
DEV000896,phone,budget,41200.0,32,53,none,0.0,fully_functional,14560.0,0.0,sell
DEV000897,phone,budget,80600.0,13,93,body_damage,0.94,partially_functional,28640.0,14040.0,sell
DEV000898,phone,budget,24900.0,20,90,none,0.0,fully_functional,12340.0,0.0,sell
DEV000899,laptop,budget,131500.0,7,81,body_damage,0.85,partially_functional,57130.0,19000.0,repair
DEV000900,laptop,budget,157300.0,14,100,battery_issue,0.27,partially_functional,106200.0,12480.0,repair
DEV000901,phone,premium,21100.0,8,89,none,0.0,fully_functional,15000.0,0.0,sell
DEV000902,phone,mid,140800.0,11,90,none,0.0,fully_functional,102620.0,0.0,sell
DEV000903,laptop,budget,161400.0,61,29,none,0.0,fully_functional,43180.0,0.0,upgrade
DEV000904,monitor,premium,61000.0,70,36,dead_pixel,0.54,not_functional,16630.0,6450.0,sell
DEV000905,tablet,budget,9900.0,5,87,none,0.0,fully_functional,8620.0,0.0,sell
DEV000906,laptop,mid,82100.0,35,63,battery_issue,0.61,fully_functional,25600.0,8020.0,repair
DEV000907,phone,premium,59700.0,21,92,screen_crack,0.61,not_functional,23350.0,13500.0,sell
DEV000908,phone,mid,35800.0,29,75,none,0.0,fully_functional,16920.0,0.0,sell
DEV000909,phone,budget,60800.0,5,89,screen_crack,0.6,partially_functional,35500.0,14090.0,sell
DEV000910,pc,budget,137700.0,26,84,body_damage,0.31,fully_functional,86910.0,14410.0,repair
DEV000911,pc,mid,61700.0,23,61,screen_scratch,0.66,partially_functional,29070.0,2320.0,repair
DEV000912,monitor,mid,19100.0,118,15,none,0.0,fully_functional,4330.0,0.0,upgrade
DEV000913,monitor,mid,17000.0,58,46,screen_crack,0.3,fully_functional,6940.0,2980.0,sell
DEV000914,monitor,mid,24300.0,31,70,body_damage,0.29,fully_functional,12970.0,2110.0,repair
DEV000915,monitor,budget,12800.0,113,15,port_damage,0.82,fully_functional,1820.0,730.0,recycle
DEV000916,phone,mid,11800.0,22,91,none,0.0,fully_functional,6050.0,0.0,sell
DEV000917,phone,budget,17300.0,12,100,port_damage,0.47,fully_functional,10050.0,700.0,repair
DEV000918,phone,premium,122300.0,14,94,screen_crack,0.42,fully_functional,61750.0,18210.0,repair
DEV000919,laptop,mid,163900.0,14,79,screen_crack,0.9,partially_functional,62050.0,51440.0,recycle
DEV000920,phone,mid,97900.0,64,45,screen_scratch,0.21,fully_functional,11280.0,2390.0,repair
DEV000921,pc,mid,108800.0,39,68,battery_issue,0.96,not_functional,33310.0,12200.0,sell
DEV000922,tablet,budget,27600.0,61,52,screen_scratch,0.81,partially_functional,4060.0,1240.0,repair
DEV000923,laptop,budget,85100.0,34,64,screen_scratch,0.91,partially_functional,20430.0,4040.0,repair
DEV000924,phone,mid,63900.0,9,78,none,0.0,fully_functional,48570.0,0.0,sell
DEV000925,phone,mid,19300.0,48,51,body_damage,0.94,not_functional,2060.0,2940.0,recycle
DEV000926,phone,mid,72700.0,42,69,keyboard_damage,0.75,not_functional,12160.0,4310.0,upgrade
DEV000927,pc,premium,120500.0,54,51,body_damage,0.55,not_functional,38420.0,15810.0,sell
DEV000928,laptop,budget,42000.0,78,38,none,0.0,fully_functional,7840.0,0.0,upgrade
DEV000929,tablet,budget,48300.0,10,83,keyboard_damage,0.66,not_functional,22960.0,3380.0,sell
DEV000930,phone,mid,110600.0,20,74,screen_crack,0.43,fully_functional,47210.0,20130.0,sell
DEV000931,laptop,budget,144000.0,47,65,keyboard_damage,0.49,partially_functional,42790.0,8500.0,repair
DEV000932,laptop,budget,62600.0,24,84,none,0.0,fully_functional,38640.0,0.0,sell
DEV000933,pc,premium,64800.0,26,84,none,0.0,fully_functional,45890.0,0.0,sell
DEV000934,pc,premium,176500.0,63,39,body_damage,0.56,partially_functional,44400.0,24290.0,sell
DEV000935,phone,premium,79800.0,14,93,screen_crack,0.94,not_functional,28550.0,26590.0,recycle
DEV000936,monitor,budget,26000.0,63,48,none,0.0,fully_functional,11890.0,0.0,sell
DEV000937,phone,budget,24600.0,49,51,screen_scratch,0.83,not_functional,3120.0,840.0,recycle
DEV000938,pc,mid,101800.0,31,60,none,0.0,fully_functional,62970.0,0.0,sell
DEV000939,phone,premium,39200.0,25,88,screen_scratch,0.89,not_functional,10820.0,1410.0,sell
DEV000940,phone,budget,96200.0,24,81,none,0.0,fully_functional,45620.0,0.0,repair
DEV000941,pc,budget,107400.0,115,15,none,0.0,fully_functional,20030.0,0.0,upgrade
DEV000942,phone,budget,37800.0,64,59,none,0.0,fully_functional,5020.0,0.0,upgrade
DEV000943,laptop,mid,176900.0,45,64,none,0.0,fully_functional,72070.0,0.0,sell
DEV000944,laptop,mid,89200.0,22,76,battery_issue,0.99,partially_functional,27090.0,7950.0,repair
DEV000945,phone,mid,94900.0,29,64,none,0.0,fully_functional,36040.0,0.0,sell
DEV000946,tablet,budget,52000.0,36,55,screen_scratch,0.96,partially_functional,11070.0,2270.0,repair
DEV000947,pc,mid,61900.0,34,53,none,0.0,fully_functional,33380.0,0.0,sell
DEV000948,pc,mid,68400.0,27,76,none,0.0,fully_functional,45570.0,0.0,sell
DEV000949,phone,budget,13000.0,24,90,dead_pixel,0.27,fully_functional,5740.0,840.0,repair
DEV000950,laptop,budget,145200.0,69,44,screen_scratch,0.25,partially_functional,28510.0,3240.0,repair
DEV000951,phone,mid,106800.0,15,74,none,0.0,fully_functional,64260.0,0.0,sell
DEV000952,phone,budget,24100.0,22,71,dead_pixel,0.81,partially_functional,7240.0,2810.0,sell
DEV000953,phone,premium,85400.0,36,61,none,0.0,fully_functional,23760.0,0.0,upgrade
DEV000954,monitor,mid,21500.0,46,59,body_damage,0.17,not_functional,11870.0,1090.0,sell
DEV000955,pc,budget,69000.0,3,98,screen_scratch,0.42,partially_functional,51050.0,1890.0,repair
DEV000956,pc,mid,119200.0,26,71,screen_scratch,0.28,fully_functional,65180.0,2530.0,repair
DEV000957,laptop,mid,82500.0,25,90,battery_issue,0.74,partially_functional,32150.0,9500.0,repair
DEV000958,laptop,budget,121500.0,16,89,battery_issue,0.68,partially_functional,56030.0,10830.0,repair
DEV000959,laptop,mid,48700.0,37,69,body_damage,0.81,not_functional,13370.0,8600.0,sell
DEV000960,laptop,budget,133300.0,44,62,screen_crack,0.29,fully_functional,43710.0,25010.0,sell
DEV000961,laptop,budget,44800.0,27,84,screen_crack,0.85,fully_functional,15860.0,11810.0,sell
DEV000962,phone,mid,116600.0,19,82,dead_pixel,0.46,fully_functional,56160.0,12700.0,repair
DEV000963,phone,mid,15100.0,30,79,none,0.0,fully_functional,6250.0,0.0,sell
DEV000964,monitor,budget,11700.0,168,15,screen_scratch,0.85,not_functional,940.0,370.0,recycle
DEV000965,laptop,budget,70700.0,55,46,none,0.0,fully_functional,21210.0,0.0,upgrade
DEV000966,monitor,mid,48700.0,36,70,port_damage,0.95,not_functional,17060.0,3290.0,sell
DEV000967,phone,budget,98400.0,22,88,screen_crack,0.34,partially_functional,40530.0,19480.0,sell
DEV000968,laptop,premium,135200.0,63,23,none,0.0,fully_functional,33630.0,0.0,upgrade
DEV000969,phone,mid,132300.0,8,94,dead_pixel,0.42,partially_functional,79650.0,14030.0,repair
DEV000970,phone,premium,127800.0,17,71,screen_crack,0.34,fully_functional,56010.0,27010.0,sell
DEV000971,phone,budget,95200.0,10,73,none,0.0,fully_functional,65160.0,0.0,sell
DEV000972,phone,premium,165400.0,49,52,body_damage,0.28,partially_functional,28790.0,14300.0,recycle
DEV000973,monitor,budget,37700.0,17,89,dead_pixel,0.44,partially_functional,25740.0,3410.0,repair
DEV000974,phone,budget,56400.0,22,87,body_damage,0.74,partially_functional,17590.0,9750.0,sell
DEV000975,tablet,budget,10900.0,71,35,none,0.0,fully_functional,2080.0,0.0,upgrade
DEV000976,laptop,budget,92200.0,64,50,dead_pixel,0.5,partially_functional,17780.0,9680.0,upgrade
DEV000977,laptop,premium,245200.0,50,61,screen_crack,0.76,not_functional,50790.0,77270.0,recycle
DEV000978,laptop,mid,144700.0,37,61,keyboard_damage,0.38,not_functional,54660.0,7700.0,sell
DEV000979,phone,mid,29600.0,8,91,body_damage,0.84,partially_functional,13250.0,6000.0,sell
DEV000980,monitor,mid,29600.0,66,42,dead_pixel,0.49,partially_functional,10620.0,2690.0,repair
DEV000981,pc,mid,148400.0,52,33,screen_crack,0.84,not_functional,38630.0,47320.0,recycle
DEV000982,tablet,mid,28500.0,6,99,none,0.0,fully_functional,25260.0,0.0,sell
DEV000983,laptop,premium,73100.0,74,30,none,0.0,fully_functional,15340.0,0.0,upgrade
DEV000984,phone,mid,119500.0,3,92,battery_issue,0.66,not_functional,71440.0,7550.0,sell
DEV000985,monitor,mid,52000.0,69,38,screen_crack,0.39,fully_functional,16160.0,9770.0,sell
DEV000986,phone,budget,10300.0,37,62,battery_issue,0.7,not_functional,1930.0,730.0,upgrade
DEV000987,phone,premium,59700.0,15,78,none,0.0,fully_functional,34500.0,0.0,sell
DEV000988,phone,budget,28000.0,5,100,screen_crack,0.26,not_functional,22550.0,4630.0,sell
DEV000989,pc,budget,50800.0,43,81,dead_pixel,0.7,partially_functional,18770.0,8200.0,sell
DEV000990,tablet,premium,32300.0,50,54,none,0.0,fully_functional,10410.0,0.0,upgrade
DEV000991,pc,budget,86100.0,93,15,screen_crack,0.28,partially_functional,18660.0,12490.0,upgrade
DEV000992,pc,budget,97100.0,131,15,screen_scratch,0.91,partially_functional,8030.0,4230.0,recycle
DEV000993,phone,budget,88500.0,2,100,none,0.0,fully_functional,81080.0,0.0,sell
DEV000994,monitor,mid,45300.0,48,58,none,0.0,fully_functional,26910.0,0.0,sell
DEV000995,laptop,premium,241600.0,25,65,screen_crack,0.72,not_functional,90210.0,65030.0,sell
DEV000996,tablet,premium,79000.0,16,89,body_damage,0.48,partially_functional,38530.0,8520.0,repair
DEV000997,phone,mid,123000.0,2,100,screen_crack,0.97,partially_functional,54600.0,41930.0,sell
DEV000998,monitor,premium,48700.0,135,15,screen_crack,0.37,fully_functional,7900.0,9690.0,recycle
DEV000999,phone,mid,148200.0,18,75,body_damage,0.66,not_functional,52650.0,22730.0,sell
DEV001000,phone,premium,24900.0,48,52,body_damage,0.79,fully_functional,3280.0,4340.0,recycle
DEV001001,laptop,budget,86700.0,29,69,body_damage,0.98,partially_functional,21090.0,17260.0,recycle
DEV001002,phone,mid,93900.0,18,94,body_damage,0.39,fully_functional,43490.0,10190.0,repair
DEV001003,phone,budget,64100.0,23,84,screen_scratch,0.8,fully_functional,19920.0,2440.0,repair
DEV001004,tablet,budget,42100.0,4,100,port_damage,0.79,partially_functional,22860.0,3020.0,repair
DEV001005,laptop,mid,54100.0,12,80,screen_crack,0.35,not_functional,31760.0,8870.0,sell
DEV001006,monitor,budget,22700.0,55,52,screen_crack,0.81,not_functional,6570.0,4120.0,sell
DEV001007,phone,mid,124500.0,24,69,none,0.0,fully_functional,57220.0,0.0,sell
DEV001008,tablet,mid,85800.0,72,25,screen_scratch,0.85,partially_functional,8770.0,2500.0,repair
DEV001009,laptop,budget,91600.0,74,31,none,0.0,fully_functional,17450.0,0.0,upgrade
DEV001010,tablet,mid,41200.0,53,54,battery_issue,0.62,not_functional,8560.0,3760.0,upgrade
DEV001011,laptop,mid,166000.0,36,61,none,0.0,fully_functional,74040.0,0.0,sell
DEV001012,laptop,premium,106900.0,26,74,none,0.0,fully_functional,62000.0,0.0,sell
DEV001013,monitor,budget,7600.0,23,87,body_damage,0.75,partially_functional,3450.0,1320.0,sell
DEV001014,phone,premium,14400.0,67,41,none,0.0,fully_functional,1880.0,0.0,upgrade
DEV001015,phone,premium,14600.0,24,87,screen_crack,0.55,fully_functional,5330.0,3850.0,sell
DEV001016,tablet,mid,51900.0,74,47,screen_crack,0.61,partially_functional,6680.0,14510.0,recycle
DEV001017,pc,budget,74800.0,51,44,keyboard_damage,0.49,fully_functional,25770.0,5530.0,repair
DEV001018,phone,mid,79400.0,5,75,none,0.0,fully_functional,68930.0,0.0,sell
DEV001019,laptop,premium,91200.0,56,49,dead_pixel,0.61,not_functional,20550.0,10240.0,upgrade
DEV001020,pc,budget,28600.0,22,71,keyboard_damage,0.76,partially_functional,13350.0,2660.0,repair
DEV001021,tablet,premium,67200.0,44,56,screen_scratch,0.84,partially_functional,14330.0,2470.0,repair
DEV001022,monitor,premium,35800.0,87,30,body_damage,0.39,fully_functional,9240.0,3520.0,upgrade
DEV001023,laptop,mid,122200.0,89,21,dead_pixel,0.51,fully_functional,14200.0,15410.0,recycle
DEV001024,tablet,mid,51700.0,31,81,battery_issue,0.28,partially_functional,24320.0,3280.0,repair
DEV001025,phone,mid,104800.0,13,87,body_damage,0.57,partially_functional,51290.0,10090.0,repair
DEV001026,monitor,mid,16200.0,46,73,screen_crack,0.31,partially_functional,7600.0,2370.0,sell
DEV001027,laptop,premium,348400.0,47,59,none,0.0,fully_functional,130540.0,0.0,sell
DEV001028,tablet,budget,41600.0,22,82,screen_crack,0.72,partially_functional,16760.0,9200.0,sell
DEV001029,laptop,budget,90500.0,48,46,screen_crack,0.75,partially_functional,19990.0,26890.0,recycle
DEV001030,laptop,budget,168600.0,57,33,battery_issue,0.36,partially_functional,40720.0,10100.0,repair
DEV001031,tablet,premium,117300.0,55,50,port_damage,0.64,partially_functional,21630.0,6410.0,repair
DEV001032,laptop,budget,18600.0,29,76,screen_scratch,0.93,not_functional,5390.0,730.0,sell
DEV001033,monitor,premium,50500.0,126,15,screen_crack,0.33,partially_functional,9010.0,7330.0,recycle
DEV001034,laptop,mid,98300.0,23,83,screen_scratch,0.45,not_functional,48530.0,2250.0,sell
DEV001035,tablet,budget,30100.0,60,41,screen_crack,0.71,not_functional,4600.0,9110.0,upgrade
DEV001036,phone,premium,109400.0,11,90,none,0.0,fully_functional,68140.0,0.0,sell
DEV001037,laptop,mid,28300.0,36,62,dead_pixel,0.67,partially_functional,7420.0,1720.0,repair
DEV001038,laptop,budget,47000.0,41,59,none,0.0,fully_functional,19530.0,0.0,sell
DEV001039,phone,budget,69000.0,72,35,body_damage,0.66,partially_functional,4860.0,10890.0,recycle
DEV001040,phone,budget,16300.0,46,67,none,0.0,fully_functional,3940.0,0.0,upgrade
DEV001041,tablet,budget,48100.0,62,48,none,0.0,fully_functional,11620.0,0.0,upgrade
DEV001042,tablet,budget,26600.0,22,77,screen_crack,0.94,not_functional,9090.0,8100.0,upgrade
DEV001043,tablet,mid,48600.0,35,67,dead_pixel,0.71,not_functional,13580.0,6210.0,sell
DEV001044,phone,budget,23700.0,7,88,screen_scratch,0.42,partially_functional,15070.0,570.0,repair
DEV001045,phone,budget,101300.0,49,59,screen_scratch,0.22,fully_functional,21320.0,1680.0,repair
DEV001046,phone,budget,84100.0,5,100,screen_scratch,0.97,partially_functional,35630.0,3910.0,repair
DEV001047,pc,mid,55700.0,50,54,none,0.0,fully_functional,28580.0,0.0,sell
DEV001048,pc,premium,216900.0,97,15,dead_pixel,0.79,not_functional,31780.0,39170.0,recycle
DEV001049,phone,budget,61100.0,4,95,screen_crack,0.43,fully_functional,41520.0,11400.0,repair
DEV001050,tablet,budget,13200.0,59,35,screen_crack,0.95,not_functional,1480.0,3940.0,recycle
DEV001051,phone,mid,12200.0,13,88,body_damage,0.69,not_functional,5700.0,1760.0,sell
DEV001052,phone,premium,214000.0,13,75,keyboard_damage,0.44,partially_functional,116180.0,13770.0,repair
DEV001053,phone,mid,30500.0,4,84,screen_crack,0.96,partially_functional,13010.0,11050.0,recycle
DEV001054,phone,premium,28600.0,30,68,none,0.0,fully_functional,12040.0,0.0,sell
DEV001055,tablet,premium,54400.0,93,15,screen_scratch,0.69,partially_functional,3710.0,2320.0,recycle
DEV001056,monitor,mid,22800.0,16,91,screen_scratch,0.27,fully_functional,16580.0,510.0,repair
DEV001057,phone,premium,182900.0,9,92,screen_scratch,0.49,fully_functional,103450.0,3250.0,repair
DEV001058,laptop,budget,101700.0,68,42,battery_issue,0.77,fully_functional,14020.0,10340.0,upgrade
DEV001059,tablet,premium,35500.0,71,38,battery_issue,0.34,partially_functional,5640.0,2020.0,recycle
DEV001060,monitor,premium,51000.0,168,15,body_damage,0.49,partially_functional,5290.0,7130.0,recycle
DEV001061,tablet,premium,108100.0,49,52,screen_scratch,0.44,fully_functional,25230.0,3210.0,repair
DEV001062,phone,mid,105500.0,11,96,none,0.0,fully_functional,78840.0,0.0,sell
DEV001063,tablet,mid,55600.0,54,40,screen_crack,0.64,partially_functional,10060.0,16440.0,recycle
DEV001064,phone,budget,87000.0,25,66,screen_scratch,0.77,partially_functional,23200.0,3090.0,repair
DEV001065,monitor,mid,55300.0,43,56,screen_crack,0.29,fully_functional,28570.0,9970.0,repair
DEV001066,laptop,budget,97100.0,23,81,screen_crack,0.17,fully_functional,53370.0,16750.0,repair
DEV001067,tablet,mid,20100.0,46,60,none,0.0,fully_functional,6190.0,0.0,upgrade
DEV001068,phone,mid,21800.0,36,70,dead_pixel,0.81,not_functional,4190.0,2500.0,upgrade
DEV001069,laptop,budget,158600.0,22,81,screen_crack,0.44,partially_functional,78650.0,39900.0,sell
DEV001070,pc,budget,115900.0,43,50,screen_crack,0.15,partially_functional,53570.0,16640.0,repair
DEV001071,tablet,budget,47600.0,31,58,none,0.0,fully_functional,23200.0,0.0,sell
DEV001072,laptop,mid,47100.0,25,81,screen_crack,0.73,not_functional,18270.0,16410.0,recycle
DEV001073,monitor,mid,6800.0,23,90,none,0.0,fully_functional,5080.0,0.0,sell
DEV001074,pc,mid,57300.0,16,83,none,0.0,fully_functional,46390.0,0.0,sell
DEV001075,phone,budget,52700.0,45,53,screen_crack,0.4,fully_functional,10320.0,9540.0,recycle
DEV001076,laptop,premium,254200.0,46,64,keyboard_damage,0.26,fully_functional,87400.0,13120.0,repair
DEV001077,laptop,mid,48000.0,93,15,none,0.0,fully_functional,6550.0,0.0,upgrade
DEV001078,tablet,budget,19400.0,14,93,keyboard_damage,0.76,not_functional,9000.0,1320.0,sell
DEV001079,phone,budget,43900.0,8,69,screen_crack,0.99,not_functional,16110.0,16640.0,recycle
DEV001080,phone,mid,65800.0,39,65,screen_crack,0.26,partially_functional,16670.0,12290.0,upgrade
DEV001081,monitor,budget,26200.0,120,15,none,0.0,fully_functional,5980.0,0.0,upgrade
DEV001082,monitor,budget,5700.0,58,51,port_damage,0.45,fully_functional,2160.0,280.0,repair
DEV001083,pc,budget,138200.0,11,99,screen_scratch,0.33,partially_functional,103550.0,2860.0,repair
DEV001084,monitor,budget,17300.0,92,16,screen_crack,0.94,not_functional,2800.0,5290.0,recycle
DEV001085,tablet,budget,20100.0,22,76,none,0.0,fully_functional,10610.0,0.0,sell
DEV001086,pc,budget,36600.0,64,38,none,0.0,fully_functional,14380.0,0.0,sell
DEV001087,pc,premium,137800.0,59,49,body_damage,0.81,fully_functional,32420.0,16290.0,sell
DEV001088,laptop,mid,30400.0,19,79,none,0.0,fully_functional,21300.0,0.0,sell
DEV001089,laptop,mid,105500.0,87,25,none,0.0,fully_functional,15690.0,0.0,sell
DEV001090,phone,mid,132300.0,1,100,port_damage,0.45,fully_functional,107540.0,6830.0,repair
DEV001091,tablet,mid,66900.0,12,99,screen_crack,0.38,fully_functional,37770.0,11790.0,repair
DEV001092,phone,budget,80300.0,5,100,screen_scratch,0.45,partially_functional,54870.0,3180.0,repair
DEV001093,phone,budget,19600.0,24,84,screen_scratch,0.53,fully_functional,6810.0,510.0,repair
DEV001094,laptop,budget,36700.0,37,62,dead_pixel,0.52,fully_functional,12570.0,4050.0,repair
DEV001095,laptop,mid,116800.0,38,66,battery_issue,0.16,fully_functional,52560.0,5680.0,repair
DEV001096,phone,mid,46900.0,21,79,screen_crack,0.69,partially_functional,16040.0,14510.0,recycle
DEV001097,pc,budget,63900.0,41,64,body_damage,0.44,partially_functional,28370.0,7080.0,repair
DEV001098,pc,mid,116800.0,39,79,none,0.0,fully_functional,73590.0,0.0,sell
DEV001099,phone,premium,209400.0,30,82,none,0.0,fully_functional,81880.0,0.0,sell
DEV001100,phone,budget,90900.0,15,90,none,0.0,fully_functional,58630.0,0.0,sell
DEV001101,phone,mid,89800.0,13,98,screen_crack,0.4,fully_functional,52740.0,19750.0,sell
DEV001102,pc,mid,42400.0,18,86,keyboard_damage,0.35,fully_functional,27440.0,2130.0,repair
DEV001103,pc,mid,55400.0,31,76,screen_scratch,0.56,partially_functional,24710.0,1070.0,repair
DEV001104,phone,mid,124600.0,15,80,screen_scratch,0.41,fully_functional,62380.0,4500.0,repair
DEV001105,pc,mid,81100.0,41,59,screen_crack,0.25,not_functional,38150.0,14420.0,sell
DEV001106,phone,budget,82300.0,30,77,none,0.0,fully_functional,33520.0,0.0,recycle
DEV001107,laptop,mid,231800.0,24,80,dead_pixel,0.96,partially_functional,71330.0,40770.0,sell
DEV001108,monitor,premium,11500.0,127,15,battery_issue,0.69,not_functional,1580.0,940.0,recycle
DEV001109,phone,budget,78400.0,50,36,battery_issue,0.81,not_functional,9050.0,7090.0,recycle
DEV001110,phone,premium,191200.0,34,60,none,0.0,fully_functional,62480.0,0.0,upgrade
DEV001111,laptop,budget,35200.0,98,15,battery_issue,0.89,partially_functional,2610.0,3800.0,recycle
DEV001112,tablet,mid,64500.0,41,54,none,0.0,fully_functional,23660.0,0.0,sell
DEV001113,monitor,mid,33900.0,28,85,port_damage,0.16,not_functional,21630.0,1070.0,sell
DEV001114,monitor,mid,47000.0,74,47,battery_issue,0.78,not_functional,10780.0,3750.0,sell
DEV001115,phone,premium,130100.0,36,71,body_damage,0.3,fully_functional,36200.0,11200.0,repair
DEV001116,phone,budget,21200.0,6,88,screen_crack,0.72,not_functional,10950.0,6080.0,sell
DEV001117,pc,mid,44300.0,43,72,none,0.0,fully_functional,25020.0,0.0,sell
DEV001118,phone,mid,145700.0,69,47,none,0.0,fully_functional,16200.0,0.0,upgrade
DEV001119,pc,premium,85100.0,59,52,screen_scratch,0.97,partially_functional,16850.0,3470.0,repair
DEV001120,tablet,mid,67500.0,15,93,keyboard_damage,0.56,fully_functional,31880.0,4700.0,repair
DEV001121,phone,premium,39000.0,15,91,none,0.0,fully_functional,25350.0,0.0,repair
DEV001122,pc,premium,194200.0,44,60,port_damage,0.25,fully_functional,92460.0,8510.0,repair
DEV001123,phone,budget,18500.0,15,68,screen_scratch,0.39,fully_functional,9210.0,530.0,repair
DEV001124,laptop,premium,56900.0,36,57,body_damage,0.2,partially_functional,22610.0,4240.0,repair
DEV001125,laptop,premium,41900.0,32,63,port_damage,0.21,fully_functional,18760.0,1480.0,repair
DEV001126,laptop,budget,39100.0,72,27,keyboard_damage,0.18,partially_functional,6670.0,1650.0,repair
DEV001127,tablet,mid,50900.0,32,82,port_damage,0.82,not_functional,16090.0,2120.0,sell
DEV001128,tablet,budget,53400.0,96,23,battery_issue,0.19,fully_functional,5650.0,2960.0,recycle
DEV001129,monitor,mid,30500.0,98,15,screen_scratch,0.89,partially_functional,4920.0,1600.0,repair
DEV001130,monitor,budget,30700.0,42,64,screen_crack,0.16,not_functional,15780.0,4030.0,upgrade
DEV001131,laptop,mid,178000.0,10,90,keyboard_damage,0.51,fully_functional,105320.0,7850.0,repair
DEV001132,phone,mid,10900.0,30,71,screen_crack,0.68,partially_functional,2780.0,2550.0,recycle
DEV001133,tablet,mid,37900.0,23,90,battery_issue,0.45,fully_functional,19420.0,2580.0,repair
DEV001134,monitor,budget,18900.0,17,90,body_damage,0.48,partially_functional,12330.0,2590.0,repair
DEV001135,phone,mid,14500.0,20,85,body_damage,0.24,fully_functional,6840.0,1800.0,repair
DEV001136,laptop,mid,137700.0,12,91,none,0.0,fully_functional,110890.0,0.0,sell
DEV001137,laptop,mid,125000.0,4,100,none,0.0,fully_functional,110940.0,0.0,sell
DEV001138,phone,budget,59400.0,19,76,none,0.0,fully_functional,29910.0,0.0,sell
DEV001139,tablet,budget,36100.0,11,78,none,0.0,fully_functional,26910.0,0.0,sell
DEV001140,laptop,mid,86300.0,43,70,screen_crack,0.51,partially_functional,25270.0,21260.0,recycle
DEV001141,pc,premium,223100.0,35,58,body_damage,0.33,fully_functional,97680.0,26130.0,repair
DEV001142,pc,budget,106200.0,29,62,screen_crack,0.99,partially_functional,33540.0,32050.0,recycle
DEV001143,pc,mid,94000.0,10,85,battery_issue,0.79,partially_functional,47500.0,12070.0,repair
DEV001144,laptop,budget,163200.0,36,75,none,0.0,fully_functional,74540.0,0.0,sell
DEV001145,phone,mid,49200.0,8,99,battery_issue,0.98,partially_functional,19530.0,5200.0,repair
DEV001146,tablet,budget,36600.0,46,63,screen_scratch,0.25,not_functional,11450.0,570.0,upgrade
DEV001147,pc,mid,56600.0,14,91,none,0.0,fully_functional,45980.0,0.0,sell
DEV001148,laptop,budget,67800.0,53,51,screen_crack,0.63,fully_functional,15230.0,15530.0,recycle
DEV001149,pc,budget,133500.0,57,48,screen_crack,0.56,partially_functional,40420.0,26130.0,sell
DEV001150,phone,budget,76200.0,14,87,none,0.0,fully_functional,53460.0,0.0,sell
DEV001151,pc,budget,63700.0,53,62,screen_scratch,0.66,partially_functional,21270.0,1990.0,repair
DEV001152,phone,mid,81700.0,40,52,battery_issue,0.47,partially_functional,17280.0,5430.0,repair
DEV001153,phone,premium,158700.0,29,77,body_damage,0.9,not_functional,34200.0,22990.0,sell
DEV001154,laptop,mid,25000.0,37,61,port_damage,0.4,partially_functional,8770.0,890.0,repair
DEV001155,phone,premium,194600.0,43,68,dead_pixel,0.66,partially_functional,32510.0,20640.0,upgrade
DEV001156,phone,mid,133700.0,33,64,dead_pixel,0.98,not_functional,22880.0,18170.0,upgrade
DEV001157,phone,budget,11600.0,47,61,keyboard_damage,0.47,fully_functional,2130.0,650.0,repair
DEV001158,laptop,budget,20300.0,39,72,none,0.0,fully_functional,8880.0,0.0,sell
DEV001159,pc,mid,197500.0,63,49,dead_pixel,0.19,partially_functional,70140.0,16760.0,repair
DEV001160,phone,budget,15400.0,44,60,none,0.0,fully_functional,4110.0,0.0,upgrade
DEV001161,tablet,premium,55300.0,72,22,screen_scratch,0.32,partially_functional,8540.0,1040.0,repair
DEV001162,pc,mid,98500.0,109,15,none,0.0,fully_functional,19750.0,0.0,upgrade
DEV001163,phone,mid,124000.0,50,45,screen_crack,0.87,partially_functional,14060.0,43440.0,recycle
DEV001164,phone,mid,100600.0,41,56,screen_scratch,0.26,fully_functional,23480.0,2550.0,repair
DEV001165,pc,budget,100800.0,39,64,none,0.0,fully_functional,58760.0,0.0,sell
DEV001166,pc,mid,173800.0,99,15,none,0.0,fully_functional,39770.0,0.0,upgrade
DEV001167,laptop,budget,111900.0,100,15,none,0.0,fully_functional,13380.0,0.0,upgrade
DEV001168,pc,budget,81900.0,74,41,none,0.0,fully_functional,25830.0,0.0,upgrade
DEV001169,phone,budget,37900.0,29,74,body_damage,0.99,partially_functional,7930.0,7830.0,recycle
DEV001170,laptop,budget,138600.0,52,67,screen_scratch,0.88,fully_functional,27660.0,6170.0,repair
DEV001171,tablet,mid,87100.0,30,66,screen_crack,0.37,not_functional,32020.0,12170.0,sell
DEV001172,phone,budget,31800.0,27,68,battery_issue,0.68,not_functional,8740.0,3090.0,sell
DEV001173,pc,budget,106100.0,25,84,screen_scratch,0.98,not_functional,38730.0,5300.0,sell
DEV001174,laptop,premium,183300.0,52,50,dead_pixel,0.75,not_functional,37370.0,23080.0,sell
DEV001175,pc,premium,101400.0,15,94,port_damage,0.6,not_functional,63430.0,5510.0,sell
DEV001176,laptop,mid,61300.0,23,79,battery_issue,0.16,partially_functional,37450.0,3060.0,repair
DEV001177,laptop,mid,173400.0,31,76,screen_crack,0.94,partially_functional,45500.0,50590.0,recycle
DEV001178,phone,mid,112200.0,8,85,body_damage,0.64,partially_functional,57330.0,15130.0,repair
DEV001179,phone,budget,70600.0,72,39,none,0.0,fully_functional,7830.0,0.0,upgrade
DEV001180,pc,mid,81000.0,144,15,none,0.0,fully_functional,10560.0,0.0,upgrade
DEV001181,phone,budget,90000.0,12,91,screen_crack,0.67,not_functional,42940.0,24530.0,sell
DEV001182,phone,mid,17800.0,15,92,none,0.0,fully_functional,10980.0,0.0,sell
DEV001183,phone,premium,125900.0,17,100,screen_scratch,0.96,partially_functional,37230.0,5080.0,repair
DEV001184,phone,mid,17000.0,21,86,screen_crack,0.33,partially_functional,7750.0,3440.0,recycle
DEV001185,pc,premium,148300.0,37,77,screen_crack,0.21,fully_functional,77740.0,26660.0,repair
DEV001186,laptop,mid,215300.0,5,100,screen_scratch,0.72,partially_functional,142050.0,6560.0,repair
DEV001187,monitor,mid,23400.0,113,15,none,0.0,fully_functional,5860.0,0.0,upgrade
DEV001188,phone,mid,72800.0,49,57,screen_scratch,0.2,fully_functional,13440.0,1710.0,repair
DEV001189,tablet,mid,54200.0,50,71,none,0.0,fully_functional,18630.0,0.0,upgrade
DEV001190,laptop,mid,211400.0,31,65,screen_crack,0.93,partially_functional,57440.0,49780.0,recycle
DEV001191,laptop,budget,73200.0,28,74,none,0.0,fully_functional,41650.0,0.0,sell
DEV001192,pc,mid,138900.0,19,93,body_damage,0.18,fully_functional,94820.0,8610.0,sell
DEV001193,monitor,budget,26800.0,30,66,port_damage,0.27,fully_functional,15640.0,1140.0,repair
DEV001194,pc,mid,30700.0,79,34,screen_crack,0.7,partially_functional,6490.0,8220.0,recycle
DEV001195,phone,budget,21200.0,33,78,none,0.0,fully_functional,8080.0,0.0,upgrade
DEV001196,phone,mid,81400.0,47,45,body_damage,0.47,fully_functional,14440.0,8190.0,recycle
DEV001197,tablet,budget,14300.0,53,39,screen_crack,0.59,fully_functional,3260.0,3990.0,recycle
DEV001198,phone,budget,31500.0,34,68,screen_scratch,0.54,fully_functional,7730.0,950.0,repair
DEV001199,tablet,mid,83000.0,43,56,screen_crack,0.47,fully_functional,25210.0,18530.0,sell
DEV001200,laptop,budget,84500.0,120,15,screen_scratch,0.54,fully_functional,5270.0,2270.0,recycle
DEV001201,laptop,premium,239800.0,39,70,screen_scratch,0.59,not_functional,74290.0,6440.0,sell
DEV001202,pc,mid,131900.0,28,58,screen_crack,0.39,fully_functional,66160.0,29700.0,sell
DEV001203,tablet,budget,24400.0,14,80,screen_crack,0.55,fully_functional,13100.0,5700.0,sell
DEV001204,phone,budget,104100.0,30,63,keyboard_damage,0.68,not_functional,25570.0,7540.0,sell
DEV001205,phone,premium,166300.0,13,100,screen_scratch,0.59,partially_functional,73110.0,5690.0,repair
DEV001206,tablet,mid,26500.0,18,86,keyboard_damage,0.84,not_functional,10670.0,2440.0,sell
DEV001207,laptop,mid,51200.0,43,72,keyboard_damage,0.53,partially_functional,15960.0,3710.0,repair
DEV001208,phone,budget,76700.0,18,68,none,0.0,fully_functional,40510.0,0.0,sell
DEV001209,laptop,mid,121900.0,84,17,port_damage,0.92,partially_functional,10070.0,8300.0,recycle
DEV001210,pc,premium,61500.0,28,75,battery_issue,0.94,partially_functional,21940.0,5980.0,repair
DEV001211,pc,budget,120500.0,48,68,port_damage,0.97,not_functional,33460.0,9080.0,upgrade
DEV001212,laptop,budget,53300.0,72,44,screen_crack,0.37,fully_functional,9340.0,9590.0,recycle
DEV001213,laptop,budget,144900.0,40,65,screen_crack,0.64,not_functional,43250.0,34570.0,sell
DEV001214,phone,budget,89200.0,31,75,screen_scratch,0.69,not_functional,24890.0,3070.0,sell
DEV001215,laptop,mid,134400.0,17,75,body_damage,0.45,partially_functional,74110.0,14660.0,repair
DEV001216,phone,premium,16900.0,51,65,none,0.0,fully_functional,3550.0,0.0,upgrade
DEV001217,laptop,premium,290300.0,45,79,none,0.0,fully_functional,119540.0,0.0,sell
DEV001218,tablet,mid,41200.0,69,30,screen_crack,0.5,partially_functional,5910.0,8840.0,recycle
DEV001219,phone,budget,32200.0,50,65,dead_pixel,0.84,partially_functional,4060.0,3340.0,recycle
DEV001220,phone,premium,115100.0,10,85,none,0.0,fully_functional,81070.0,0.0,sell
DEV001221,phone,budget,39900.0,6,94,keyboard_damage,0.25,not_functional,28540.0,1410.0,sell
DEV001222,pc,budget,38200.0,23,82,screen_scratch,0.54,not_functional,19880.0,1180.0,sell
DEV001223,tablet,mid,36800.0,20,78,screen_scratch,0.79,not_functional,12780.0,1270.0,sell
DEV001224,phone,budget,88100.0,21,79,body_damage,0.41,fully_functional,35920.0,11160.0,repair
DEV001225,pc,premium,182300.0,25,86,screen_crack,0.41,fully_functional,116700.0,28300.0,repair
DEV001226,laptop,premium,132900.0,30,76,screen_crack,0.97,partially_functional,34350.0,34170.0,recycle
DEV001227,laptop,mid,248000.0,22,79,none,0.0,fully_functional,168110.0,0.0,sell
DEV001228,monitor,mid,56900.0,168,15,screen_crack,0.46,fully_functional,6360.0,12670.0,recycle
DEV001229,phone,budget,65200.0,37,66,screen_scratch,0.45,partially_functional,16420.0,1910.0,repair
DEV001230,phone,budget,56200.0,17,100,keyboard_damage,0.88,partially_functional,18960.0,4440.0,repair
DEV001231,laptop,mid,105600.0,33,64,port_damage,0.2,not_functional,48840.0,4040.0,sell
DEV001232,phone,mid,53100.0,24,66,port_damage,0.54,fully_functional,19280.0,1820.0,repair
DEV001233,tablet,premium,44100.0,96,24,screen_crack,0.93,fully_functional,2770.0,13330.0,recycle
DEV001234,phone,budget,31500.0,34,68,body_damage,0.63,partially_functional,7550.0,4250.0,upgrade
DEV001235,phone,budget,78900.0,72,34,none,0.0,fully_functional,8230.0,0.0,upgrade
DEV001236,phone,budget,12600.0,25,59,none,0.0,fully_functional,5280.0,0.0,sell
DEV001237,laptop,mid,142000.0,65,42,screen_crack,0.68,partially_functional,24010.0,38160.0,recycle
DEV001238,phone,mid,35000.0,22,84,battery_issue,0.73,partially_functional,11690.0,3670.0,repair
DEV001239,phone,premium,207700.0,28,71,body_damage,0.93,partially_functional,46130.0,45970.0,recycle
DEV001240,pc,budget,86000.0,31,67,screen_scratch,0.33,fully_functional,44550.0,2370.0,repair
DEV001241,phone,mid,15600.0,48,59,keyboard_damage,0.25,fully_functional,3070.0,540.0,repair
DEV001242,laptop,budget,31600.0,68,44,keyboard_damage,0.31,fully_functional,7090.0,1730.0,repair
DEV001243,phone,budget,98300.0,72,36,none,0.0,fully_functional,10420.0,0.0,upgrade
DEV001244,laptop,budget,52300.0,68,38,none,0.0,fully_functional,12580.0,0.0,upgrade
DEV001245,phone,mid,13900.0,6,90,none,0.0,fully_functional,10070.0,0.0,sell
DEV001246,tablet,mid,30500.0,33,66,port_damage,0.86,partially_functional,8440.0,1980.0,repair
DEV001247,phone,budget,74800.0,17,78,none,0.0,fully_functional,44600.0,0.0,upgrade
DEV001248,pc,mid,88200.0,26,60,keyboard_damage,0.41,fully_functional,46530.0,5350.0,repair
DEV001249,monitor,premium,26900.0,7,100,none,0.0,fully_functional,25960.0,0.0,sell
DEV001250,phone,budget,11700.0,53,55,none,0.0,fully_functional,2150.0,0.0,upgrade
DEV001251,phone,budget,77400.0,42,78,screen_crack,0.48,partially_functional,16510.0,15410.0,recycle
DEV001252,phone,mid,38600.0,17,91,dead_pixel,1.0,not_functional,12670.0,5280.0,sell
DEV001253,tablet,mid,56200.0,36,49,none,0.0,fully_functional,21510.0,0.0,sell
DEV001254,phone,premium,213800.0,19,80,none,0.0,fully_functional,109920.0,0.0,sell
DEV001255,pc,budget,48900.0,17,65,screen_crack,0.72,not_functional,21250.0,12500.0,upgrade
DEV001256,pc,mid,31500.0,42,64,screen_scratch,0.56,fully_functional,12130.0,1090.0,repair
DEV001257,pc,premium,288100.0,104,15,none,0.0,fully_functional,66350.0,0.0,upgrade
DEV001258,laptop,budget,105700.0,39,64,screen_crack,0.62,fully_functional,32650.0,21320.0,sell
DEV001259,monitor,mid,36000.0,57,43,none,0.0,fully_functional,17830.0,0.0,sell
DEV001260,phone,premium,182800.0,8,82,screen_scratch,0.41,fully_functional,99160.0,4050.0,repair
DEV001261,laptop,budget,128900.0,44,54,screen_scratch,0.7,partially_functional,31280.0,5150.0,repair
DEV001262,phone,mid,91400.0,40,67,none,0.0,fully_functional,25680.0,0.0,upgrade
DEV001263,monitor,premium,13500.0,60,51,screen_crack,0.69,partially_functional,4480.0,3580.0,sell
DEV001264,laptop,budget,106900.0,103,15,body_damage,0.58,fully_functional,8810.0,15230.0,recycle
DEV001265,pc,mid,123200.0,26,78,none,0.0,fully_functional,84300.0,0.0,sell
DEV001266,phone,mid,113300.0,7,97,screen_crack,0.98,partially_functional,47640.0,38090.0,sell
DEV001267,monitor,premium,56900.0,102,17,port_damage,0.35,fully_functional,12560.0,2390.0,repair
DEV001268,laptop,premium,207600.0,84,34,dead_pixel,0.99,partially_functional,20200.0,35340.0,recycle
DEV001269,laptop,premium,141000.0,53,49,none,0.0,fully_functional,50290.0,0.0,sell
DEV001270,monitor,budget,16200.0,42,55,none,0.0,fully_functional,9750.0,0.0,sell
DEV001271,laptop,mid,44900.0,120,15,screen_scratch,0.62,not_functional,2750.0,1250.0,recycle
DEV001272,laptop,premium,100700.0,18,97,none,0.0,fully_functional,70500.0,0.0,sell
DEV001273,laptop,mid,31200.0,21,83,none,0.0,fully_functional,20800.0,0.0,sell
DEV001274,phone,mid,134900.0,11,86,port_damage,0.5,partially_functional,64180.0,6360.0,repair
DEV001275,phone,budget,97100.0,33,66,body_damage,0.36,fully_functional,27550.0,8590.0,recycle
DEV001276,phone,premium,160300.0,17,95,body_damage,0.28,partially_functional,77720.0,14440.0,repair
DEV001277,phone,budget,63800.0,14,84,battery_issue,0.31,partially_functional,35530.0,4540.0,repair
DEV001278,pc,budget,35500.0,68,42,screen_scratch,0.94,fully_functional,6840.0,1600.0,repair
DEV001279,laptop,premium,367300.0,48,64,dead_pixel,0.91,partially_functional,77920.0,61230.0,sell
DEV001280,laptop,premium,306800.0,48,53,screen_scratch,0.98,fully_functional,58340.0,12160.0,repair
DEV001281,laptop,premium,227900.0,47,56,dead_pixel,0.86,not_functional,50970.0,30740.0,sell
DEV001282,laptop,mid,126700.0,100,15,body_damage,0.96,not_functional,7720.0,25820.0,recycle
DEV001283,tablet,budget,20700.0,31,78,keyboard_damage,0.32,fully_functional,7950.0,870.0,repair
DEV001284,monitor,mid,12800.0,75,28,none,0.0,fully_functional,5210.0,0.0,sell
DEV001285,monitor,budget,22400.0,105,15,screen_crack,0.71,fully_functional,3660.0,7280.0,recycle
DEV001286,laptop,premium,133200.0,120,15,port_damage,0.54,partially_functional,8220.0,5720.0,recycle
DEV001287,phone,mid,9100.0,24,64,port_damage,0.17,fully_functional,3980.0,410.0,repair
DEV001288,laptop,mid,99300.0,82,15,none,0.0,fully_functional,16530.0,0.0,upgrade
DEV001289,laptop,budget,155600.0,36,66,body_damage,0.69,not_functional,45120.0,16420.0,recycle
DEV001290,laptop,mid,240600.0,24,76,keyboard_damage,0.91,not_functional,87430.0,16840.0,sell
DEV001291,tablet,premium,98900.0,47,49,none,0.0,fully_functional,31690.0,0.0,upgrade
DEV001292,laptop,mid,232100.0,60,44,none,0.0,fully_functional,71280.0,0.0,upgrade
DEV001293,phone,budget,19400.0,51,48,screen_scratch,0.23,partially_functional,3490.0,370.0,repair
DEV001294,phone,budget,45000.0,58,39,screen_scratch,0.76,partially_functional,4640.0,1370.0,repair
DEV001295,laptop,budget,162000.0,52,58,battery_issue,0.86,partially_functional,33100.0,13770.0,sell
DEV001296,phone,budget,77900.0,14,88,dead_pixel,0.86,not_functional,28330.0,13140.0,sell
DEV001297,phone,premium,21900.0,9,95,none,0.0,fully_functional,17300.0,0.0,sell
DEV001298,tablet,mid,13800.0,42,73,dead_pixel,0.28,partially_functional,5160.0,1230.0,repair
DEV001299,laptop,budget,105500.0,50,60,screen_scratch,0.78,not_functional,24470.0,3450.0,sell
DEV001300,phone,mid,138900.0,68,29,screen_crack,0.45,fully_functional,13060.0,27090.0,recycle
DEV001301,laptop,budget,105900.0,120,15,screen_scratch,0.23,fully_functional,8210.0,1950.0,repair
DEV001302,pc,budget,102000.0,129,15,none,0.0,fully_functional,16020.0,0.0,upgrade
DEV001303,phone,mid,42400.0,44,59,keyboard_damage,0.98,partially_functional,5230.0,4340.0,recycle
DEV001304,pc,budget,113500.0,35,66,screen_scratch,0.75,not_functional,45320.0,3950.0,sell
DEV001305,monitor,mid,47100.0,92,30,port_damage,0.71,not_functional,9310.0,2790.0,upgrade
DEV001306,laptop,premium,79300.0,66,40,battery_issue,0.79,partially_functional,11640.0,7310.0,upgrade
DEV001307,tablet,premium,78000.0,24,82,screen_scratch,0.48,fully_functional,34770.0,2540.0,repair
DEV001308,phone,budget,66600.0,40,61,screen_crack,0.41,partially_functional,14000.0,12110.0,recycle
DEV001309,monitor,mid,32600.0,119,15,screen_scratch,0.73,fully_functional,4600.0,1420.0,repair
DEV001310,laptop,budget,139200.0,28,67,none,0.0,fully_functional,73020.0,0.0,sell
DEV001311,monitor,mid,14000.0,84,16,port_damage,0.37,partially_functional,3430.0,830.0,repair
DEV001312,laptop,budget,112100.0,4,100,none,0.0,fully_functional,98320.0,0.0,sell
DEV001313,phone,mid,101900.0,31,62,dead_pixel,0.16,not_functional,34580.0,6670.0,sell
DEV001314,phone,budget,28700.0,67,38,screen_crack,0.4,partially_functional,2950.0,5740.0,recycle
DEV001315,tablet,premium,31000.0,13,87,screen_scratch,1.0,partially_functional,11470.0,1680.0,repair
DEV001316,laptop,premium,145700.0,69,31,screen_scratch,0.92,not_functional,16940.0,6510.0,upgrade
DEV001317,phone,budget,71400.0,4,88,screen_crack,0.41,fully_functional,47500.0,15580.0,repair
DEV001318,tablet,mid,47800.0,64,39,body_damage,0.37,fully_functional,8930.0,6570.0,recycle
DEV001319,pc,budget,41200.0,44,82,none,0.0,fully_functional,24350.0,0.0,sell
DEV001320,laptop,mid,132100.0,6,100,none,0.0,fully_functional,124780.0,0.0,sell
DEV001321,laptop,budget,80600.0,56,41,screen_scratch,0.24,fully_functional,21480.0,1840.0,repair
DEV001322,phone,budget,50300.0,9,100,body_damage,0.87,partially_functional,23800.0,9720.0,sell
DEV001323,pc,mid,97900.0,75,35,screen_crack,0.89,partially_functional,17310.0,31350.0,recycle
DEV001324,phone,mid,134100.0,23,65,screen_crack,0.96,partially_functional,30750.0,35590.0,recycle
DEV001325,pc,mid,123500.0,21,69,body_damage,0.24,fully_functional,75820.0,10830.0,repair
DEV001326,laptop,mid,168700.0,38,60,screen_crack,0.32,fully_functional,66820.0,37210.0,sell
DEV001327,laptop,budget,93300.0,25,72,none,0.0,fully_functional,56470.0,0.0,sell
DEV001328,phone,budget,51600.0,23,74,body_damage,0.87,not_functional,14830.0,6290.0,sell
DEV001329,phone,mid,44600.0,27,91,body_damage,0.29,not_functional,17250.0,3700.0,sell
DEV001330,pc,mid,166700.0,105,15,screen_crack,0.61,not_functional,24610.0,47710.0,recycle
DEV001331,laptop,budget,156800.0,8,71,none,0.0,fully_functional,123180.0,0.0,sell
DEV001332,laptop,budget,29000.0,33,92,port_damage,0.97,fully_functional,7710.0,2170.0,repair
DEV001333,monitor,mid,20100.0,137,15,keyboard_damage,0.91,fully_functional,2080.0,1830.0,recycle
DEV001334,monitor,mid,30200.0,67,27,keyboard_damage,0.94,partially_functional,6340.0,2610.0,sell
DEV001335,pc,premium,217500.0,17,96,screen_crack,0.62,partially_functional,118550.0,41690.0,sell
DEV001336,phone,mid,30600.0,55,60,screen_crack,0.35,fully_functional,4830.0,5830.0,recycle
DEV001337,laptop,mid,157900.0,39,69,keyboard_damage,0.24,partially_functional,62830.0,5860.0,repair
DEV001338,pc,mid,121900.0,12,92,screen_scratch,0.4,partially_functional,88390.0,3360.0,repair
DEV001339,laptop,budget,146300.0,28,74,body_damage,0.18,partially_functional,71050.0,10340.0,repair
DEV001340,phone,budget,9500.0,2,97,body_damage,0.23,fully_functional,7760.0,870.0,repair
DEV001341,pc,budget,44900.0,55,58,none,0.0,fully_functional,18530.0,0.0,sell
DEV001342,laptop,premium,45300.0,3,97,none,0.0,fully_functional,40660.0,0.0,sell
DEV001343,laptop,budget,170700.0,31,68,port_damage,0.27,fully_functional,78850.0,7120.0,repair
DEV001344,monitor,mid,50600.0,67,44,port_damage,0.67,partially_functional,14940.0,2890.0,repair
DEV001345,tablet,mid,29400.0,83,28,dead_pixel,0.79,partially_functional,2710.0,3970.0,sell
DEV001346,laptop,budget,73500.0,38,78,body_damage,0.98,not_functional,18800.0,13440.0,sell
DEV001347,laptop,premium,249000.0,108,15,none,0.0,fully_functional,26950.0,0.0,upgrade
DEV001348,laptop,mid,92800.0,84,18,screen_crack,0.15,not_functional,14200.0,14420.0,recycle
DEV001349,phone,budget,26500.0,23,81,battery_issue,0.35,not_functional,11150.0,1910.0,sell
DEV001350,pc,mid,165900.0,46,72,screen_crack,0.43,not_functional,66290.0,24250.0,sell
DEV001351,pc,mid,73500.0,49,59,battery_issue,0.51,fully_functional,24560.0,5550.0,repair
DEV001352,phone,budget,21000.0,10,98,none,0.0,fully_functional,15500.0,0.0,sell
DEV001353,phone,mid,38300.0,44,68,none,0.0,fully_functional,9850.0,0.0,upgrade
DEV001354,pc,mid,125700.0,12,92,none,0.0,fully_functional,107410.0,0.0,sell
DEV001355,phone,budget,62400.0,25,70,body_damage,0.21,not_functional,24150.0,4850.0,sell
DEV001356,laptop,premium,319800.0,0,100,screen_crack,0.93,not_functional,167050.0,116010.0,sell
DEV001357,laptop,mid,110500.0,88,30,dead_pixel,0.37,partially_functional,15050.0,8300.0,recycle
DEV001358,tablet,mid,40900.0,21,90,none,0.0,fully_functional,24540.0,0.0,sell
DEV001359,phone,budget,32600.0,72,36,body_damage,0.54,not_functional,2490.0,4080.0,recycle
DEV001360,tablet,budget,11900.0,5,95,none,0.0,fully_functional,10340.0,0.0,sell
DEV001361,laptop,mid,238100.0,32,74,battery_issue,0.3,partially_functional,96230.0,17250.0,repair
DEV001362,tablet,mid,28100.0,40,60,body_damage,0.74,not_functional,6850.0,3790.0,sell
DEV001363,phone,mid,96300.0,31,59,screen_scratch,0.79,partially_functional,20380.0,3380.0,repair
DEV001364,laptop,mid,39100.0,29,72,keyboard_damage,0.38,partially_functional,16890.0,2090.0,repair
DEV001365,laptop,budget,25400.0,81,21,screen_crack,0.66,partially_functional,3010.0,8690.0,recycle
DEV001366,phone,mid,101400.0,49,55,none,0.0,fully_functional,19590.0,0.0,upgrade
DEV001367,phone,premium,22900.0,50,67,battery_issue,0.8,fully_functional,3170.0,2050.0,sell
DEV001368,phone,mid,9500.0,53,58,screen_crack,0.17,not_functional,1950.0,1220.0,recycle
DEV001369,phone,mid,85900.0,49,58,body_damage,0.57,partially_functional,12810.0,10560.0,recycle
DEV001370,phone,premium,67300.0,24,70,none,0.0,fully_functional,30280.0,0.0,sell
DEV001371,monitor,budget,21900.0,13,80,none,0.0,fully_functional,17450.0,0.0,sell
DEV001372,laptop,mid,115400.0,42,52,screen_scratch,0.29,fully_functional,37520.0,3080.0,repair
DEV001373,pc,premium,51800.0,25,83,dead_pixel,0.58,partially_functional,28560.0,4960.0,repair
DEV001374,monitor,mid,7700.0,75,19,none,0.0,fully_functional,2720.0,0.0,sell
DEV001375,phone,budget,36200.0,20,81,screen_crack,0.93,not_functional,10780.0,11660.0,recycle
DEV001376,tablet,premium,90100.0,18,97,screen_scratch,0.68,partially_functional,43650.0,2980.0,repair
DEV001377,pc,budget,81300.0,44,64,none,0.0,fully_functional,45150.0,0.0,sell
DEV001378,tablet,budget,61500.0,9,85,none,0.0,fully_functional,52040.0,0.0,sell
DEV001379,laptop,budget,19000.0,46,60,none,0.0,fully_functional,6820.0,0.0,sell
DEV001380,laptop,mid,239700.0,24,70,screen_scratch,0.28,not_functional,127660.0,5580.0,sell
DEV001381,phone,mid,98600.0,72,35,battery_issue,0.3,fully_functional,8620.0,6790.0,recycle
DEV001382,laptop,mid,183500.0,120,15,body_damage,0.94,partially_functional,8920.0,29490.0,recycle
DEV001383,monitor,premium,34900.0,93,17,keyboard_damage,0.81,partially_functional,5900.0,2960.0,upgrade
DEV001384,monitor,mid,49600.0,85,40,screen_crack,0.21,partially_functional,14670.0,6600.0,upgrade
DEV001385,phone,mid,130100.0,42,59,none,0.0,fully_functional,34760.0,0.0,upgrade
DEV001386,tablet,premium,93300.0,2,98,port_damage,0.24,fully_functional,81220.0,3940.0,repair
DEV001387,phone,premium,151000.0,34,58,screen_scratch,0.16,fully_functional,42270.0,3110.0,repair
DEV001388,monitor,budget,14800.0,115,18,none,0.0,fully_functional,3460.0,0.0,upgrade
DEV001389,phone,budget,104400.0,41,67,body_damage,0.6,partially_functional,19500.0,13040.0,upgrade
DEV001390,monitor,mid,57100.0,26,87,screen_crack,0.27,partially_functional,38380.0,9330.0,repair
DEV001391,pc,premium,200000.0,14,86,battery_issue,0.58,fully_functional,112060.0,16520.0,repair
DEV001392,phone,mid,92900.0,21,68,body_damage,0.28,not_functional,42170.0,10320.0,sell
DEV001393,phone,budget,32100.0,27,75,screen_crack,0.32,partially_functional,11210.0,5920.0,sell
DEV001394,pc,mid,134700.0,70,27,keyboard_damage,0.58,fully_functional,32690.0,7650.0,repair
DEV001395,phone,mid,39000.0,31,60,keyboard_damage,0.99,partially_functional,6720.0,3430.0,sell
DEV001396,laptop,mid,197400.0,96,27,dead_pixel,0.35,fully_functional,22200.0,15450.0,recycle
DEV001397,monitor,premium,55800.0,73,39,none,0.0,fully_functional,20770.0,0.0,sell
DEV001398,laptop,mid,224300.0,62,33,none,0.0,fully_functional,62770.0,0.0,upgrade
DEV001399,laptop,mid,137300.0,53,56,none,0.0,fully_functional,48120.0,0.0,sell
DEV001400,laptop,mid,94700.0,78,24,screen_scratch,0.79,not_functional,10880.0,3050.0,upgrade
DEV001401,phone,mid,123200.0,26,75,keyboard_damage,0.64,not_functional,39070.0,7890.0,sell
DEV001402,monitor,mid,16900.0,64,40,none,0.0,fully_functional,7130.0,0.0,sell
DEV001403,phone,mid,26600.0,4,86,dead_pixel,0.26,fully_functional,20470.0,1450.0,repair
DEV001404,phone,mid,13900.0,59,49,body_damage,0.89,fully_functional,1220.0,2440.0,recycle
DEV001405,phone,mid,74200.0,28,76,screen_crack,0.38,fully_functional,25920.0,17720.0,sell
DEV001406,monitor,mid,32700.0,21,93,screen_scratch,0.6,fully_functional,18320.0,1240.0,repair
DEV001407,phone,budget,47600.0,41,67,none,0.0,fully_functional,13400.0,0.0,upgrade
DEV001408,pc,mid,172200.0,20,82,dead_pixel,0.94,partially_functional,61930.0,23950.0,sell
DEV001409,tablet,mid,11800.0,39,70,keyboard_damage,0.61,partially_functional,3300.0,860.0,repair
DEV001410,pc,budget,44200.0,51,67,keyboard_damage,0.76,not_functional,14600.0,4100.0,sell
DEV001411,monitor,budget,9600.0,59,39,battery_issue,0.59,fully_functional,3050.0,930.0,repair
DEV001412,pc,budget,68000.0,28,70,none,0.0,fully_functional,42720.0,0.0,sell
DEV001413,monitor,premium,58600.0,25,92,screen_scratch,0.52,fully_functional,33130.0,2120.0,repair
DEV001414,phone,premium,195000.0,52,46,dead_pixel,0.89,fully_functional,19210.0,27830.0,recycle
DEV001415,pc,mid,114900.0,20,80,none,0.0,fully_functional,83160.0,0.0,sell
DEV001416,laptop,mid,189800.0,10,95,port_damage,0.89,not_functional,87670.0,14450.0,sell
DEV001417,laptop,mid,103100.0,33,74,body_damage,0.92,fully_functional,28990.0,15890.0,sell
DEV001418,pc,mid,194300.0,63,44,screen_crack,0.42,fully_functional,60960.0,56970.0,recycle
DEV001419,monitor,premium,12400.0,32,62,none,0.0,fully_functional,8600.0,0.0,sell
DEV001420,tablet,budget,44300.0,61,29,body_damage,0.98,not_functional,5030.0,7650.0,recycle
DEV001421,laptop,budget,114500.0,120,15,body_damage,0.5,fully_functional,6720.0,15480.0,recycle
DEV001422,laptop,mid,211600.0,16,94,body_damage,0.6,not_functional,107240.0,32520.0,sell
DEV001423,laptop,budget,29700.0,80,25,dead_pixel,0.84,fully_functional,3050.0,3570.0,recycle
DEV001424,laptop,mid,160000.0,25,82,screen_scratch,0.8,partially_functional,58430.0,4640.0,repair
DEV001425,laptop,mid,36200.0,101,15,dead_pixel,0.63,not_functional,2920.0,3890.0,repair
DEV001426,phone,budget,19200.0,29,65,body_damage,0.78,not_functional,4650.0,3080.0,sell
DEV001427,phone,mid,99500.0,55,53,dead_pixel,0.52,fully_functional,13380.0,9020.0,recycle
DEV001428,pc,mid,189200.0,17,100,battery_issue,0.74,fully_functional,101750.0,18700.0,repair
DEV001429,laptop,premium,258000.0,28,71,none,0.0,fully_functional,142100.0,0.0,sell
DEV001430,monitor,mid,54800.0,76,40,screen_crack,0.88,not_functional,11890.0,12550.0,recycle
DEV001431,tablet,budget,58100.0,23,65,body_damage,0.34,fully_functional,29640.0,6440.0,repair
DEV001432,phone,mid,76700.0,37,53,port_damage,0.57,partially_functional,15190.0,4660.0,repair
DEV001433,phone,mid,20600.0,16,71,screen_crack,0.99,partially_functional,6110.0,6950.0,recycle
DEV001434,phone,mid,98100.0,55,56,screen_crack,0.3,fully_functional,15150.0,18270.0,repair
DEV001435,monitor,mid,40600.0,30,68,screen_crack,0.97,not_functional,14070.0,11840.0,recycle
DEV001436,phone,budget,17200.0,72,37,screen_scratch,0.44,not_functional,1450.0,480.0,recycle
DEV001437,laptop,mid,72700.0,84,37,none,0.0,fully_functional,12330.0,0.0,upgrade
DEV001438,monitor,mid,42500.0,3,80,keyboard_damage,0.73,not_functional,24000.0,2490.0,sell
DEV001439,monitor,budget,29700.0,59,67,screen_crack,0.61,partially_functional,10690.0,6140.0,sell
DEV001440,phone,mid,63700.0,31,56,battery_issue,0.47,partially_functional,17470.0,3890.0,repair
DEV001441,phone,premium,94100.0,42,67,body_damage,0.96,partially_functional,12780.0,20650.0,recycle
DEV001442,phone,mid,132400.0,27,80,body_damage,0.59,partially_functional,42510.0,16600.0,sell
DEV001443,phone,budget,71600.0,40,62,screen_scratch,0.45,fully_functional,16350.0,2480.0,repair
DEV001444,phone,mid,98900.0,71,39,screen_crack,0.46,fully_functional,8380.0,20660.0,recycle
DEV001445,laptop,budget,128500.0,120,15,none,0.0,fully_functional,11090.0,0.0,upgrade
DEV001446,monitor,mid,10200.0,9,82,none,0.0,fully_functional,9090.0,0.0,sell
DEV001447,laptop,mid,105700.0,51,59,keyboard_damage,0.48,fully_functional,27870.0,5580.0,repair
DEV001448,tablet,budget,10900.0,17,84,none,0.0,fully_functional,7500.0,0.0,sell
DEV001449,phone,budget,73100.0,43,69,screen_scratch,0.99,partially_functional,9320.0,2780.0,repair
DEV001450,pc,premium,86300.0,57,40,none,0.0,fully_functional,35310.0,0.0,sell
DEV001451,tablet,budget,44600.0,57,47,battery_issue,0.56,fully_functional,8980.0,4390.0,upgrade
DEV001452,pc,premium,285500.0,40,45,none,0.0,fully_functional,163740.0,0.0,sell
DEV001453,monitor,mid,34200.0,64,38,none,0.0,fully_functional,14770.0,0.0,sell
DEV001454,phone,mid,11500.0,8,86,none,0.0,fully_functional,8410.0,0.0,sell
DEV001455,phone,budget,61700.0,1,100,port_damage,0.38,fully_functional,47880.0,2860.0,repair
DEV001456,phone,budget,15300.0,17,81,body_damage,0.99,not_functional,4180.0,2630.0,sell
DEV001457,laptop,budget,155500.0,25,76,screen_scratch,0.93,not_functional,50830.0,8500.0,sell
DEV001458,monitor,mid,52200.0,16,85,screen_crack,0.32,fully_functional,35860.0,8200.0,repair
DEV001459,laptop,premium,371500.0,47,58,none,0.0,fully_functional,132120.0,0.0,sell
DEV001460,pc,premium,179600.0,27,72,none,0.0,fully_functional,118010.0,0.0,sell
DEV001461,laptop,budget,108300.0,57,39,none,0.0,fully_functional,32630.0,0.0,upgrade
DEV001462,phone,budget,10500.0,16,91,screen_crack,0.61,partially_functional,4530.0,2930.0,sell
DEV001463,phone,budget,91600.0,8,100,none,0.0,fully_functional,70720.0,0.0,sell
DEV001464,tablet,premium,23700.0,21,80,body_damage,0.26,partially_functional,13370.0,2260.0,repair
DEV001465,tablet,budget,20100.0,94,15,screen_crack,0.63,not_functional,1570.0,4110.0,recycle
DEV001466,laptop,budget,40800.0,8,96,none,0.0,fully_functional,33640.0,0.0,sell
DEV001467,phone,mid,56600.0,27,70,none,0.0,fully_functional,24040.0,0.0,sell
DEV001468,tablet,mid,31100.0,71,31,none,0.0,fully_functional,5270.0,0.0,upgrade
DEV001469,phone,budget,90300.0,25,77,body_damage,0.71,not_functional,27100.0,10710.0,sell
DEV001470,monitor,mid,43500.0,80,19,none,0.0,fully_functional,16850.0,0.0,upgrade
DEV001471,phone,budget,96700.0,23,86,screen_scratch,0.28,not_functional,43860.0,2520.0,sell
DEV001472,phone,budget,50100.0,11,83,dead_pixel,0.9,not_functional,19030.0,7870.0,sell
DEV001473,laptop,budget,150600.0,27,68,body_damage,0.45,fully_functional,65620.0,20290.0,repair
DEV001474,laptop,budget,172900.0,88,17,body_damage,0.55,not_functional,19610.0,22310.0,recycle
DEV001475,laptop,premium,353600.0,120,15,port_damage,0.74,partially_functional,19400.0,16470.0,sell
DEV001476,laptop,mid,178900.0,5,89,screen_scratch,0.18,fully_functional,143370.0,3930.0,repair
DEV001477,monitor,mid,7500.0,19,88,battery_issue,0.48,partially_functional,4060.0,690.0,repair
DEV001478,laptop,budget,155800.0,33,67,none,0.0,fully_functional,75970.0,0.0,sell
DEV001479,laptop,mid,142400.0,13,84,screen_scratch,0.54,partially_functional,76050.0,4350.0,repair
DEV001480,laptop,premium,159500.0,41,62,body_damage,0.83,partially_functional,39180.0,17140.0,sell
DEV001481,phone,budget,73000.0,29,76,screen_crack,0.41,partially_functional,22820.0,14000.0,sell
DEV001482,laptop,premium,300200.0,21,75,port_damage,0.56,partially_functional,141080.0,19720.0,repair
DEV001483,phone,mid,127900.0,28,75,port_damage,0.2,not_functional,53090.0,4180.0,sell
DEV001484,tablet,mid,49400.0,24,77,screen_scratch,0.43,fully_functional,23380.0,1160.0,repair
DEV001485,phone,budget,63900.0,15,82,screen_crack,0.95,not_functional,20720.0,26380.0,recycle
DEV001486,monitor,mid,58900.0,19,89,screen_crack,0.89,partially_functional,28170.0,19670.0,upgrade
DEV001487,laptop,mid,241100.0,19,83,body_damage,0.73,fully_functional,108040.0,38130.0,sell
DEV001488,pc,premium,108500.0,43,59,none,0.0,fully_functional,58850.0,0.0,sell
DEV001489,laptop,premium,142100.0,64,39,none,0.0,fully_functional,35370.0,0.0,upgrade
DEV001490,phone,budget,78600.0,26,76,screen_crack,0.66,fully_functional,23250.0,19270.0,recycle
DEV001491,pc,premium,115200.0,93,15,dead_pixel,0.8,fully_functional,17290.0,18710.0,recycle
DEV001492,tablet,premium,77600.0,42,72,screen_crack,0.82,partially_functional,19940.0,20210.0,recycle
DEV001493,pc,mid,71900.0,31,57,screen_scratch,0.78,fully_functional,28240.0,3330.0,repair
DEV001494,laptop,budget,33200.0,30,72,keyboard_damage,0.94,partially_functional,9650.0,3020.0,repair
DEV001495,tablet,budget,9700.0,96,15,screen_crack,0.74,not_functional,660.0,2790.0,recycle
DEV001496,pc,budget,132700.0,74,32,dead_pixel,0.19,fully_functional,40730.0,6860.0,repair
DEV001497,tablet,budget,51700.0,43,52,screen_crack,0.99,partially_functional,9650.0,18030.0,recycle
DEV001498,phone,premium,182400.0,72,36,screen_scratch,0.73,not_functional,13070.0,6670.0,recycle
DEV001499,tablet,budget,55800.0,51,58,none,0.0,fully_functional,16500.0,0.0,upgrade
DEV001500,tablet,mid,89800.0,88,15,battery_issue,0.18,partially_functional,10340.0,4920.0,recycle
DEV001501,monitor,mid,51800.0,69,34,none,0.0,fully_functional,21610.0,0.0,sell
DEV001502,laptop,mid,196800.0,90,21,screen_crack,0.46,not_functional,24220.0,43220.0,recycle
DEV001503,laptop,budget,156000.0,34,66,none,0.0,fully_functional,83140.0,0.0,sell
DEV001504,pc,mid,115300.0,71,31,none,0.0,fully_functional,36090.0,0.0,upgrade
DEV001505,laptop,mid,163700.0,52,54,none,0.0,fully_functional,53070.0,0.0,sell
DEV001506,tablet,mid,71500.0,4,96,body_damage,0.5,partially_functional,48850.0,8070.0,repair
DEV001507,laptop,budget,51000.0,44,62,body_damage,0.92,not_functional,10330.0,8250.0,sell
DEV001508,phone,mid,108600.0,14,82,dead_pixel,0.72,partially_functional,48000.0,10820.0,repair
DEV001509,tablet,budget,30300.0,6,89,body_damage,0.84,partially_functional,15190.0,4830.0,repair
DEV001510,phone,mid,51000.0,8,88,port_damage,0.94,fully_functional,22040.0,4030.0,repair
DEV001511,phone,mid,115900.0,10,91,none,0.0,fully_functional,84400.0,0.0,sell
DEV001512,tablet,budget,8700.0,21,71,none,0.0,fully_functional,5320.0,0.0,sell
DEV001513,tablet,premium,89600.0,19,77,battery_issue,0.62,not_functional,36660.0,6050.0,sell
DEV001514,pc,budget,91800.0,14,82,none,0.0,fully_functional,69680.0,0.0,sell
DEV001515,phone,premium,101900.0,16,68,none,0.0,fully_functional,55620.0,0.0,sell
DEV001516,phone,premium,179900.0,27,96,none,0.0,fully_functional,75750.0,0.0,sell
DEV001517,monitor,budget,34500.0,3,93,screen_scratch,0.25,partially_functional,30240.0,870.0,repair
DEV001518,phone,budget,36200.0,10,88,body_damage,0.97,partially_functional,13560.0,6680.0,sell
DEV001519,phone,budget,15400.0,35,83,none,0.0,fully_functional,5710.0,0.0,upgrade
DEV001520,phone,premium,113200.0,5,100,none,0.0,fully_functional,97950.0,0.0,sell
DEV001521,laptop,mid,65700.0,29,75,screen_scratch,0.71,not_functional,24520.0,2610.0,sell
DEV001522,pc,budget,31300.0,86,17,battery_issue,0.35,partially_functional,7210.0,1470.0,repair
DEV001523,pc,mid,156300.0,26,80,none,0.0,fully_functional,107020.0,0.0,sell
DEV001524,tablet,budget,14200.0,56,49,none,0.0,fully_functional,3930.0,0.0,upgrade
DEV001525,phone,mid,70300.0,15,88,none,0.0,fully_functional,45180.0,0.0,sell
DEV001526,laptop,mid,184200.0,85,41,dead_pixel,0.68,partially_functional,22620.0,23270.0,recycle
DEV001527,laptop,budget,125000.0,44,66,screen_scratch,0.29,fully_functional,43220.0,2390.0,repair
DEV001528,phone,premium,199100.0,27,69,screen_crack,0.99,not_functional,43250.0,60690.0,recycle
DEV001529,phone,budget,11100.0,33,60,keyboard_damage,0.92,partially_functional,1920.0,670.0,repair
DEV001530,phone,mid,132100.0,25,92,none,0.0,fully_functional,60790.0,0.0,sell
DEV001531,phone,mid,47300.0,24,69,screen_scratch,0.24,partially_functional,18450.0,1070.0,repair
DEV001532,laptop,premium,207900.0,21,87,body_damage,0.67,not_functional,93350.0,29490.0,sell
DEV001533,tablet,mid,26600.0,46,60,battery_issue,0.48,fully_functional,6800.0,1880.0,repair
DEV001534,phone,premium,147100.0,36,75,screen_scratch,0.16,partially_functional,45420.0,2800.0,repair
DEV001535,laptop,budget,93300.0,56,50,port_damage,0.25,partially_functional,24960.0,3560.0,repair
DEV001536,pc,premium,94700.0,84,28,screen_scratch,0.82,not_functional,15940.0,4130.0,recycle
DEV001537,tablet,budget,54000.0,13,100,dead_pixel,0.46,fully_functional,33460.0,4700.0,repair
DEV001538,pc,mid,63500.0,87,26,none,0.0,fully_functional,17480.0,0.0,upgrade
DEV001539,laptop,budget,29500.0,70,15,none,0.0,fully_functional,6100.0,0.0,upgrade
DEV001540,pc,premium,51200.0,111,15,body_damage,0.69,partially_functional,6690.0,5970.0,recycle
DEV001541,phone,premium,80200.0,43,72,port_damage,0.29,fully_functional,20070.0,3700.0,repair
DEV001542,laptop,mid,233200.0,9,85,none,0.0,fully_functional,190180.0,0.0,sell
DEV001543,phone,mid,92400.0,72,34,screen_crack,0.78,fully_functional,5490.0,26820.0,recycle
DEV001544,laptop,mid,32800.0,31,61,battery_issue,0.55,fully_functional,11170.0,2620.0,repair
DEV001545,laptop,budget,98800.0,76,36,none,0.0,fully_functional,19790.0,0.0,upgrade
DEV001546,phone,mid,123300.0,71,32,none,0.0,fully_functional,12320.0,0.0,upgrade
DEV001547,pc,mid,171600.0,23,67,screen_crack,0.51,fully_functional,76820.0,15890.0,repair
DEV001548,phone,mid,99900.0,54,61,battery_issue,0.4,fully_functional,15000.0,9650.0,recycle
DEV001549,phone,budget,35100.0,16,86,keyboard_damage,0.9,partially_functional,11960.0,2980.0,repair
DEV001550,phone,premium,139700.0,65,60,screen_scratch,0.21,fully_functional,18570.0,1840.0,repair
DEV001551,laptop,budget,87700.0,12,100,screen_crack,0.3,partially_functional,59890.0,21130.0,sell
DEV001552,phone,mid,45000.0,51,58,body_damage,0.26,fully_functional,8160.0,2620.0,repair
DEV001553,laptop,budget,60800.0,16,91,battery_issue,0.46,not_functional,34940.0,3090.0,sell
DEV001554,phone,budget,77800.0,16,93,screen_crack,0.16,fully_functional,44670.0,9780.0,repair
DEV001555,pc,budget,135100.0,72,43,screen_crack,0.37,fully_functional,36990.0,25250.0,upgrade
DEV001556,monitor,budget,25100.0,38,65,none,0.0,fully_functional,17000.0,0.0,sell
DEV001557,laptop,mid,128700.0,26,89,none,0.0,fully_functional,73770.0,0.0,sell
DEV001558,tablet,mid,67000.0,83,22,none,0.0,fully_functional,9800.0,0.0,upgrade
DEV001559,pc,mid,116000.0,74,34,battery_issue,0.18,fully_functional,33300.0,6020.0,repair
DEV001560,monitor,mid,32400.0,79,26,dead_pixel,0.94,not_functional,6070.0,4450.0,upgrade
DEV001561,tablet,budget,54800.0,96,21,dead_pixel,0.96,not_functional,3190.0,9730.0,recycle
DEV001562,pc,budget,47400.0,12,85,dead_pixel,0.73,partially_functional,24620.0,6750.0,repair
DEV001563,monitor,mid,43700.0,125,15,none,0.0,fully_functional,8710.0,0.0,upgrade
DEV001564,pc,mid,50000.0,36,72,screen_crack,0.91,partially_functional,15880.0,14710.0,recycle
DEV001565,laptop,mid,195800.0,50,63,none,0.0,fully_functional,74140.0,0.0,sell
DEV001566,phone,budget,54700.0,13,70,dead_pixel,0.25,partially_functional,27850.0,4490.0,repair
DEV001567,phone,premium,103100.0,16,82,body_damage,0.73,fully_functional,42520.0,15100.0,sell
DEV001568,laptop,budget,84200.0,18,78,screen_crack,0.84,not_functional,33050.0,26270.0,sell
DEV001569,laptop,mid,182500.0,22,87,none,0.0,fully_functional,121810.0,0.0,sell
DEV001570,laptop,budget,42900.0,91,15,none,0.0,fully_functional,5800.0,0.0,upgrade
DEV001571,laptop,mid,70500.0,43,70,port_damage,0.38,fully_functional,23620.0,2920.0,repair
DEV001572,laptop,mid,150500.0,24,70,screen_crack,0.94,not_functional,45380.0,48070.0,recycle
DEV001573,pc,mid,112700.0,60,58,screen_scratch,0.31,fully_functional,40930.0,3380.0,repair
DEV001574,phone,budget,18600.0,48,55,body_damage,0.34,partially_functional,3230.0,1830.0,recycle
DEV001575,phone,mid,149600.0,27,89,dead_pixel,0.55,fully_functional,47210.0,15500.0,repair
DEV001576,pc,budget,137400.0,144,15,keyboard_damage,0.28,partially_functional,17080.0,8980.0,recycle
DEV001577,pc,mid,85200.0,39,65,battery_issue,0.69,partially_functional,32200.0,8060.0,repair
DEV001578,monitor,budget,8300.0,16,82,keyboard_damage,0.75,fully_functional,4260.0,780.0,repair
DEV001579,pc,budget,74800.0,116,15,none,0.0,fully_functional,13990.0,0.0,upgrade
DEV001580,pc,mid,74300.0,46,60,keyboard_damage,0.76,not_functional,24960.0,5230.0,sell
DEV001581,phone,budget,29500.0,17,85,none,0.0,fully_functional,17270.0,0.0,sell
DEV001582,laptop,budget,112700.0,26,74,screen_scratch,0.77,partially_functional,41720.0,4690.0,repair
DEV001583,phone,premium,90000.0,49,77,none,0.0,fully_functional,18380.0,0.0,upgrade
DEV001584,tablet,premium,103800.0,60,40,none,0.0,fully_functional,25170.0,0.0,upgrade
DEV001585,monitor,premium,88700.0,30,70,none,0.0,fully_functional,58780.0,0.0,sell
DEV001586,phone,budget,50200.0,6,100,body_damage,0.55,not_functional,29890.0,7160.0,sell
DEV001587,laptop,mid,140800.0,15,89,screen_crack,0.81,partially_functional,63970.0,31560.0,sell
DEV001588,phone,mid,81900.0,42,64,screen_crack,0.7,not_functional,14310.0,21850.0,recycle
DEV001589,phone,budget,50100.0,38,74,none,0.0,fully_functional,15570.0,0.0,upgrade
DEV001590,phone,mid,50800.0,49,61,screen_crack,0.46,partially_functional,8250.0,10270.0,recycle
DEV001591,phone,budget,76700.0,54,62,screen_crack,0.42,fully_functional,11360.0,12320.0,recycle
DEV001592,monitor,premium,37300.0,132,15,none,0.0,fully_functional,6630.0,0.0,upgrade
DEV001593,laptop,mid,146800.0,40,76,battery_issue,0.79,partially_functional,39230.0,15490.0,sell
DEV001594,pc,mid,140600.0,23,86,screen_scratch,0.36,fully_functional,77750.0,3610.0,repair
DEV001595,tablet,mid,60600.0,56,48,port_damage,0.58,not_functional,12620.0,3070.0,upgrade
DEV001596,phone,budget,89400.0,50,53,body_damage,0.62,not_functional,13280.0,13670.0,recycle
DEV001597,phone,budget,81000.0,28,89,battery_issue,0.69,partially_functional,24220.0,7070.0,repair
DEV001598,pc,mid,162300.0,3,100,dead_pixel,0.74,partially_functional,92100.0,24490.0,repair
DEV001599,phone,mid,134000.0,47,42,battery_issue,0.55,fully_functional,22010.0,11400.0,recycle
DEV001600,monitor,mid,8500.0,67,45,screen_scratch,0.64,not_functional,2380.0,330.0,sell
DEV001601,phone,budget,44100.0,12,95,battery_issue,0.48,not_functional,23800.0,3920.0,sell
DEV001602,tablet,mid,37100.0,43,59,battery_issue,0.2,fully_functional,12170.0,1710.0,repair
DEV001603,pc,budget,117300.0,14,84,none,0.0,fully_functional,87800.0,0.0,sell
DEV001604,phone,budget,73400.0,7,91,screen_scratch,0.92,partially_functional,29970.0,3000.0,repair
DEV001605,phone,premium,103300.0,52,50,screen_scratch,0.4,partially_functional,16570.0,3060.0,repair
DEV001606,monitor,mid,33200.0,88,21,dead_pixel,0.88,not_functional,6040.0,4540.0,upgrade
DEV001607,phone,mid,9400.0,34,64,port_damage,0.36,fully_functional,2440.0,290.0,repair
DEV001608,laptop,premium,207100.0,25,73,body_damage,0.92,partially_functional,68970.0,39470.0,sell
DEV001609,laptop,budget,155200.0,25,96,none,0.0,fully_functional,95510.0,0.0,sell
DEV001610,phone,premium,158500.0,14,73,none,0.0,fully_functional,91600.0,0.0,sell
DEV001611,pc,mid,62900.0,64,15,body_damage,0.87,not_functional,11890.0,13280.0,recycle
DEV001612,pc,mid,126400.0,71,34,screen_crack,0.18,partially_functional,36490.0,22880.0,upgrade
DEV001613,laptop,budget,126700.0,28,58,keyboard_damage,0.8,partially_functional,38500.0,10480.0,repair
DEV001614,pc,budget,68200.0,43,54,battery_issue,0.32,not_functional,28680.0,4130.0,sell
DEV001615,phone,mid,112100.0,57,38,body_damage,0.18,fully_functional,16880.0,9060.0,recycle
DEV001616,phone,budget,75000.0,15,84,body_damage,0.41,fully_functional,38580.0,9480.0,repair
DEV001617,laptop,budget,134800.0,42,58,dead_pixel,0.65,partially_functional,39060.0,13670.0,repair
DEV001618,monitor,mid,53100.0,57,57,screen_crack,0.5,fully_functional,20330.0,12410.0,sell
DEV001619,phone,mid,56600.0,43,68,dead_pixel,0.96,partially_functional,7100.0,7210.0,recycle
DEV001620,phone,budget,60300.0,7,91,battery_issue,0.76,not_functional,27660.0,5820.0,sell
DEV001621,laptop,mid,78800.0,56,41,none,0.0,fully_functional,24740.0,0.0,upgrade
DEV001622,pc,premium,294300.0,27,82,screen_crack,0.28,fully_functional,168800.0,53640.0,repair
DEV001623,phone,mid,56000.0,11,93,body_damage,0.78,not_functional,24300.0,9310.0,sell
DEV001624,laptop,mid,137200.0,120,15,none,0.0,fully_functional,11920.0,0.0,upgrade
DEV001625,tablet,mid,55900.0,27,74,battery_issue,0.59,fully_functional,22420.0,4760.0,repair
DEV001626,laptop,budget,131000.0,14,84,dead_pixel,0.44,not_functional,77210.0,12910.0,sell
DEV001627,phone,budget,69300.0,17,89,none,0.0,fully_functional,39570.0,0.0,sell
DEV001628,phone,premium,179200.0,5,97,screen_scratch,0.42,fully_functional,114300.0,4930.0,repair
DEV001629,laptop,mid,63500.0,27,76,none,0.0,fully_functional,34150.0,0.0,sell
DEV001630,laptop,mid,248200.0,89,24,screen_crack,0.99,not_functional,20390.0,88800.0,recycle
DEV001631,pc,premium,103700.0,7,80,none,0.0,fully_functional,93430.0,0.0,sell
DEV001632,tablet,budget,56800.0,50,56,battery_issue,0.96,partially_functional,9360.0,6830.0,upgrade
DEV001633,tablet,budget,51800.0,10,84,screen_crack,0.72,not_functional,23950.0,12210.0,sell
DEV001634,monitor,mid,29500.0,7,93,none,0.0,fully_functional,28120.0,0.0,sell
DEV001635,laptop,budget,122600.0,47,63,screen_crack,0.99,partially_functional,23660.0,53130.0,recycle
DEV001636,laptop,mid,144400.0,41,61,port_damage,0.88,partially_functional,32610.0,9750.0,repair
DEV001637,monitor,premium,34900.0,67,50,screen_crack,0.22,partially_functional,13430.0,5710.0,sell
DEV001638,phone,mid,55900.0,6,84,battery_issue,0.71,not_functional,29680.0,3260.0,sell
DEV001639,tablet,budget,14400.0,48,58,keyboard_damage,0.95,partially_functional,2450.0,1340.0,upgrade
DEV001640,pc,mid,104300.0,102,15,dead_pixel,0.99,partially_functional,10860.0,20150.0,recycle
DEV001641,phone,budget,38900.0,24,68,body_damage,0.76,not_functional,11130.0,5130.0,sell
DEV001642,laptop,premium,220000.0,25,73,none,0.0,fully_functional,130010.0,0.0,sell
DEV001643,phone,budget,82300.0,56,56,port_damage,0.54,partially_functional,9620.0,3880.0,recycle
DEV001644,phone,premium,171000.0,4,100,screen_scratch,0.82,partially_functional,89730.0,5090.0,repair
DEV001645,laptop,mid,208200.0,39,67,keyboard_damage,0.97,fully_functional,45570.0,17160.0,sell
DEV001646,phone,mid,32000.0,5,99,screen_scratch,0.52,not_functional,20970.0,880.0,sell
DEV001647,pc,mid,101200.0,94,15,body_damage,0.75,not_functional,13860.0,15440.0,recycle
DEV001648,monitor,budget,35100.0,168,15,screen_scratch,0.84,fully_functional,2620.0,1350.0,recycle
DEV001649,pc,mid,142200.0,21,75,body_damage,0.21,fully_functional,80660.0,10300.0,repair
DEV001650,phone,premium,184400.0,31,77,none,0.0,fully_functional,72660.0,0.0,sell
DEV001651,phone,premium,63500.0,39,66,none,0.0,fully_functional,17430.0,0.0,upgrade
DEV001652,phone,budget,97100.0,24,71,none,0.0,fully_functional,41870.0,0.0,sell
DEV001653,phone,mid,102600.0,71,36,battery_issue,0.58,fully_functional,7800.0,9100.0,recycle
DEV001654,monitor,premium,31800.0,25,85,screen_scratch,0.31,fully_functional,19800.0,760.0,repair
DEV001655,laptop,premium,158100.0,42,56,body_damage,0.56,partially_functional,47540.0,21880.0,sell
DEV001656,phone,mid,70000.0,10,91,screen_scratch,0.83,partially_functional,31100.0,2560.0,repair
DEV001657,pc,budget,52500.0,9,91,none,0.0,fully_functional,48410.0,0.0,sell
DEV001658,laptop,premium,374200.0,26,78,none,0.0,fully_functional,235540.0,0.0,sell
DEV001659,phone,budget,35500.0,26,82,screen_crack,0.46,partially_functional,13000.0,5540.0,sell
DEV001660,phone,budget,61200.0,26,97,battery_issue,0.31,fully_functional,24900.0,4330.0,repair
DEV001661,tablet,mid,28300.0,96,21,dead_pixel,0.46,partially_functional,2420.0,2280.0,sell
DEV001662,pc,budget,51200.0,94,20,none,0.0,fully_functional,12900.0,0.0,upgrade
DEV001663,phone,premium,146400.0,16,79,none,0.0,fully_functional,78290.0,0.0,sell
DEV001664,monitor,budget,7200.0,125,15,screen_crack,0.48,fully_functional,1150.0,1690.0,recycle
DEV001665,pc,mid,165600.0,88,18,screen_crack,0.32,not_functional,32940.0,26300.0,upgrade
DEV001666,pc,premium,132400.0,26,68,screen_crack,0.94,fully_functional,44640.0,50690.0,recycle
DEV001667,phone,premium,58400.0,41,62,body_damage,0.93,not_functional,8000.0,11180.0,recycle
DEV001668,phone,premium,158900.0,44,67,screen_crack,0.72,partially_functional,26770.0,44340.0,recycle
DEV001669,pc,premium,177400.0,60,38,body_damage,0.79,partially_functional,43610.0,34050.0,upgrade
DEV001670,phone,budget,7200.0,7,89,body_damage,0.83,partially_functional,3540.0,990.0,repair
DEV001671,tablet,premium,60100.0,22,80,body_damage,0.45,fully_functional,26710.0,6990.0,repair
DEV001672,pc,premium,222800.0,68,28,body_damage,0.16,partially_functional,68390.0,11590.0,repair
DEV001673,phone,mid,66600.0,3,100,none,0.0,fully_functional,64470.0,0.0,sell
DEV001674,pc,mid,154300.0,33,62,battery_issue,0.86,partially_functional,50980.0,13470.0,repair
DEV001675,monitor,budget,37600.0,101,16,screen_crack,0.28,fully_functional,8450.0,7330.0,recycle
DEV001676,tablet,mid,89000.0,77,37,screen_crack,0.87,fully_functional,8910.0,31900.0,recycle
DEV001677,laptop,mid,156900.0,39,75,port_damage,0.55,partially_functional,53160.0,7900.0,repair
DEV001678,pc,mid,49800.0,93,15,screen_scratch,0.73,partially_functional,8030.0,2470.0,repair
DEV001679,laptop,mid,59900.0,20,83,screen_crack,0.8,not_functional,24290.0,14960.0,sell
DEV001680,tablet,mid,58200.0,46,63,port_damage,0.38,partially_functional,16220.0,2100.0,repair
DEV001681,pc,budget,62100.0,28,84,screen_scratch,0.89,not_functional,25010.0,2380.0,sell
DEV001682,tablet,premium,56800.0,96,19,dead_pixel,0.49,fully_functional,4870.0,5950.0,recycle
DEV001683,phone,budget,5600.0,12,69,body_damage,0.99,not_functional,1820.0,1140.0,sell
DEV001684,phone,budget,72900.0,52,52,screen_scratch,0.68,fully_functional,9820.0,2890.0,repair
DEV001685,phone,budget,21300.0,36,72,none,0.0,fully_functional,7010.0,0.0,upgrade
DEV001686,laptop,premium,299700.0,84,41,screen_crack,0.52,partially_functional,37850.0,78580.0,recycle
DEV001687,laptop,premium,101400.0,55,53,body_damage,0.22,not_functional,28700.0,8080.0,upgrade
DEV001688,laptop,budget,74500.0,47,63,none,0.0,fully_functional,30920.0,0.0,sell
DEV001689,laptop,budget,59100.0,4,100,body_damage,0.66,fully_functional,38740.0,9550.0,repair
DEV001690,pc,mid,143500.0,101,15,battery_issue,0.83,not_functional,18860.0,10650.0,recycle
DEV001691,monitor,budget,19800.0,84,38,keyboard_damage,0.91,not_functional,3610.0,1550.0,upgrade
DEV001692,phone,mid,36400.0,17,97,body_damage,0.57,partially_functional,14970.0,4140.0,repair
DEV001693,tablet,budget,32300.0,30,66,screen_crack,0.36,partially_functional,12820.0,8050.0,sell
DEV001694,tablet,mid,35000.0,18,92,screen_crack,0.51,partially_functional,17150.0,6690.0,sell
DEV001695,laptop,budget,67300.0,19,88,none,0.0,fully_functional,45980.0,0.0,sell
DEV001696,phone,mid,58400.0,5,91,none,0.0,fully_functional,49670.0,0.0,sell
DEV001697,pc,mid,144700.0,31,81,screen_crack,0.94,not_functional,46200.0,26080.0,sell
DEV001698,monitor,budget,33400.0,18,87,none,0.0,fully_functional,25660.0,0.0,sell
DEV001699,tablet,budget,62400.0,83,23,battery_issue,0.32,not_functional,7400.0,4590.0,recycle
DEV001700,monitor,budget,32300.0,101,15,screen_crack,0.45,fully_functional,6910.0,6370.0,recycle
DEV001701,monitor,budget,28700.0,41,50,none,0.0,fully_functional,16540.0,0.0,sell
DEV001702,laptop,premium,273600.0,11,85,battery_issue,0.67,partially_functional,134940.0,27170.0,repair
DEV001703,tablet,budget,26000.0,19,75,keyboard_damage,0.88,partially_functional,8610.0,1860.0,repair
DEV001704,laptop,budget,109600.0,42,56,screen_crack,0.88,not_functional,23670.0,34430.0,recycle
DEV001705,monitor,budget,31300.0,116,15,none,0.0,fully_functional,7560.0,0.0,upgrade
DEV001706,phone,mid,104300.0,72,36,body_damage,0.76,partially_functional,6600.0,16380.0,recycle
DEV001707,laptop,premium,183100.0,120,15,battery_issue,0.37,partially_functional,12640.0,13780.0,recycle
DEV001708,pc,mid,125400.0,34,66,none,0.0,fully_functional,76260.0,0.0,sell
DEV001709,phone,mid,19200.0,27,71,none,0.0,fully_functional,8640.0,0.0,sell
DEV001710,pc,premium,155400.0,129,15,port_damage,0.62,not_functional,15800.0,6550.0,recycle
DEV001711,laptop,mid,102900.0,21,66,screen_crack,0.56,not_functional,48190.0,25440.0,sell
DEV001712,monitor,premium,23100.0,168,15,none,0.0,fully_functional,3270.0,0.0,upgrade
DEV001713,pc,mid,41200.0,15,86,none,0.0,fully_functional,35680.0,0.0,sell
DEV001714,phone,budget,53900.0,55,70,battery_issue,0.3,fully_functional,9360.0,2760.0,repair
DEV001715,pc,mid,39900.0,40,60,screen_crack,0.16,partially_functional,20040.0,6180.0,repair
DEV001716,phone,budget,95300.0,15,80,body_damage,0.63,partially_functional,38580.0,14780.0,sell
DEV001717,tablet,budget,18100.0,12,89,none,0.0,fully_functional,14190.0,0.0,sell
DEV001718,tablet,premium,123100.0,5,92,port_damage,0.33,partially_functional,85610.0,5600.0,repair
DEV001719,pc,budget,59000.0,12,93,none,0.0,fully_functional,50510.0,0.0,sell
DEV001720,phone,mid,66400.0,49,61,none,0.0,fully_functional,14040.0,0.0,upgrade
DEV001721,phone,premium,106900.0,51,52,screen_crack,0.75,not_functional,13280.0,28670.0,recycle
DEV001722,tablet,mid,56000.0,28,81,screen_scratch,0.67,partially_functional,17770.0,2270.0,repair
DEV001723,laptop,budget,47300.0,90,15,none,0.0,fully_functional,6840.0,0.0,upgrade
DEV001724,laptop,mid,85600.0,108,15,screen_crack,0.76,partially_functional,5590.0,20660.0,recycle
DEV001725,phone,premium,128600.0,43,48,none,0.0,fully_functional,31150.0,0.0,sell
DEV001726,phone,budget,24800.0,32,74,none,0.0,fully_functional,9180.0,0.0,sell
DEV001727,pc,budget,29700.0,18,72,keyboard_damage,0.6,not_functional,14490.0,2400.0,sell
DEV001728,phone,mid,113400.0,46,64,body_damage,0.96,not_functional,14800.0,22640.0,recycle
DEV001729,laptop,premium,209600.0,6,98,screen_crack,0.34,fully_functional,155260.0,35630.0,repair
DEV001730,monitor,budget,7200.0,106,15,screen_scratch,0.32,partially_functional,1730.0,220.0,repair
DEV001731,phone,budget,24000.0,37,61,dead_pixel,0.33,partially_functional,6280.0,2090.0,repair
DEV001732,tablet,premium,38600.0,19,88,screen_crack,0.59,partially_functional,18210.0,10260.0,sell
DEV001733,phone,budget,44700.0,35,71,screen_crack,0.63,partially_functional,10100.0,10560.0,recycle
DEV001734,pc,budget,30100.0,125,15,screen_crack,0.71,partially_functional,3390.0,8660.0,recycle
DEV001735,tablet,mid,16300.0,30,79,none,0.0,fully_functional,8150.0,0.0,sell
DEV001736,pc,budget,28300.0,79,37,keyboard_damage,0.96,not_functional,5000.0,1700.0,upgrade
DEV001737,phone,budget,54800.0,27,86,none,0.0,fully_functional,26460.0,0.0,sell
DEV001738,laptop,mid,154100.0,107,22,port_damage,0.58,fully_functional,11690.0,7270.0,recycle
DEV001739,pc,mid,139500.0,36,57,screen_scratch,0.6,not_functional,54310.0,4240.0,sell
DEV001740,phone,mid,63900.0,33,85,screen_scratch,0.2,partially_functional,20730.0,1220.0,repair
DEV001741,phone,budget,53700.0,27,69,keyboard_damage,0.94,partially_functional,11190.0,5930.0,sell
DEV001742,phone,mid,140800.0,72,26,none,0.0,fully_functional,14380.0,0.0,upgrade
DEV001743,monitor,mid,45700.0,57,61,body_damage,0.32,fully_functional,19120.0,4950.0,repair
DEV001744,tablet,premium,53400.0,59,56,screen_crack,0.64,not_functional,9890.0,15400.0,recycle
DEV001745,tablet,mid,54600.0,12,100,none,0.0,fully_functional,42740.0,0.0,sell
DEV001746,tablet,mid,72200.0,2,93,screen_crack,0.65,not_functional,47820.0,18970.0,sell
DEV001747,laptop,premium,115500.0,53,58,battery_issue,0.86,fully_functional,21920.0,12990.0,sell
DEV001748,laptop,premium,190800.0,9,100,body_damage,0.41,fully_functional,127550.0,25630.0,repair
DEV001749,laptop,budget,65300.0,31,88,screen_crack,0.64,not_functional,24480.0,13490.0,sell
DEV001750,tablet,premium,23100.0,64,47,none,0.0,fully_functional,5530.0,0.0,upgrade
DEV001751,phone,premium,90600.0,42,69,battery_issue,0.41,fully_functional,19450.0,7270.0,upgrade
DEV001752,pc,budget,66500.0,35,62,screen_crack,0.48,fully_functional,30680.0,15120.0,sell
DEV001753,pc,budget,48700.0,14,65,keyboard_damage,0.4,fully_functional,28360.0,2510.0,repair
DEV001754,phone,mid,46500.0,21,81,screen_crack,0.64,partially_functional,16170.0,15880.0,recycle
DEV001755,laptop,mid,113800.0,19,91,screen_crack,0.6,fully_functional,49770.0,22770.0,sell
DEV001756,phone,mid,89600.0,17,85,none,0.0,fully_functional,51900.0,0.0,sell
DEV001757,monitor,mid,32500.0,89,23,dead_pixel,0.79,not_functional,5830.0,4390.0,upgrade
DEV001758,monitor,budget,10700.0,37,65,screen_crack,0.87,not_functional,3830.0,3040.0,sell
DEV001759,monitor,budget,27300.0,168,15,body_damage,0.97,partially_functional,1980.0,4350.0,recycle
DEV001760,phone,premium,26500.0,18,100,body_damage,0.27,fully_functional,14580.0,2350.0,repair
DEV001761,phone,budget,18100.0,33,72,screen_crack,0.93,not_functional,3760.0,7070.0,recycle
DEV001762,phone,mid,27100.0,16,82,body_damage,0.67,partially_functional,10730.0,3600.0,repair
DEV001763,phone,budget,85900.0,72,45,screen_crack,0.65,partially_functional,6030.0,23090.0,recycle
DEV001764,phone,mid,102700.0,8,96,screen_scratch,0.19,fully_functional,74880.0,1940.0,repair
DEV001765,phone,mid,92000.0,28,71,body_damage,0.54,fully_functional,27150.0,12750.0,sell
DEV001766,monitor,budget,29100.0,38,61,screen_crack,0.26,fully_functional,14800.0,5670.0,sell
DEV001767,phone,mid,140200.0,4,79,screen_crack,0.18,fully_functional,106620.0,20440.0,recycle
DEV001768,phone,mid,113200.0,19,96,none,0.0,fully_functional,63280.0,0.0,sell
DEV001769,pc,budget,104300.0,54,49,none,0.0,fully_functional,50770.0,0.0,sell
DEV001770,laptop,budget,64900.0,55,51,screen_crack,0.2,partially_functional,18110.0,10070.0,upgrade
DEV001771,pc,mid,135100.0,144,15,port_damage,0.53,fully_functional,12980.0,7430.0,recycle
DEV001772,tablet,mid,58200.0,31,76,screen_scratch,0.74,partially_functional,18930.0,2270.0,repair
DEV001773,pc,mid,67600.0,86,28,screen_crack,0.39,fully_functional,16760.0,13710.0,recycle
DEV001774,tablet,mid,60600.0,34,70,screen_crack,0.36,partially_functional,22500.0,8930.0,sell
DEV001775,laptop,budget,67500.0,70,20,keyboard_damage,0.48,fully_functional,9910.0,3230.0,repair
DEV001776,tablet,budget,47800.0,79,27,screen_scratch,0.26,not_functional,6560.0,810.0,recycle
DEV001777,laptop,mid,62100.0,71,51,none,0.0,fully_functional,13340.0,0.0,upgrade
DEV001778,phone,mid,100300.0,12,100,screen_crack,0.91,partially_functional,37870.0,33260.0,recycle
DEV001779,laptop,premium,105100.0,15,75,screen_crack,0.76,fully_functional,49340.0,27590.0,sell
DEV001780,phone,budget,31600.0,5,100,screen_crack,0.34,fully_functional,21840.0,5290.0,repair
DEV001781,pc,mid,170500.0,93,20,none,0.0,fully_functional,39960.0,0.0,upgrade
DEV001782,phone,mid,70800.0,25,69,body_damage,0.41,fully_functional,26180.0,9130.0,repair
DEV001783,phone,budget,22000.0,42,52,none,0.0,fully_functional,5650.0,0.0,upgrade
DEV001784,phone,mid,60600.0,49,36,screen_crack,0.95,partially_functional,6780.0,16810.0,recycle
DEV001785,pc,mid,120500.0,83,16,body_damage,0.55,not_functional,23660.0,13020.0,upgrade
DEV001786,phone,budget,73800.0,28,71,screen_crack,0.9,not_functional,17270.0,22940.0,recycle
DEV001787,tablet,budget,45200.0,75,38,none,0.0,fully_functional,7460.0,0.0,upgrade
DEV001788,pc,budget,100200.0,141,15,port_damage,0.45,fully_functional,10050.0,4270.0,recycle
DEV001789,phone,premium,151500.0,13,85,none,0.0,fully_functional,99090.0,0.0,sell
DEV001790,pc,budget,123200.0,144,15,none,0.0,fully_functional,15810.0,0.0,upgrade
DEV001791,phone,budget,89000.0,17,88,none,0.0,fully_functional,59550.0,0.0,sell
DEV001792,phone,budget,18300.0,9,94,none,0.0,fully_functional,14620.0,0.0,sell
DEV001793,tablet,budget,51400.0,4,97,screen_crack,0.37,not_functional,40190.0,10030.0,sell
DEV001794,monitor,budget,41800.0,12,91,none,0.0,fully_functional,35740.0,0.0,sell
DEV001795,phone,mid,132000.0,53,40,none,0.0,fully_functional,22350.0,0.0,upgrade
DEV001796,laptop,budget,78900.0,51,60,body_damage,0.59,fully_functional,21010.0,11840.0,sell
DEV001797,phone,budget,102800.0,45,50,battery_issue,0.37,partially_functional,18230.0,6620.0,upgrade
DEV001798,laptop,budget,134000.0,45,74,body_damage,0.68,fully_functional,35020.0,15700.0,sell
DEV001799,tablet,mid,74100.0,13,79,screen_crack,0.85,fully_functional,31580.0,22240.0,sell
DEV001800,tablet,budget,55100.0,7,97,battery_issue,0.81,partially_functional,31880.0,6350.0,repair
DEV001801,tablet,mid,83000.0,80,15,screen_scratch,0.23,partially_functional,11820.0,1980.0,repair
DEV001802,phone,mid,58500.0,47,48,none,0.0,fully_functional,13400.0,0.0,upgrade
DEV001803,tablet,mid,70700.0,44,49,none,0.0,fully_functional,27260.0,0.0,upgrade
DEV001804,tablet,budget,18400.0,82,32,screen_scratch,0.84,fully_functional,1580.0,560.0,recycle
DEV001805,tablet,premium,122500.0,22,85,screen_scratch,0.38,partially_functional,62130.0,3080.0,repair
DEV001806,phone,mid,36700.0,20,79,none,0.0,fully_functional,20910.0,0.0,sell
DEV001807,laptop,budget,71900.0,104,18,none,0.0,fully_functional,7620.0,0.0,upgrade
DEV001808,laptop,mid,215500.0,18,81,none,0.0,fully_functional,149300.0,0.0,sell
DEV001809,phone,mid,45700.0,8,100,screen_crack,0.59,not_functional,26240.0,10150.0,sell
DEV001810,phone,budget,20600.0,51,61,battery_issue,0.86,fully_functional,2490.0,2410.0,recycle
DEV001811,laptop,budget,127200.0,40,59,screen_crack,0.56,partially_functional,36810.0,29570.0,recycle
DEV001812,tablet,mid,66800.0,57,53,screen_scratch,0.71,partially_functional,11960.0,2590.0,repair
DEV001813,phone,budget,52100.0,55,39,screen_scratch,0.16,fully_functional,8330.0,1080.0,repair
DEV001814,pc,premium,206600.0,73,36,port_damage,0.96,fully_functional,34970.0,11720.0,repair
DEV001815,laptop,budget,64300.0,66,32,battery_issue,0.66,not_functional,10740.0,6510.0,upgrade
DEV001816,pc,budget,73400.0,65,36,dead_pixel,0.45,fully_functional,22390.0,6410.0,repair
DEV001817,laptop,budget,143800.0,33,82,dead_pixel,0.78,not_functional,43970.0,19000.0,sell
DEV001818,laptop,budget,63000.0,5,89,none,0.0,fully_functional,57010.0,0.0,sell
DEV001819,tablet,premium,75000.0,58,51,none,0.0,fully_functional,21190.0,0.0,upgrade
DEV001820,monitor,premium,70300.0,19,81,screen_scratch,0.34,fully_functional,48640.0,1590.0,repair
DEV001821,laptop,premium,334600.0,80,39,none,0.0,fully_functional,63430.0,0.0,upgrade
DEV001822,laptop,mid,119000.0,115,15,dead_pixel,0.41,not_functional,9200.0,10050.0,recycle
DEV001823,tablet,mid,37300.0,47,55,none,0.0,fully_functional,12330.0,0.0,upgrade
DEV001824,tablet,budget,47000.0,51,52,none,0.0,fully_functional,14950.0,0.0,upgrade
DEV001825,phone,budget,45000.0,10,100,screen_scratch,0.77,not_functional,20060.0,1420.0,sell
DEV001826,laptop,premium,225800.0,16,77,none,0.0,fully_functional,145240.0,0.0,sell
DEV001827,laptop,mid,126800.0,74,28,screen_crack,0.23,not_functional,23550.0,21440.0,recycle
DEV001828,monitor,mid,28000.0,79,29,screen_scratch,0.87,not_functional,5880.0,1140.0,upgrade
DEV001829,laptop,mid,196900.0,25,76,screen_scratch,0.19,fully_functional,108720.0,5000.0,repair
DEV001830,laptop,mid,203000.0,42,61,none,0.0,fully_functional,80170.0,0.0,sell
DEV001831,monitor,budget,13400.0,168,15,dead_pixel,0.29,fully_functional,1380.0,1050.0,recycle
DEV001832,laptop,mid,194900.0,52,60,screen_crack,0.36,fully_functional,57080.0,28030.0,sell
DEV001833,phone,mid,55400.0,31,70,none,0.0,fully_functional,22430.0,0.0,sell
DEV001834,phone,premium,160500.0,4,96,none,0.0,fully_functional,128140.0,0.0,sell
DEV001835,phone,budget,87600.0,72,18,body_damage,0.23,fully_functional,7450.0,8020.0,recycle
DEV001836,phone,budget,29300.0,42,52,screen_crack,0.45,fully_functional,5620.0,5940.0,recycle
DEV001837,laptop,mid,74400.0,35,72,none,0.0,fully_functional,36530.0,0.0,sell
DEV001838,pc,premium,210100.0,88,26,body_damage,0.71,partially_functional,38880.0,31910.0,recycle
DEV001839,tablet,premium,76000.0,16,74,screen_crack,0.71,not_functional,32330.0,22160.0,sell
DEV001840,phone,mid,146700.0,19,81,keyboard_damage,0.77,partially_functional,48340.0,9870.0,repair
DEV001841,laptop,budget,23100.0,78,30,dead_pixel,0.21,fully_functional,4040.0,1690.0,upgrade
DEV001842,phone,budget,31100.0,49,53,dead_pixel,0.48,not_functional,4510.0,3290.0,recycle
DEV001843,monitor,mid,27500.0,94,34,none,0.0,fully_functional,8930.0,0.0,upgrade
DEV001844,phone,budget,75000.0,65,40,keyboard_damage,0.65,fully_functional,6900.0,3450.0,recycle
DEV001845,tablet,mid,61200.0,17,86,none,0.0,fully_functional,41600.0,0.0,sell
DEV001846,phone,premium,57000.0,24,78,none,0.0,fully_functional,26340.0,0.0,sell
DEV001847,tablet,budget,55700.0,19,79,screen_scratch,0.94,fully_functional,18580.0,2830.0,repair
DEV001848,laptop,budget,106800.0,73,32,body_damage,0.28,not_functional,19150.0,8550.0,upgrade
DEV001849,pc,budget,79700.0,45,53,battery_issue,0.18,fully_functional,36080.0,3690.0,repair
DEV001850,phone,budget,43700.0,17,76,dead_pixel,0.75,fully_functional,14420.0,4930.0,repair
DEV001851,monitor,mid,36400.0,28,79,screen_crack,0.63,fully_functional,18000.0,10180.0,sell
DEV001852,laptop,budget,162200.0,38,57,battery_issue,0.69,not_functional,45550.0,17480.0,sell
DEV001853,pc,budget,94400.0,19,97,screen_scratch,0.49,partially_functional,56210.0,2470.0,repair
DEV001854,pc,budget,120400.0,15,94,dead_pixel,0.83,partially_functional,56040.0,14930.0,repair
DEV001855,monitor,budget,23500.0,40,78,screen_scratch,0.37,partially_functional,12190.0,600.0,repair
DEV001856,phone,mid,60600.0,17,94,screen_crack,0.6,partially_functional,27410.0,17720.0,sell
DEV001857,phone,mid,139800.0,38,74,battery_issue,0.31,fully_functional,37400.0,6270.0,repair
DEV001858,phone,mid,70800.0,38,68,screen_crack,0.31,fully_functional,16880.0,9930.0,upgrade
DEV001859,phone,mid,84300.0,26,74,none,0.0,fully_functional,37150.0,0.0,sell
DEV001860,laptop,budget,56500.0,62,52,screen_scratch,0.26,partially_functional,13790.0,1520.0,repair
DEV001861,monitor,mid,50100.0,67,41,none,0.0,fully_functional,20970.0,0.0,sell
DEV001862,monitor,budget,25600.0,64,44,screen_crack,0.91,not_functional,5870.0,11680.0,recycle
DEV001863,laptop,premium,123600.0,36,62,none,0.0,fully_functional,56820.0,0.0,sell
DEV001864,tablet,budget,43900.0,53,73,body_damage,0.59,partially_functional,10160.0,5840.0,upgrade
DEV001865,pc,mid,120400.0,15,77,port_damage,0.19,fully_functional,83390.0,5070.0,repair
DEV001866,monitor,budget,12000.0,121,15,none,0.0,fully_functional,2830.0,0.0,upgrade
DEV001867,phone,mid,54400.0,11,99,screen_scratch,0.25,fully_functional,33600.0,1130.0,repair
DEV001868,laptop,budget,53900.0,50,56,screen_crack,0.75,partially_functional,11180.0,14990.0,recycle
DEV001869,pc,premium,50100.0,16,72,none,0.0,fully_functional,37390.0,0.0,sell
DEV001870,phone,budget,71500.0,29,77,port_damage,0.5,fully_functional,19680.0,3760.0,repair
DEV001871,laptop,premium,106900.0,19,86,keyboard_damage,0.67,not_functional,48210.0,7740.0,sell
DEV001872,monitor,mid,53500.0,71,46,port_damage,0.97,partially_functional,11120.0,3700.0,repair
DEV001873,monitor,budget,8600.0,42,70,screen_crack,0.51,not_functional,3950.0,2010.0,sell
DEV001874,monitor,budget,41000.0,27,73,none,0.0,fully_functional,26270.0,0.0,sell
DEV001875,pc,budget,56400.0,58,46,battery_issue,0.47,fully_functional,18640.0,4370.0,repair
DEV001876,phone,premium,137700.0,24,74,screen_scratch,0.24,fully_functional,56950.0,2940.0,repair
DEV001877,phone,premium,57100.0,12,87,screen_scratch,0.98,partially_functional,21480.0,2340.0,repair
DEV001878,laptop,budget,149500.0,44,56,port_damage,0.96,not_functional,30090.0,8520.0,sell
DEV001879,laptop,budget,36300.0,34,66,screen_crack,0.74,not_functional,11260.0,12020.0,recycle
DEV001880,laptop,budget,160100.0,33,56,keyboard_damage,0.31,fully_functional,66530.0,8660.0,repair
DEV001881,tablet,budget,58100.0,8,100,none,0.0,fully_functional,44400.0,0.0,sell
DEV001882,laptop,mid,67600.0,18,92,body_damage,0.19,partially_functional,45450.0,4620.0,repair
DEV001883,tablet,budget,10500.0,43,69,dead_pixel,0.7,partially_functional,2580.0,1170.0,sell
DEV001884,phone,budget,73300.0,4,100,battery_issue,0.97,not_functional,31550.0,8530.0,sell
DEV001885,phone,premium,19000.0,0,98,screen_crack,0.46,partially_functional,14490.0,4230.0,repair
DEV001886,phone,mid,100300.0,8,95,none,0.0,fully_functional,83330.0,0.0,sell
DEV001887,phone,mid,85600.0,6,86,none,0.0,fully_functional,67970.0,0.0,sell
DEV001888,pc,budget,131900.0,13,100,none,0.0,fully_functional,113330.0,0.0,sell
DEV001889,laptop,premium,51500.0,15,90,port_damage,0.69,fully_functional,22420.0,3150.0,sell
DEV001890,phone,mid,54800.0,11,91,body_damage,0.94,fully_functional,19790.0,9900.0,sell
DEV001891,pc,mid,121900.0,28,76,dead_pixel,0.4,fully_functional,66830.0,10610.0,repair
DEV001892,laptop,budget,116000.0,39,74,battery_issue,0.97,partially_functional,28560.0,12250.0,sell
DEV001893,phone,premium,49000.0,14,92,body_damage,0.58,fully_functional,23060.0,4050.0,sell
DEV001894,phone,mid,9400.0,17,72,body_damage,0.53,partially_functional,4020.0,1310.0,repair
DEV001895,phone,premium,61700.0,19,80,screen_crack,0.47,fully_functional,25350.0,13280.0,sell
DEV001896,tablet,mid,49200.0,32,96,screen_crack,0.15,fully_functional,23580.0,8280.0,sell
DEV001897,phone,mid,132400.0,13,90,none,0.0,fully_functional,84070.0,0.0,sell
DEV001898,phone,mid,133500.0,63,38,battery_issue,0.65,partially_functional,11960.0,12230.0,recycle
DEV001899,phone,premium,171300.0,32,55,screen_scratch,0.43,partially_functional,46810.0,4840.0,repair
DEV001900,laptop,budget,69100.0,43,58,keyboard_damage,0.67,not_functional,16950.0,4320.0,sell
DEV001901,phone,budget,64000.0,72,31,dead_pixel,0.3,not_functional,6250.0,4200.0,recycle
DEV001902,pc,mid,144100.0,144,15,screen_scratch,0.25,not_functional,15930.0,2760.0,recycle
DEV001903,phone,mid,75000.0,35,65,body_damage,0.5,partially_functional,18830.0,7700.0,upgrade
DEV001904,tablet,mid,73200.0,43,48,body_damage,0.75,partially_functional,15190.0,10660.0,sell
DEV001905,laptop,mid,151000.0,49,51,dead_pixel,0.28,partially_functional,38610.0,13160.0,repair
DEV001906,laptop,mid,221900.0,4,100,screen_scratch,0.54,fully_functional,163530.0,7630.0,repair
DEV001907,phone,mid,136600.0,7,96,none,0.0,fully_functional,110940.0,0.0,sell
DEV001908,pc,budget,101600.0,13,75,screen_scratch,0.99,fully_functional,36160.0,5130.0,repair
DEV001909,pc,premium,162900.0,144,15,keyboard_damage,0.92,partially_functional,10930.0,14170.0,recycle
DEV001910,phone,budget,7700.0,31,80,screen_scratch,0.46,fully_functional,2550.0,250.0,repair
DEV001911,phone,mid,42000.0,22,68,keyboard_damage,0.39,not_functional,16760.0,2420.0,sell
DEV001912,monitor,premium,48800.0,78,32,dead_pixel,0.44,fully_functional,12050.0,3440.0,repair
DEV001913,laptop,budget,140000.0,46,62,none,0.0,fully_functional,52410.0,0.0,sell
DEV001914,phone,budget,104400.0,25,83,screen_scratch,0.95,fully_functional,25340.0,5540.0,repair
DEV001915,phone,budget,77500.0,37,76,screen_scratch,0.3,fully_functional,21940.0,1530.0,repair
DEV001916,tablet,mid,35800.0,73,38,keyboard_damage,0.58,fully_functional,4730.0,2000.0,recycle
DEV001917,tablet,mid,73600.0,10,100,dead_pixel,0.8,fully_functional,32950.0,6710.0,repair
DEV001918,laptop,budget,39100.0,42,44,body_damage,0.2,partially_functional,13220.0,3060.0,repair
DEV001919,monitor,premium,49200.0,14,90,screen_scratch,0.29,partially_functional,33840.0,910.0,repair
DEV001920,laptop,budget,89400.0,43,51,keyboard_damage,0.96,partially_functional,18840.0,6820.0,sell
DEV001921,phone,mid,51300.0,32,72,none,0.0,fully_functional,18420.0,0.0,sell
DEV001922,laptop,mid,44600.0,36,67,none,0.0,fully_functional,20320.0,0.0,sell
DEV001923,laptop,budget,98700.0,98,21,keyboard_damage,0.53,fully_functional,9210.0,4320.0,recycle
DEV001924,phone,budget,41300.0,19,77,none,0.0,fully_functional,21450.0,0.0,sell
DEV001925,phone,premium,213600.0,20,68,keyboard_damage,0.62,not_functional,81190.0,13850.0,sell
DEV001926,laptop,mid,63800.0,37,61,body_damage,0.31,fully_functional,25670.0,6080.0,repair
DEV001927,tablet,budget,34700.0,41,59,screen_scratch,0.72,not_functional,9000.0,1420.0,sell
DEV001928,phone,mid,68400.0,16,75,battery_issue,0.2,partially_functional,33920.0,4290.0,repair
DEV001929,laptop,mid,28700.0,42,52,screen_crack,0.72,partially_functional,7460.0,8730.0,recycle
DEV001930,tablet,budget,33900.0,8,96,screen_crack,0.31,fully_functional,25030.0,6260.0,repair
DEV001931,tablet,mid,48000.0,54,52,screen_scratch,0.88,partially_functional,7330.0,1910.0,repair
DEV001932,pc,mid,145400.0,144,15,dead_pixel,0.5,fully_functional,13440.0,13430.0,recycle
DEV001933,pc,budget,69500.0,40,45,screen_scratch,0.27,fully_functional,29440.0,1750.0,repair
DEV001934,tablet,premium,77200.0,23,90,keyboard_damage,0.22,partially_functional,38820.0,2910.0,repair
DEV001935,phone,budget,36100.0,59,38,none,0.0,fully_functional,5790.0,0.0,upgrade
DEV001936,laptop,budget,154100.0,52,48,none,0.0,fully_functional,52990.0,0.0,sell
DEV001937,tablet,budget,9500.0,20,82,screen_crack,0.93,partially_functional,3160.0,3320.0,recycle
DEV001938,phone,mid,36700.0,50,51,dead_pixel,0.81,not_functional,4490.0,4810.0,recycle
DEV001939,phone,mid,42300.0,24,83,body_damage,0.31,partially_functional,16570.0,4500.0,repair
DEV001940,phone,premium,43500.0,16,84,screen_crack,0.51,fully_functional,21850.0,9280.0,sell
DEV001941,laptop,budget,124900.0,55,48,body_damage,0.16,not_functional,34930.0,9670.0,upgrade
DEV001942,laptop,mid,234300.0,27,68,body_damage,0.64,partially_functional,85870.0,33820.0,sell
DEV001943,phone,mid,92100.0,7,88,none,0.0,fully_functional,72310.0,0.0,sell
DEV001944,pc,budget,35800.0,62,53,keyboard_damage,0.6,not_functional,9510.0,2620.0,sell
DEV001945,monitor,budget,6100.0,17,94,keyboard_damage,0.57,fully_functional,3660.0,380.0,repair
DEV001946,phone,premium,155500.0,9,98,battery_issue,0.17,partially_functional,117340.0,8110.0,repair
DEV001947,monitor,budget,16300.0,13,79,port_damage,0.73,partially_functional,8440.0,1020.0,repair
DEV001948,phone,mid,22700.0,23,74,body_damage,0.5,partially_functional,8500.0,3060.0,sell
DEV001949,monitor,mid,28300.0,7,92,none,0.0,fully_functional,23220.0,0.0,sell
DEV001950,monitor,budget,27500.0,63,60,none,0.0,fully_functional,12240.0,0.0,sell
DEV001951,phone,premium,148400.0,1,100,screen_crack,0.26,fully_functional,126100.0,28630.0,repair
DEV001952,pc,premium,74000.0,21,77,screen_crack,0.8,partially_functional,29120.0,22720.0,sell
DEV001953,monitor,mid,30400.0,100,15,body_damage,0.37,fully_functional,6870.0,2960.0,upgrade
DEV001954,monitor,mid,52100.0,16,76,none,0.0,fully_functional,40530.0,0.0,sell
DEV001955,monitor,mid,17900.0,168,15,port_damage,0.51,partially_functional,1860.0,980.0,recycle
DEV001956,laptop,mid,101000.0,120,15,screen_scratch,0.84,not_functional,4880.0,5010.0,recycle
DEV001957,phone,budget,14200.0,7,86,screen_scratch,0.65,not_functional,7470.0,460.0,sell
DEV001958,pc,mid,69000.0,94,17,none,0.0,fully_functional,14490.0,0.0,upgrade
DEV001959,tablet,budget,30300.0,43,63,screen_crack,0.38,fully_functional,8650.0,6370.0,upgrade
DEV001960,tablet,mid,10600.0,28,79,none,0.0,fully_functional,5780.0,0.0,sell
DEV001961,laptop,mid,125700.0,28,74,none,0.0,fully_functional,64760.0,0.0,sell
DEV001962,laptop,budget,76600.0,19,70,keyboard_damage,0.57,partially_functional,33560.0,5810.0,repair
DEV001963,phone,premium,48000.0,29,64,screen_crack,0.98,partially_functional,9370.0,18940.0,recycle
DEV001964,tablet,budget,14200.0,28,69,battery_issue,0.2,partially_functional,6470.0,790.0,repair
DEV001965,phone,budget,30400.0,17,88,none,0.0,fully_functional,18730.0,0.0,sell
DEV001966,tablet,budget,40000.0,18,76,dead_pixel,0.8,not_functional,15660.0,5480.0,sell
DEV001967,pc,mid,93700.0,101,15,battery_issue,0.67,not_functional,13260.0,8680.0,recycle
DEV001968,laptop,budget,93100.0,71,36,keyboard_damage,0.2,fully_functional,17050.0,4020.0,repair
DEV001969,laptop,mid,92700.0,111,15,none,0.0,fully_functional,10600.0,0.0,upgrade
DEV001970,phone,mid,147100.0,24,65,none,0.0,fully_functional,66720.0,0.0,sell
DEV001971,monitor,budget,39600.0,77,27,keyboard_damage,0.53,fully_functional,10960.0,2250.0,repair
DEV001972,tablet,premium,16200.0,59,55,screen_crack,0.5,fully_functional,2810.0,4100.0,recycle
DEV001973,laptop,budget,107700.0,36,80,screen_crack,0.93,not_functional,27640.0,35150.0,recycle
DEV001974,phone,mid,145100.0,23,73,none,0.0,fully_functional,67970.0,0.0,sell
DEV001975,phone,budget,43700.0,6,95,none,0.0,fully_functional,35460.0,0.0,sell
DEV001976,laptop,mid,158800.0,12,82,dead_pixel,0.46,partially_functional,96640.0,11790.0,repair
DEV001977,monitor,premium,76900.0,42,63,screen_crack,0.24,partially_functional,38920.0,10730.0,repair
DEV001978,tablet,budget,42500.0,40,71,none,0.0,fully_functional,16920.0,0.0,sell
DEV001979,phone,budget,52100.0,64,33,screen_crack,0.72,not_functional,4320.0,15330.0,recycle
DEV001980,pc,budget,85300.0,16,100,body_damage,0.34,partially_functional,58440.0,6560.0,repair
DEV001981,laptop,budget,22500.0,55,50,none,0.0,fully_functional,6620.0,0.0,upgrade
DEV001982,pc,premium,66700.0,31,65,screen_crack,0.85,partially_functional,24780.0,16050.0,sell
DEV001983,phone,mid,61200.0,45,67,screen_crack,0.44,fully_functional,11640.0,11850.0,recycle
DEV001984,tablet,mid,48300.0,50,60,battery_issue,0.74,not_functional,9700.0,5120.0,upgrade
DEV001985,monitor,premium,52900.0,82,32,none,0.0,fully_functional,19850.0,0.0,upgrade
DEV001986,phone,premium,97400.0,19,72,screen_crack,0.66,partially_functional,39910.0,24600.0,sell
DEV001987,tablet,premium,60100.0,67,55,dead_pixel,0.51,fully_functional,10240.0,5320.0,recycle
DEV001988,monitor,budget,9400.0,65,42,screen_scratch,0.15,partially_functional,3410.0,220.0,repair
DEV001989,phone,budget,48100.0,36,65,body_damage,0.91,partially_functional,8320.0,8740.0,recycle
DEV001990,phone,budget,94000.0,12,89,none,0.0,fully_functional,70190.0,0.0,sell
DEV001991,tablet,budget,45100.0,2,97,screen_crack,0.35,fully_functional,35000.0,8590.0,repair
DEV001992,phone,budget,55600.0,15,89,screen_scratch,0.74,fully_functional,23040.0,1970.0,repair
DEV001993,phone,budget,87800.0,72,38,screen_crack,0.7,fully_functional,6260.0,21270.0,recycle
DEV001994,laptop,budget,34900.0,2,83,keyboard_damage,0.76,not_functional,19100.0,2700.0,sell
DEV001995,pc,mid,53700.0,68,36,battery_issue,0.99,partially_functional,10550.0,8010.0,upgrade
DEV001996,phone,budget,84900.0,3,93,keyboard_damage,0.64,partially_functional,53020.0,5050.0,repair
DEV001997,phone,budget,96600.0,34,92,dead_pixel,0.86,not_functional,20440.0,14250.0,upgrade
DEV001998,pc,budget,31200.0,27,97,screen_crack,0.47,fully_functional,16930.0,7510.0,sell
DEV001999,laptop,mid,116100.0,51,51,screen_scratch,0.53,not_functional,27130.0,3850.0,sell
DEV002000,pc,mid,50900.0,37,72,dead_pixel,0.67,partially_functional,19050.0,6770.0,sell
DEV002001,laptop,mid,240200.0,65,40,keyboard_damage,0.71,partially_functional,37020.0,17260.0,upgrade
DEV002002,monitor,budget,5100.0,79,34,screen_crack,0.91,partially_functional,1120.0,1700.0,recycle
DEV002003,tablet,budget,14600.0,34,78,none,0.0,fully_functional,7220.0,0.0,repair
DEV002004,phone,budget,46900.0,72,40,keyboard_damage,0.97,partially_functional,2430.0,3340.0,recycle
DEV002005,pc,budget,118300.0,43,60,keyboard_damage,0.65,fully_functional,45670.0,6890.0,repair
DEV002006,laptop,budget,55600.0,71,39,screen_scratch,0.17,not_functional,12230.0,1290.0,upgrade
DEV002007,phone,premium,188700.0,66,38,screen_scratch,0.97,not_functional,11750.0,7750.0,recycle
DEV002008,phone,budget,22800.0,37,56,none,0.0,fully_functional,7100.0,0.0,upgrade
DEV002009,tablet,budget,28900.0,56,59,body_damage,0.27,partially_functional,6830.0,2980.0,upgrade
DEV002010,phone,mid,136400.0,53,61,screen_crack,0.15,fully_functional,26000.0,19150.0,sell
DEV002011,phone,mid,72700.0,72,15,battery_issue,0.91,not_functional,3910.0,9070.0,recycle
DEV002012,phone,budget,92700.0,28,73,port_damage,0.9,partially_functional,20710.0,6390.0,repair
DEV002013,laptop,budget,70500.0,120,15,battery_issue,0.3,partially_functional,4740.0,3810.0,recycle
DEV002014,laptop,premium,189500.0,22,70,none,0.0,fully_functional,115260.0,0.0,sell
DEV002015,laptop,budget,157400.0,11,86,port_damage,0.88,not_functional,70850.0,9520.0,sell
DEV002016,phone,mid,97300.0,29,86,none,0.0,fully_functional,43570.0,0.0,sell
DEV002017,phone,mid,80200.0,7,97,none,0.0,fully_functional,67200.0,0.0,sell
DEV002018,tablet,budget,36200.0,44,56,battery_issue,0.92,not_functional,7300.0,3790.0,upgrade
DEV002019,laptop,mid,212500.0,7,90,none,0.0,fully_functional,174690.0,0.0,sell
DEV002020,tablet,budget,20300.0,39,73,port_damage,0.63,fully_functional,5240.0,1070.0,repair
DEV002021,phone,budget,16700.0,20,81,none,0.0,fully_functional,8170.0,0.0,sell
DEV002022,phone,budget,85800.0,22,69,body_damage,0.18,partially_functional,37360.0,7220.0,repair
DEV002023,phone,premium,56400.0,14,77,none,0.0,fully_functional,33920.0,0.0,sell
DEV002024,laptop,budget,62300.0,24,87,body_damage,0.88,not_functional,21550.0,10750.0,sell
DEV002025,laptop,budget,81700.0,85,19,screen_crack,1.0,not_functional,6850.0,23980.0,recycle
DEV002026,pc,premium,247400.0,60,54,screen_crack,0.73,not_functional,67690.0,53410.0,sell
DEV002027,laptop,budget,131200.0,65,50,none,0.0,fully_functional,30230.0,0.0,upgrade
DEV002028,laptop,premium,327800.0,46,58,battery_issue,0.23,not_functional,124130.0,16000.0,sell
DEV002029,laptop,mid,214500.0,23,71,screen_crack,0.46,partially_functional,101240.0,44630.0,sell
DEV002030,phone,mid,93300.0,27,87,none,0.0,fully_functional,42250.0,0.0,sell
DEV002031,laptop,mid,65800.0,64,58,screen_crack,0.57,fully_functional,12760.0,17140.0,recycle
DEV002032,phone,mid,9500.0,4,90,none,0.0,fully_functional,8110.0,0.0,sell
DEV002033,laptop,budget,72700.0,43,52,screen_crack,0.56,partially_functional,21650.0,19450.0,recycle
DEV002034,phone,premium,64100.0,34,83,body_damage,0.94,fully_functional,11680.0,11050.0,recycle
DEV002035,pc,premium,245800.0,45,80,screen_crack,0.8,partially_functional,81760.0,66060.0,recycle
DEV002036,monitor,premium,77700.0,51,61,battery_issue,0.2,not_functional,39790.0,4640.0,sell
DEV002037,phone,mid,59000.0,55,61,screen_crack,0.58,fully_functional,7830.0,14910.0,recycle
DEV002038,tablet,mid,37900.0,53,39,body_damage,0.82,not_functional,6420.0,6340.0,recycle
DEV002039,pc,mid,42600.0,43,58,port_damage,0.18,partially_functional,18740.0,1860.0,repair
DEV002040,phone,budget,95500.0,14,83,none,0.0,fully_functional,63410.0,0.0,sell
DEV002041,pc,mid,55400.0,39,68,dead_pixel,0.16,fully_functional,29300.0,4310.0,repair
DEV002042,tablet,mid,74400.0,37,79,none,0.0,fully_functional,32850.0,0.0,sell
DEV002043,monitor,mid,10200.0,108,15,keyboard_damage,0.33,not_functional,2220.0,430.0,upgrade
DEV002044,monitor,budget,12300.0,16,83,screen_crack,0.86,not_functional,5340.0,3250.0,sell
DEV002045,phone,mid,33400.0,52,59,screen_scratch,0.78,partially_functional,4450.0,1290.0,repair
DEV002046,laptop,mid,48400.0,12,86,none,0.0,fully_functional,42680.0,0.0,sell
DEV002047,laptop,mid,227800.0,39,62,dead_pixel,0.75,partially_functional,60250.0,29600.0,sell
DEV002048,phone,premium,76300.0,7,90,none,0.0,fully_functional,64230.0,0.0,sell
DEV002049,phone,mid,135000.0,22,78,battery_issue,0.63,not_functional,45910.0,12040.0,sell
DEV002050,monitor,budget,29300.0,117,15,battery_issue,0.75,fully_functional,3950.0,3140.0,recycle
DEV002051,phone,budget,15000.0,17,87,dead_pixel,0.54,partially_functional,6910.0,1580.0,repair
DEV002052,laptop,mid,81300.0,48,49,screen_scratch,0.94,partially_functional,15050.0,4080.0,repair
DEV002053,pc,mid,186800.0,10,90,screen_crack,0.9,partially_functional,91030.0,63030.0,sell
DEV002054,phone,premium,123400.0,8,91,port_damage,0.97,not_functional,53970.0,9000.0,sell
DEV002055,laptop,budget,145900.0,22,77,battery_issue,0.35,fully_functional,77130.0,11350.0,recycle
DEV002056,monitor,budget,29100.0,24,70,keyboard_damage,0.86,partially_functional,11980.0,2590.0,repair
DEV002057,laptop,budget,118300.0,42,65,dead_pixel,0.29,partially_functional,40190.0,10560.0,repair
DEV002058,phone,mid,119900.0,44,55,keyboard_damage,0.3,fully_functional,24060.0,5790.0,repair
DEV002059,phone,premium,183500.0,19,81,body_damage,0.9,not_functional,55110.0,33900.0,sell
DEV002060,monitor,premium,23000.0,26,62,port_damage,0.54,partially_functional,11240.0,1160.0,repair
DEV002061,phone,mid,60200.0,19,83,screen_scratch,0.29,fully_functional,29450.0,1210.0,repair
DEV002062,laptop,premium,220100.0,16,83,body_damage,0.96,not_functional,76800.0,35910.0,sell
DEV002063,phone,budget,6400.0,58,44,screen_scratch,0.96,partially_functional,510.0,310.0,recycle
DEV002064,laptop,mid,210800.0,8,90,none,0.0,fully_functional,175480.0,0.0,sell
DEV002065,monitor,premium,41800.0,64,35,keyboard_damage,0.35,not_functional,14660.0,1910.0,sell
DEV002066,laptop,budget,37000.0,10,98,screen_scratch,0.42,fully_functional,24300.0,1230.0,repair
DEV002067,monitor,premium,70700.0,43,56,battery_issue,0.76,partially_functional,24460.0,6060.0,repair
DEV002068,phone,budget,48000.0,3,100,none,0.0,fully_functional,42350.0,0.0,sell
DEV002069,laptop,budget,174600.0,15,72,none,0.0,fully_functional,125320.0,0.0,sell
DEV002070,pc,mid,54800.0,77,35,dead_pixel,0.67,partially_functional,12260.0,6600.0,upgrade
DEV002071,laptop,premium,252800.0,36,73,dead_pixel,0.47,fully_functional,93850.0,19920.0,repair
DEV002072,phone,budget,34300.0,66,41,keyboard_damage,0.54,fully_functional,3070.0,1610.0,recycle
DEV002073,pc,premium,286100.0,31,68,battery_issue,0.42,partially_functional,127070.0,19130.0,repair
DEV002074,laptop,budget,150000.0,63,49,screen_scratch,0.89,fully_functional,24320.0,6890.0,repair
DEV002075,laptop,mid,65300.0,68,32,body_damage,0.2,fully_functional,13480.0,5640.0,upgrade
DEV002076,monitor,mid,48200.0,56,51,body_damage,0.99,not_functional,12610.0,6870.0,sell
DEV002077,phone,budget,65400.0,57,40,keyboard_damage,0.17,fully_functional,10520.0,3010.0,repair
DEV002078,phone,mid,128300.0,33,73,screen_crack,0.55,not_functional,34830.0,30620.0,recycle
DEV002079,phone,mid,93100.0,57,33,none,0.0,fully_functional,15440.0,0.0,upgrade
DEV002080,laptop,mid,151000.0,24,72,screen_scratch,0.55,fully_functional,67680.0,4520.0,repair
DEV002081,phone,budget,50700.0,9,92,port_damage,0.97,fully_functional,19520.0,2720.0,repair
DEV002082,tablet,budget,18200.0,48,56,battery_issue,0.89,partially_functional,3130.0,2480.0,upgrade
DEV002083,phone,premium,72100.0,7,83,keyboard_damage,0.54,partially_functional,42580.0,4380.0,repair
DEV002084,tablet,mid,34000.0,96,15,port_damage,0.29,partially_functional,2880.0,1540.0,recycle
DEV002085,phone,premium,72800.0,17,84,screen_crack,0.72,partially_functional,26830.0,18410.0,sell
DEV002086,laptop,mid,197600.0,61,53,none,0.0,fully_functional,54260.0,0.0,upgrade
DEV002087,phone,premium,115400.0,59,53,none,0.0,fully_functional,19090.0,0.0,upgrade
DEV002088,tablet,budget,54400.0,8,93,body_damage,0.78,partially_functional,27960.0,7320.0,repair
DEV002089,laptop,mid,201800.0,91,24,keyboard_damage,0.36,fully_functional,23680.0,12730.0,recycle
DEV002090,laptop,mid,176500.0,81,27,screen_crack,0.56,fully_functional,22310.0,46550.0,recycle
DEV002091,pc,budget,58600.0,16,95,screen_scratch,0.69,not_functional,34220.0,2460.0,sell
DEV002092,laptop,budget,133200.0,105,15,screen_scratch,0.89,not_functional,7860.0,5960.0,recycle
DEV002093,phone,mid,139900.0,21,82,screen_crack,0.45,partially_functional,55980.0,30340.0,sell
DEV002094,monitor,premium,52800.0,30,88,body_damage,0.79,not_functional,23440.0,9340.0,sell
DEV002095,phone,mid,103800.0,12,90,dead_pixel,0.89,not_functional,39880.0,16410.0,sell
DEV002096,phone,budget,59000.0,28,62,body_damage,0.61,partially_functional,16900.0,8210.0,sell
DEV002097,laptop,premium,203900.0,12,93,none,0.0,fully_functional,169340.0,0.0,sell
DEV002098,phone,budget,89400.0,36,65,none,0.0,fully_functional,30860.0,0.0,upgrade
DEV002099,phone,budget,7400.0,25,79,screen_scratch,0.23,partially_functional,3020.0,140.0,repair
DEV002100,tablet,premium,44400.0,55,43,screen_crack,0.63,not_functional,8470.0,10540.0,recycle
DEV002101,phone,mid,140500.0,71,29,keyboard_damage,0.69,not_functional,9740.0,7930.0,recycle
DEV002102,pc,premium,175800.0,45,62,none,0.0,fully_functional,86420.0,0.0,sell
DEV002103,monitor,premium,31800.0,43,63,battery_issue,0.22,fully_functional,16490.0,1890.0,repair
DEV002104,tablet,mid,52200.0,66,39,dead_pixel,0.42,partially_functional,8150.0,5360.0,sell
DEV002105,tablet,budget,27700.0,41,62,none,0.0,fully_functional,10920.0,0.0,sell
DEV002106,tablet,budget,29300.0,70,35,screen_scratch,0.68,not_functional,3380.0,1020.0,recycle
DEV002107,monitor,premium,48700.0,20,76,port_damage,0.96,not_functional,18270.0,3340.0,sell
DEV002108,phone,premium,135000.0,53,68,screen_scratch,0.37,fully_functional,23020.0,3480.0,repair
DEV002109,phone,budget,103100.0,39,76,screen_scratch,0.22,partially_functional,28790.0,2310.0,repair
DEV002110,laptop,budget,82800.0,38,70,screen_crack,0.84,fully_functional,21900.0,31010.0,recycle
DEV002111,laptop,budget,115300.0,95,15,keyboard_damage,0.38,fully_functional,12110.0,6100.0,recycle
DEV002112,phone,budget,76000.0,10,85,none,0.0,fully_functional,52270.0,0.0,sell
DEV002113,tablet,premium,112700.0,25,74,none,0.0,fully_functional,60910.0,0.0,sell
DEV002114,phone,budget,44000.0,42,69,dead_pixel,0.56,not_functional,9020.0,4720.0,upgrade
DEV002115,monitor,mid,29900.0,77,36,screen_crack,0.34,partially_functional,9130.0,5490.0,upgrade
DEV002116,phone,premium,88300.0,29,75,screen_crack,0.36,partially_functional,26330.0,16040.0,sell
DEV002117,phone,mid,48700.0,62,47,none,0.0,fully_functional,6610.0,0.0,upgrade
DEV002118,phone,mid,115000.0,24,86,keyboard_damage,0.26,fully_functional,46510.0,4850.0,repair
DEV002119,phone,budget,85300.0,23,73,screen_crack,0.88,not_functional,22540.0,19930.0,recycle
DEV002120,phone,budget,11900.0,18,85,screen_crack,0.86,partially_functional,3830.0,3240.0,recycle
DEV002121,phone,budget,60500.0,5,95,none,0.0,fully_functional,48970.0,0.0,sell
DEV002122,phone,budget,89600.0,10,90,body_damage,0.48,fully_functional,51250.0,8540.0,recycle
DEV002123,phone,budget,30500.0,34,57,none,0.0,fully_functional,9110.0,0.0,upgrade
DEV002124,laptop,budget,49500.0,71,36,screen_crack,0.77,partially_functional,6520.0,17180.0,recycle
DEV002125,laptop,budget,129300.0,27,94,screen_crack,0.2,not_functional,72720.0,16120.0,sell
DEV002126,phone,budget,68700.0,21,85,none,0.0,fully_functional,37110.0,0.0,sell
DEV002127,phone,premium,158600.0,17,84,screen_scratch,0.2,partially_functional,82720.0,3700.0,repair
DEV002128,phone,budget,27500.0,27,74,battery_issue,0.22,fully_functional,10970.0,1540.0,repair
DEV002129,phone,budget,91400.0,4,94,screen_crack,0.41,fully_functional,64520.0,17250.0,repair
DEV002130,phone,premium,150500.0,30,80,body_damage,0.28,fully_functional,52080.0,16370.0,repair
DEV002131,pc,budget,23000.0,67,35,none,0.0,fully_functional,8490.0,0.0,upgrade
DEV002132,monitor,mid,16500.0,24,70,none,0.0,fully_functional,12040.0,0.0,sell
DEV002133,monitor,premium,40500.0,24,88,screen_scratch,0.51,fully_functional,24370.0,1370.0,repair
DEV002134,laptop,mid,149300.0,15,85,screen_scratch,0.19,partially_functional,96910.0,3060.0,repair
DEV002135,laptop,budget,149000.0,16,76,keyboard_damage,0.83,fully_functional,59750.0,11690.0,repair
DEV002136,phone,mid,82700.0,67,38,none,0.0,fully_functional,10140.0,0.0,upgrade
DEV002137,pc,mid,65500.0,38,66,dead_pixel,0.82,not_functional,21960.0,7350.0,sell
DEV002138,pc,budget,22100.0,6,88,none,0.0,fully_functional,21660.0,0.0,sell
DEV002139,pc,budget,117500.0,58,46,screen_crack,0.75,fully_functional,31350.0,27150.0,recycle
DEV002140,pc,budget,51500.0,82,26,none,0.0,fully_functional,14350.0,0.0,upgrade
DEV002141,laptop,premium,278700.0,120,15,none,0.0,fully_functional,21730.0,0.0,upgrade
DEV002142,pc,budget,82800.0,88,17,keyboard_damage,0.23,fully_functional,20510.0,3500.0,repair
DEV002143,pc,budget,21900.0,144,15,none,0.0,fully_functional,2810.0,0.0,upgrade
DEV002144,phone,mid,99100.0,15,92,port_damage,0.8,partially_functional,38530.0,5880.0,repair
DEV002145,monitor,premium,45800.0,54,42,body_damage,0.62,not_functional,15160.0,6510.0,sell
DEV002146,phone,budget,20800.0,3,92,port_damage,0.22,fully_functional,17260.0,750.0,repair
DEV002147,monitor,budget,10600.0,22,67,keyboard_damage,0.79,partially_functional,4500.0,920.0,repair
DEV002148,pc,mid,47100.0,144,15,none,0.0,fully_functional,6210.0,0.0,upgrade
DEV002149,phone,mid,84000.0,26,85,none,0.0,fully_functional,37290.0,0.0,sell
DEV002150,tablet,mid,88200.0,78,17,screen_crack,0.89,not_functional,8660.0,24910.0,recycle
DEV002151,phone,premium,163200.0,47,43,port_damage,0.16,fully_functional,31530.0,4930.0,repair
DEV002152,pc,budget,113400.0,133,15,none,0.0,fully_functional,17440.0,0.0,upgrade
DEV002153,pc,budget,32200.0,108,15,port_damage,0.25,not_functional,6510.0,1320.0,recycle
DEV002154,tablet,budget,53600.0,34,70,body_damage,0.37,not_functional,21100.0,5920.0,sell
DEV002155,pc,budget,45000.0,75,28,battery_issue,0.83,partially_functional,8340.0,5350.0,upgrade
DEV002156,phone,mid,8200.0,64,49,none,0.0,fully_functional,1140.0,0.0,upgrade
DEV002157,phone,mid,8100.0,30,48,none,0.0,fully_functional,2800.0,0.0,sell
DEV002158,laptop,budget,159300.0,18,89,dead_pixel,0.29,fully_functional,102950.0,11680.0,repair
DEV002159,phone,mid,120100.0,10,90,none,0.0,fully_functional,86710.0,0.0,sell
DEV002160,laptop,budget,116700.0,69,50,screen_scratch,0.73,fully_functional,17920.0,3700.0,repair
DEV002161,phone,mid,73800.0,16,100,screen_crack,0.25,partially_functional,39190.0,11800.0,repair
DEV002162,laptop,budget,130400.0,52,46,battery_issue,0.41,fully_functional,33250.0,7680.0,repair
DEV002163,laptop,mid,185400.0,14,71,port_damage,0.25,partially_functional,115230.0,6370.0,repair
DEV002164,pc,budget,21300.0,15,94,none,0.0,fully_functional,18400.0,0.0,sell
DEV002165,phone,premium,217600.0,20,82,keyboard_damage,0.94,partially_functional,62650.0,15510.0,repair
DEV002166,pc,premium,264800.0,14,95,screen_scratch,0.41,fully_functional,184700.0,5900.0,repair
DEV002167,laptop,premium,217100.0,120,15,screen_crack,0.55,partially_functional,11740.0,42780.0,recycle
DEV002168,phone,premium,214300.0,10,98,keyboard_damage,0.91,not_functional,93510.0,19530.0,sell
DEV002169,laptop,budget,101400.0,28,77,none,0.0,fully_functional,52960.0,0.0,sell
DEV002170,laptop,mid,192800.0,37,58,screen_scratch,0.89,partially_functional,49590.0,8170.0,repair
DEV002171,phone,budget,6600.0,42,71,screen_crack,0.17,fully_functional,1410.0,940.0,upgrade
DEV002172,laptop,premium,258400.0,9,93,dead_pixel,0.44,fully_functional,168110.0,26610.0,repair
DEV002173,phone,budget,88200.0,8,88,none,0.0,fully_functional,70950.0,0.0,sell
DEV002174,laptop,budget,81000.0,112,15,none,0.0,fully_functional,7560.0,0.0,upgrade
DEV002175,laptop,mid,30400.0,100,15,port_damage,0.78,fully_functional,2250.0,1890.0,recycle
DEV002176,laptop,budget,149600.0,23,76,body_damage,0.82,partially_functional,56440.0,23570.0,sell
DEV002177,pc,mid,165800.0,66,59,none,0.0,fully_functional,67950.0,0.0,upgrade
DEV002178,phone,budget,78700.0,37,59,body_damage,0.77,partially_functional,13680.0,10730.0,upgrade
DEV002179,monitor,mid,39400.0,35,71,dead_pixel,0.57,fully_functional,19000.0,4680.0,repair
DEV002180,pc,premium,130800.0,20,72,port_damage,0.66,not_functional,68440.0,6960.0,sell
DEV002181,monitor,mid,27600.0,22,88,screen_scratch,0.24,partially_functional,19910.0,590.0,repair
DEV002182,pc,budget,32900.0,25,79,none,0.0,fully_functional,21390.0,0.0,sell
DEV002183,phone,budget,44200.0,33,81,none,0.0,fully_functional,15440.0,0.0,upgrade
DEV002184,laptop,budget,96500.0,38,69,battery_issue,0.52,fully_functional,32600.0,7880.0,repair
DEV002185,phone,budget,8700.0,15,83,none,0.0,fully_functional,5550.0,0.0,sell
DEV002186,pc,mid,165600.0,17,100,port_damage,0.35,partially_functional,116120.0,7890.0,repair
DEV002187,laptop,budget,65100.0,9,98,screen_scratch,0.25,not_functional,46180.0,1320.0,sell
DEV002188,phone,budget,58800.0,1,95,screen_scratch,0.44,partially_functional,43750.0,1740.0,repair
DEV002189,monitor,budget,30600.0,71,38,none,0.0,fully_functional,11700.0,0.0,sell
DEV002190,phone,premium,52200.0,0,100,none,0.0,fully_functional,49570.0,0.0,sell
DEV002191,laptop,budget,62000.0,37,68,screen_crack,0.97,partially_functional,15040.0,21910.0,recycle
DEV002192,tablet,budget,21200.0,63,45,port_damage,0.76,partially_functional,3060.0,1360.0,recycle
DEV002193,phone,mid,59500.0,16,84,body_damage,0.26,fully_functional,32000.0,6280.0,repair
DEV002194,laptop,budget,96700.0,35,76,battery_issue,0.29,fully_functional,39470.0,6740.0,repair
DEV002195,pc,premium,231900.0,54,55,none,0.0,fully_functional,108020.0,0.0,sell
DEV002196,phone,budget,21000.0,21,87,screen_scratch,0.51,partially_functional,7810.0,660.0,repair
DEV002197,laptop,mid,44200.0,35,73,screen_crack,0.98,not_functional,10720.0,14930.0,recycle
DEV002198,phone,mid,117800.0,16,89,screen_scratch,0.47,fully_functional,52260.0,3910.0,repair
DEV002199,tablet,premium,59500.0,44,48,screen_crack,0.44,fully_functional,16330.0,9600.0,upgrade
DEV002200,phone,mid,100900.0,31,88,screen_scratch,0.38,fully_functional,35630.0,3090.0,repair
DEV002201,monitor,mid,49400.0,85,20,screen_crack,0.73,not_functional,10330.0,10240.0,recycle
DEV002202,pc,mid,127200.0,8,94,dead_pixel,0.74,fully_functional,71090.0,16810.0,repair
DEV002203,phone,mid,134200.0,32,63,dead_pixel,0.92,fully_functional,25710.0,20290.0,sell
DEV002204,phone,mid,39300.0,64,38,body_damage,0.94,not_functional,2670.0,6580.0,recycle
DEV002205,laptop,mid,140500.0,120,15,none,0.0,fully_functional,12490.0,0.0,upgrade
DEV002206,tablet,mid,20200.0,72,44,none,0.0,fully_functional,4010.0,0.0,upgrade
DEV002207,laptop,budget,25200.0,25,82,none,0.0,fully_functional,13870.0,0.0,sell
DEV002208,phone,budget,45800.0,72,29,none,0.0,fully_functional,4920.0,0.0,upgrade
DEV002209,phone,budget,89300.0,56,39,dead_pixel,0.43,fully_functional,11170.0,7480.0,recycle
DEV002210,monitor,budget,32800.0,47,44,none,0.0,fully_functional,16460.0,0.0,upgrade
DEV002211,laptop,mid,78800.0,67,32,body_damage,0.29,fully_functional,16200.0,8840.0,upgrade
DEV002212,pc,budget,122400.0,39,65,screen_crack,0.65,partially_functional,44800.0,30520.0,sell
DEV002213,laptop,mid,130800.0,71,47,port_damage,0.38,partially_functional,27290.0,5910.0,repair
DEV002214,monitor,mid,36600.0,37,73,body_damage,0.92,not_functional,12370.0,8020.0,sell
DEV002215,phone,mid,138600.0,4,85,none,0.0,fully_functional,121890.0,0.0,sell
DEV002216,phone,mid,144900.0,21,80,screen_crack,0.26,fully_functional,60230.0,21770.0,sell
DEV002217,monitor,budget,35400.0,41,71,screen_scratch,0.67,not_functional,13800.0,1410.0,repair
DEV002218,monitor,budget,14500.0,168,15,battery_issue,0.61,partially_functional,1380.0,1190.0,recycle
DEV002219,phone,mid,91400.0,37,65,body_damage,0.76,partially_functional,18620.0,11810.0,upgrade
DEV002220,laptop,premium,129100.0,19,90,screen_crack,0.47,not_functional,64190.0,31130.0,sell
DEV002221,laptop,mid,109900.0,15,97,battery_issue,0.99,partially_functional,44390.0,15760.0,sell
DEV002222,laptop,mid,99300.0,30,78,screen_crack,0.59,fully_functional,38160.0,22050.0,sell
DEV002223,phone,mid,43800.0,46,52,none,0.0,fully_functional,10320.0,0.0,upgrade
DEV002224,pc,mid,155000.0,29,67,screen_crack,0.91,not_functional,51630.0,54470.0,recycle
DEV002225,phone,mid,101400.0,8,92,none,0.0,fully_functional,75050.0,0.0,sell
DEV002226,tablet,mid,74800.0,40,62,none,0.0,fully_functional,26320.0,0.0,sell
DEV002227,phone,budget,77600.0,7,79,none,0.0,fully_functional,60500.0,0.0,sell
DEV002228,phone,budget,103100.0,7,100,keyboard_damage,0.21,fully_functional,78010.0,3580.0,repair
DEV002229,tablet,budget,35300.0,60,50,screen_crack,0.82,partially_functional,5170.0,8190.0,recycle
DEV002230,phone,mid,97400.0,20,87,keyboard_damage,0.54,fully_functional,35650.0,4610.0,repair
DEV002231,tablet,mid,82400.0,11,96,screen_scratch,0.16,fully_functional,58310.0,1500.0,repair
DEV002232,phone,budget,20500.0,23,87,screen_scratch,0.48,not_functional,7940.0,490.0,sell
DEV002233,monitor,budget,33100.0,77,24,keyboard_damage,0.26,fully_functional,10350.0,1750.0,repair
DEV002234,tablet,mid,68400.0,26,64,none,0.0,fully_functional,37300.0,0.0,sell
DEV002235,pc,budget,100200.0,43,59,screen_scratch,1.0,partially_functional,24030.0,4230.0,repair
DEV002236,phone,premium,92000.0,6,87,port_damage,0.45,fully_functional,56610.0,4610.0,repair
DEV002237,phone,budget,67000.0,18,81,none,0.0,fully_functional,37700.0,0.0,sell
DEV002238,laptop,budget,163800.0,97,15,keyboard_damage,0.3,not_functional,18380.0,7870.0,recycle
DEV002239,laptop,mid,145400.0,59,50,none,0.0,fully_functional,41040.0,0.0,upgrade
DEV002240,phone,budget,79500.0,43,62,none,0.0,fully_functional,21330.0,0.0,upgrade
DEV002241,phone,budget,98600.0,42,50,none,0.0,fully_functional,24220.0,0.0,upgrade
DEV002242,laptop,budget,72400.0,44,60,none,0.0,fully_functional,28960.0,0.0,sell
DEV002243,phone,budget,44300.0,40,69,port_damage,0.64,partially_functional,8640.0,2790.0,repair
DEV002244,laptop,budget,80900.0,23,95,none,0.0,fully_functional,51550.0,0.0,sell
DEV002245,phone,mid,139800.0,41,73,body_damage,0.15,not_functional,41570.0,11720.0,upgrade
DEV002246,phone,budget,68100.0,12,83,screen_scratch,0.77,partially_functional,27800.0,2560.0,repair
DEV002247,tablet,budget,43400.0,96,25,none,0.0,fully_functional,4730.0,0.0,upgrade
DEV002248,laptop,budget,23600.0,34,82,battery_issue,0.68,partially_functional,7380.0,2140.0,repair
DEV002249,phone,premium,56200.0,57,50,screen_scratch,0.91,partially_functional,5410.0,2490.0,recycle
DEV002250,laptop,mid,33500.0,120,15,keyboard_damage,0.95,not_functional,1440.0,3000.0,recycle
DEV002251,pc,premium,60500.0,39,51,screen_scratch,0.44,fully_functional,25100.0,1730.0,recycle
DEV002252,laptop,premium,291200.0,24,80,screen_crack,0.85,fully_functional,97480.0,82240.0,recycle
DEV002253,laptop,budget,60500.0,12,91,keyboard_damage,0.45,partially_functional,37450.0,4030.0,repair
DEV002254,monitor,mid,38800.0,168,15,none,0.0,fully_functional,5590.0,0.0,upgrade
DEV002255,laptop,budget,81000.0,23,85,screen_crack,0.22,fully_functional,48300.0,16550.0,repair
DEV002256,monitor,premium,49500.0,22,77,dead_pixel,0.78,fully_functional,22400.0,6460.0,repair
DEV002257,pc,mid,88700.0,81,31,body_damage,0.71,partially_functional,16560.0,13320.0,recycle
DEV002258,phone,budget,47100.0,24,74,screen_scratch,0.54,fully_functional,15510.0,1530.0,repair
DEV002259,laptop,premium,81100.0,7,100,dead_pixel,0.22,fully_functional,63620.0,5150.0,repair
DEV002260,tablet,premium,26100.0,44,70,none,0.0,fully_functional,9890.0,0.0,upgrade
DEV002261,monitor,premium,32700.0,86,29,screen_crack,0.32,fully_functional,9360.0,5670.0,upgrade
DEV002262,laptop,budget,90900.0,36,75,none,0.0,fully_functional,41870.0,0.0,sell
DEV002263,phone,budget,63300.0,24,74,body_damage,0.34,fully_functional,24670.0,5280.0,repair
DEV002264,laptop,budget,51300.0,24,88,none,0.0,fully_functional,30350.0,0.0,sell
DEV002265,phone,mid,37900.0,31,68,body_damage,0.39,partially_functional,11360.0,4830.0,sell
DEV002266,pc,mid,167100.0,28,88,none,0.0,fully_functional,122900.0,0.0,sell
DEV002267,laptop,budget,101200.0,73,28,battery_issue,0.31,not_functional,17600.0,6140.0,upgrade
DEV002268,tablet,mid,60100.0,77,27,dead_pixel,0.16,fully_functional,8710.0,3700.0,recycle
DEV002269,pc,budget,125200.0,82,36,keyboard_damage,0.83,not_functional,22380.0,9320.0,upgrade
DEV002270,tablet,mid,48300.0,8,90,screen_scratch,0.85,not_functional,23940.0,2360.0,sell
DEV002271,tablet,premium,110000.0,19,82,screen_crack,0.97,not_functional,35100.0,36370.0,recycle
DEV002272,pc,mid,86000.0,144,15,none,0.0,fully_functional,10500.0,0.0,upgrade
DEV002273,pc,budget,62300.0,15,93,battery_issue,0.56,fully_functional,35150.0,4670.0,repair
DEV002274,pc,budget,103400.0,34,70,screen_scratch,0.22,not_functional,54330.0,1560.0,sell
DEV002275,phone,budget,80700.0,29,61,none,0.0,fully_functional,33650.0,0.0,sell
DEV002276,laptop,mid,65800.0,38,60,body_damage,0.45,not_functional,20920.0,6140.0,sell
DEV002277,phone,mid,27000.0,18,85,screen_scratch,0.48,partially_functional,10760.0,650.0,repair
DEV002278,pc,budget,79400.0,36,80,none,0.0,fully_functional,48980.0,0.0,sell
DEV002279,tablet,premium,53400.0,7,83,dead_pixel,0.43,fully_functional,33310.0,4190.0,repair
DEV002280,laptop,mid,109800.0,120,15,body_damage,0.59,fully_functional,6200.0,14100.0,recycle
DEV002281,phone,premium,105100.0,2,100,none,0.0,fully_functional,102520.0,0.0,sell
DEV002282,phone,mid,89600.0,32,71,battery_issue,0.77,not_functional,20370.0,9560.0,sell
DEV002283,tablet,premium,51900.0,37,81,none,0.0,fully_functional,24340.0,0.0,sell
DEV002284,phone,budget,33100.0,59,41,screen_crack,0.79,not_functional,3200.0,5860.0,recycle
DEV002285,phone,budget,58800.0,23,75,none,0.0,fully_functional,26590.0,0.0,sell
DEV002286,pc,premium,137400.0,40,79,body_damage,0.19,not_functional,65850.0,13560.0,sell
DEV002287,pc,premium,130400.0,38,53,battery_issue,0.48,fully_functional,56820.0,13500.0,repair
DEV002288,phone,mid,100800.0,41,80,keyboard_damage,0.62,partially_functional,20280.0,7600.0,upgrade
DEV002289,phone,budget,42600.0,40,75,dead_pixel,0.98,partially_functional,7430.0,6360.0,recycle
DEV002290,monitor,budget,15100.0,66,34,screen_scratch,0.48,fully_functional,4970.0,390.0,repair
DEV002291,tablet,mid,49600.0,19,88,none,0.0,fully_functional,34810.0,0.0,sell
DEV002292,tablet,premium,78200.0,35,59,battery_issue,0.89,partially_functional,17880.0,8490.0,sell
DEV002293,phone,budget,76000.0,16,84,dead_pixel,0.25,fully_functional,40020.0,5490.0,repair
DEV002294,phone,budget,67800.0,16,92,none,0.0,fully_functional,43710.0,0.0,sell
DEV002295,phone,mid,63500.0,59,45,dead_pixel,0.89,partially_functional,5490.0,4750.0,recycle
DEV002296,tablet,mid,50300.0,83,34,screen_scratch,0.5,fully_functional,5670.0,1490.0,recycle
DEV002297,phone,mid,99500.0,44,60,none,0.0,fully_functional,25400.0,0.0,upgrade
DEV002298,phone,mid,96400.0,51,42,screen_crack,0.33,fully_functional,15060.0,19060.0,recycle
DEV002299,tablet,premium,33200.0,71,24,screen_crack,0.65,not_functional,3940.0,10440.0,recycle
DEV002300,monitor,budget,29500.0,42,62,body_damage,0.8,not_functional,10190.0,4940.0,sell
DEV002301,pc,mid,183400.0,74,38,screen_crack,0.21,fully_functional,53550.0,37110.0,upgrade
DEV002302,laptop,mid,28300.0,31,69,dead_pixel,0.29,partially_functional,11950.0,2310.0,repair
DEV002303,laptop,mid,196800.0,28,73,port_damage,0.91,partially_functional,58900.0,16880.0,repair
DEV002304,laptop,premium,215900.0,99,15,battery_issue,0.97,not_functional,12820.0,19330.0,sell
DEV002305,phone,mid,13200.0,16,72,none,0.0,fully_functional,7970.0,0.0,sell
DEV002306,laptop,mid,201400.0,37,91,battery_issue,0.28,fully_functional,88600.0,10070.0,repair
DEV002307,laptop,budget,154300.0,120,15,dead_pixel,0.85,partially_functional,7730.0,22030.0,recycle
DEV002308,laptop,mid,136100.0,22,84,none,0.0,fully_functional,83240.0,0.0,sell
DEV002309,pc,budget,104500.0,90,15,none,0.0,fully_functional,25000.0,0.0,upgrade
DEV002310,monitor,budget,15000.0,44,68,none,0.0,fully_functional,9290.0,0.0,sell
DEV002311,phone,mid,147400.0,30,75,screen_crack,0.51,fully_functional,42910.0,37910.0,recycle
DEV002312,laptop,mid,190600.0,84,15,body_damage,0.6,not_functional,22230.0,25890.0,recycle
DEV002313,phone,premium,98200.0,22,76,dead_pixel,0.62,partially_functional,31720.0,11310.0,sell
DEV002314,laptop,mid,183500.0,33,77,keyboard_damage,0.78,partially_functional,56410.0,14130.0,repair
DEV002315,phone,premium,82700.0,32,69,none,0.0,fully_functional,32030.0,0.0,sell
DEV002316,phone,budget,23700.0,14,89,body_damage,0.19,fully_functional,14030.0,1900.0,repair
DEV002317,pc,mid,168700.0,144,15,dead_pixel,0.92,partially_functional,11780.0,19980.0,recycle
DEV002318,laptop,premium,46800.0,78,39,none,0.0,fully_functional,9530.0,0.0,upgrade
DEV002319,monitor,mid,6200.0,66,35,screen_scratch,0.35,not_functional,2150.0,150.0,sell
DEV002320,phone,premium,133100.0,69,42,screen_scratch,0.83,partially_functional,10010.0,5530.0,recycle
DEV002321,phone,mid,10400.0,33,74,screen_scratch,0.16,fully_functional,3460.0,230.0,repair
DEV002322,laptop,budget,35200.0,52,58,keyboard_damage,0.25,fully_functional,10810.0,1330.0,repair
DEV002323,phone,mid,40800.0,8,94,none,0.0,fully_functional,31710.0,0.0,sell
DEV002324,phone,budget,11000.0,27,77,screen_crack,0.31,fully_functional,3820.0,1540.0,sell
DEV002325,monitor,budget,41600.0,26,85,keyboard_damage,0.38,fully_functional,25300.0,2080.0,repair
DEV002326,phone,budget,66800.0,25,78,none,0.0,fully_functional,28430.0,0.0,sell
DEV002327,phone,budget,43900.0,60,38,port_damage,0.26,partially_functional,5940.0,1660.0,repair
DEV002328,laptop,budget,140700.0,66,56,dead_pixel,0.2,partially_functional,30960.0,11940.0,upgrade
DEV002329,laptop,premium,272600.0,101,15,screen_scratch,0.97,partially_functional,15960.0,12610.0,recycle
DEV002330,laptop,budget,113200.0,110,15,screen_scratch,0.83,fully_functional,6370.0,4130.0,recycle
DEV002331,laptop,premium,298800.0,10,92,none,0.0,fully_functional,250740.0,0.0,sell
DEV002332,pc,mid,47600.0,70,27,dead_pixel,0.85,partially_functional,8670.0,7950.0,recycle
DEV002333,phone,budget,93200.0,22,56,battery_issue,0.95,partially_functional,23320.0,12080.0,sell
DEV002334,laptop,budget,96900.0,47,52,screen_crack,0.37,fully_functional,27820.0,18040.0,sell
DEV002335,tablet,premium,116900.0,30,82,screen_scratch,0.94,partially_functional,31780.0,5150.0,repair
DEV002336,pc,mid,110600.0,50,60,screen_crack,0.98,partially_functional,26410.0,33610.0,recycle
DEV002337,laptop,premium,156000.0,64,45,screen_scratch,0.46,partially_functional,35010.0,2790.0,repair
DEV002338,laptop,budget,50400.0,37,75,dead_pixel,0.84,partially_functional,12660.0,6840.0,sell
DEV002339,phone,mid,108600.0,1,90,screen_crack,0.47,fully_functional,80250.0,18850.0,repair
DEV002340,phone,mid,77300.0,23,68,port_damage,0.34,fully_functional,30170.0,3070.0,repair
DEV002341,phone,premium,127700.0,18,81,screen_crack,0.66,partially_functional,46510.0,26430.0,sell
DEV002342,tablet,budget,51500.0,28,73,body_damage,0.65,partially_functional,18500.0,6910.0,sell
DEV002343,phone,premium,169200.0,27,76,body_damage,0.93,partially_functional,37150.0,24700.0,sell
DEV002344,tablet,budget,28400.0,29,74,none,0.0,fully_functional,13790.0,0.0,sell
DEV002345,phone,premium,167200.0,53,30,none,0.0,fully_functional,27640.0,0.0,upgrade
DEV002346,pc,mid,72600.0,89,29,dead_pixel,0.74,fully_functional,12340.0,9420.0,upgrade
DEV002347,pc,mid,182800.0,51,59,screen_crack,0.64,partially_functional,57130.0,35720.0,sell
DEV002348,phone,budget,87600.0,45,58,none,0.0,fully_functional,20410.0,0.0,upgrade
DEV002349,phone,premium,180500.0,28,97,none,0.0,fully_functional,82150.0,0.0,sell
DEV002350,phone,budget,77300.0,27,79,screen_scratch,0.5,partially_functional,26590.0,2680.0,repair
DEV002351,pc,mid,130100.0,106,15,none,0.0,fully_functional,25040.0,0.0,upgrade
DEV002352,phone,mid,100800.0,10,97,screen_scratch,0.44,fully_functional,59620.0,2560.0,repair
DEV002353,laptop,mid,58300.0,39,55,battery_issue,0.22,partially_functional,22680.0,2840.0,repair
DEV002354,laptop,mid,92800.0,15,79,screen_crack,0.68,partially_functional,46490.0,29100.0,sell
DEV002355,pc,mid,55400.0,59,42,none,0.0,fully_functional,22120.0,0.0,sell
DEV002356,laptop,mid,220700.0,8,98,none,0.0,fully_functional,204360.0,0.0,sell
DEV002357,laptop,mid,65800.0,18,65,dead_pixel,0.34,fully_functional,36280.0,5660.0,repair
DEV002358,monitor,mid,57000.0,67,32,dead_pixel,0.26,not_functional,18240.0,3890.0,sell
DEV002359,phone,mid,103100.0,9,96,body_damage,0.78,partially_functional,48840.0,13990.0,repair
DEV002360,pc,premium,197500.0,40,67,dead_pixel,0.29,partially_functional,93790.0,15420.0,repair
DEV002361,phone,mid,110900.0,29,68,none,0.0,fully_functional,46160.0,0.0,sell
DEV002362,laptop,budget,43800.0,1,100,screen_scratch,0.24,partially_functional,40080.0,710.0,sell
DEV002363,pc,mid,131000.0,70,31,none,0.0,fully_functional,42450.0,0.0,upgrade
DEV002364,tablet,budget,7200.0,62,52,dead_pixel,0.39,fully_functional,1480.0,630.0,upgrade
DEV002365,tablet,budget,49500.0,23,71,none,0.0,fully_functional,28210.0,0.0,sell
DEV002366,phone,mid,72600.0,69,44,none,0.0,fully_functional,8210.0,0.0,upgrade
DEV002367,laptop,mid,242500.0,27,64,dead_pixel,0.44,fully_functional,110800.0,20130.0,recycle
DEV002368,laptop,mid,231200.0,59,52,none,0.0,fully_functional,66160.0,0.0,upgrade
DEV002369,laptop,premium,67100.0,62,47,none,0.0,fully_functional,18330.0,0.0,upgrade
DEV002370,laptop,budget,125300.0,44,58,screen_scratch,0.99,not_functional,24780.0,5660.0,sell
DEV002371,phone,budget,100200.0,72,41,screen_scratch,0.47,fully_functional,8370.0,2690.0,repair
DEV002372,phone,budget,26800.0,55,45,screen_crack,0.96,not_functional,2600.0,8270.0,recycle
DEV002373,phone,budget,16800.0,12,96,keyboard_damage,0.18,fully_functional,11610.0,490.0,repair
DEV002374,laptop,mid,191000.0,36,61,body_damage,0.4,not_functional,73340.0,20630.0,sell
DEV002375,phone,mid,137600.0,17,81,screen_crack,0.73,not_functional,46550.0,48230.0,sell
DEV002376,pc,mid,175800.0,130,15,screen_scratch,0.67,partially_functional,19450.0,7000.0,recycle
DEV002377,tablet,budget,21700.0,96,15,keyboard_damage,0.58,partially_functional,1700.0,1060.0,recycle
DEV002378,phone,mid,122800.0,21,78,keyboard_damage,0.56,fully_functional,47980.0,8150.0,repair
DEV002379,tablet,budget,38700.0,38,61,none,0.0,fully_functional,15620.0,0.0,sell
DEV002380,pc,mid,109200.0,35,66,screen_scratch,0.46,not_functional,49460.0,3860.0,sell
DEV002381,phone,mid,126200.0,11,100,body_damage,0.3,not_functional,82220.0,10680.0,sell
DEV002382,phone,budget,16000.0,15,84,none,0.0,fully_functional,10950.0,0.0,sell
DEV002383,phone,premium,208900.0,72,26,none,0.0,fully_functional,21240.0,0.0,upgrade
DEV002384,phone,mid,87300.0,30,85,none,0.0,fully_functional,33340.0,0.0,sell
DEV002385,pc,budget,48800.0,64,44,screen_crack,0.84,partially_functional,11200.0,10870.0,recycle
DEV002386,monitor,mid,55200.0,50,42,body_damage,0.45,partially_functional,21180.0,6180.0,repair
DEV002387,phone,mid,78400.0,44,68,screen_crack,0.71,not_functional,12410.0,21520.0,recycle
DEV002388,tablet,budget,25500.0,39,64,screen_scratch,0.26,partially_functional,8940.0,480.0,repair
DEV002389,phone,budget,11500.0,5,100,none,0.0,fully_functional,10220.0,0.0,sell
DEV002390,laptop,mid,60800.0,39,73,none,0.0,fully_functional,28960.0,0.0,sell
DEV002391,pc,premium,124400.0,112,18,screen_crack,0.5,fully_functional,17760.0,27400.0,recycle
DEV002392,laptop,mid,69300.0,38,79,none,0.0,fully_functional,31850.0,0.0,sell
DEV002393,phone,mid,90100.0,4,95,port_damage,0.4,fully_functional,63050.0,4070.0,repair
DEV002394,laptop,mid,65200.0,79,37,none,0.0,fully_functional,13700.0,0.0,upgrade
DEV002395,monitor,mid,32400.0,76,35,body_damage,0.45,fully_functional,10050.0,3180.0,repair
DEV002396,phone,budget,39400.0,40,60,none,0.0,fully_functional,11450.0,0.0,upgrade
DEV002397,phone,budget,9800.0,10,81,screen_crack,0.74,not_functional,4500.0,2520.0,sell
DEV002398,phone,premium,86900.0,10,100,body_damage,0.21,fully_functional,57630.0,6500.0,repair
DEV002399,laptop,premium,152800.0,7,93,port_damage,0.59,partially_functional,96460.0,6010.0,repair
DEV002400,laptop,premium,245700.0,10,99,screen_scratch,0.36,fully_functional,159180.0,6730.0,repair
DEV002401,pc,budget,103100.0,47,65,keyboard_damage,0.67,fully_functional,35630.0,5810.0,recycle
DEV002402,pc,mid,39500.0,32,60,none,0.0,fully_functional,21220.0,0.0,sell
DEV002403,pc,mid,32900.0,44,56,screen_crack,0.33,fully_functional,12870.0,6750.0,sell
DEV002404,pc,budget,126700.0,44,55,body_damage,0.43,fully_functional,45690.0,17110.0,sell
DEV002405,phone,budget,41100.0,29,47,body_damage,0.4,fully_functional,13280.0,6160.0,repair
DEV002406,laptop,mid,73500.0,61,56,screen_crack,0.61,not_functional,14530.0,13760.0,recycle
DEV002407,phone,mid,109500.0,58,37,battery_issue,0.61,partially_functional,11080.0,10300.0,recycle
DEV002408,phone,mid,79900.0,35,76,none,0.0,fully_functional,30790.0,0.0,upgrade
DEV002409,monitor,budget,14300.0,110,15,none,0.0,fully_functional,3390.0,0.0,upgrade
DEV002410,tablet,mid,28800.0,28,62,none,0.0,fully_functional,14870.0,0.0,sell
DEV002411,monitor,budget,14800.0,10,99,none,0.0,fully_functional,12820.0,0.0,sell
DEV002412,laptop,budget,17700.0,116,15,dead_pixel,0.74,fully_functional,1050.0,2370.0,repair
DEV002413,laptop,mid,242800.0,44,60,screen_scratch,0.37,partially_functional,78250.0,6340.0,repair
DEV002414,laptop,budget,53200.0,15,89,none,0.0,fully_functional,37710.0,0.0,sell
DEV002415,phone,premium,12700.0,12,89,dead_pixel,0.32,not_functional,6850.0,840.0,sell
DEV002416,phone,mid,105400.0,47,47,screen_crack,0.74,not_functional,14180.0,37870.0,recycle
DEV002417,laptop,budget,161800.0,38,72,dead_pixel,0.31,partially_functional,59650.0,13620.0,repair
DEV002418,phone,budget,47500.0,13,88,dead_pixel,0.23,fully_functional,25550.0,3640.0,repair
DEV002419,monitor,mid,55000.0,63,37,screen_crack,0.56,fully_functional,17680.0,15480.0,recycle
DEV002420,phone,budget,7800.0,63,41,none,0.0,fully_functional,1130.0,0.0,upgrade
DEV002421,phone,budget,26100.0,32,79,keyboard_damage,0.86,not_functional,5430.0,1840.0,sell
DEV002422,pc,mid,136100.0,11,93,dead_pixel,0.29,partially_functional,89370.0,12510.0,repair
DEV002423,phone,budget,71200.0,24,77,screen_crack,0.75,not_functional,21340.0,19140.0,recycle
DEV002424,monitor,mid,15100.0,82,25,screen_crack,0.7,not_functional,3360.0,4560.0,recycle
DEV002425,tablet,mid,48900.0,23,64,keyboard_damage,0.58,not_functional,18490.0,3110.0,sell
DEV002426,phone,budget,79600.0,26,70,dead_pixel,0.31,fully_functional,29160.0,8550.0,repair
DEV002427,tablet,mid,78700.0,38,50,none,0.0,fully_functional,26760.0,0.0,sell
DEV002428,tablet,mid,42700.0,44,56,none,0.0,fully_functional,15240.0,0.0,upgrade
DEV002429,pc,mid,191500.0,84,27,battery_issue,0.62,not_functional,37150.0,17990.0,upgrade
DEV002430,pc,budget,41900.0,73,26,screen_crack,0.32,partially_functional,12100.0,7010.0,upgrade
DEV002431,tablet,mid,61200.0,52,50,none,0.0,fully_functional,18420.0,0.0,upgrade
DEV002432,laptop,budget,136400.0,34,62,none,0.0,fully_functional,65460.0,0.0,sell
DEV002433,phone,mid,95600.0,11,98,none,0.0,fully_functional,76360.0,0.0,sell
DEV002434,tablet,budget,26100.0,24,78,none,0.0,fully_functional,14420.0,0.0,sell
DEV002435,monitor,premium,39200.0,41,63,none,0.0,fully_functional,21350.0,0.0,sell
DEV002436,laptop,budget,130600.0,45,60,screen_scratch,0.44,fully_functional,41390.0,3490.0,recycle
DEV002437,tablet,premium,32800.0,20,78,port_damage,0.8,not_functional,12910.0,2210.0,sell
DEV002438,laptop,premium,240200.0,28,73,port_damage,0.79,partially_functional,84600.0,13510.0,repair
DEV002439,pc,mid,164200.0,93,15,screen_scratch,0.41,fully_functional,31280.0,5240.0,repair
DEV002440,monitor,budget,5300.0,84,18,body_damage,0.59,fully_functional,1170.0,560.0,upgrade
DEV002441,phone,budget,84700.0,55,51,none,0.0,fully_functional,14210.0,0.0,upgrade
DEV002442,phone,premium,210000.0,27,74,none,0.0,fully_functional,85950.0,0.0,sell
DEV002443,laptop,mid,190800.0,102,15,none,0.0,fully_functional,20610.0,0.0,upgrade
DEV002444,laptop,mid,242300.0,27,66,screen_scratch,0.3,not_functional,110760.0,5190.0,sell
DEV002445,laptop,budget,118600.0,41,65,screen_scratch,0.37,not_functional,44490.0,3310.0,sell
DEV002446,phone,premium,106400.0,19,80,screen_crack,0.63,not_functional,38850.0,21630.0,sell
DEV002447,laptop,budget,169600.0,5,81,body_damage,0.21,fully_functional,131550.0,15590.0,repair
DEV002448,laptop,budget,89900.0,39,56,dead_pixel,0.96,partially_functional,20530.0,13410.0,sell
DEV002449,laptop,budget,29200.0,22,88,none,0.0,fully_functional,18540.0,0.0,sell
DEV002450,tablet,mid,44100.0,39,62,port_damage,0.75,partially_functional,10900.0,2950.0,repair
DEV002451,tablet,premium,119700.0,7,78,screen_scratch,0.77,fully_functional,63530.0,4000.0,repair
DEV002452,tablet,mid,73000.0,54,72,none,0.0,fully_functional,22670.0,0.0,upgrade
DEV002453,pc,budget,98100.0,100,15,none,0.0,fully_functional,23090.0,0.0,upgrade
DEV002454,tablet,budget,48900.0,44,57,screen_crack,0.33,fully_functional,16370.0,7190.0,sell
DEV002455,laptop,mid,172300.0,36,71,none,0.0,fully_functional,78250.0,0.0,sell
DEV002456,tablet,mid,52200.0,4,98,port_damage,0.95,partially_functional,24930.0,2880.0,repair
DEV002457,phone,budget,20600.0,46,41,battery_issue,0.69,partially_functional,2980.0,1790.0,upgrade
DEV002458,phone,budget,74600.0,23,76,screen_crack,0.32,fully_functional,29510.0,9910.0,repair
DEV002459,laptop,mid,205800.0,33,73,port_damage,1.0,not_functional,50810.0,13010.0,sell
DEV002460,pc,premium,285900.0,74,42,none,0.0,fully_functional,103430.0,0.0,upgrade
DEV002461,tablet,mid,45600.0,33,64,none,0.0,fully_functional,20990.0,0.0,sell
DEV002462,phone,budget,40500.0,21,95,none,0.0,fully_functional,24710.0,0.0,sell
DEV002463,laptop,mid,80400.0,23,93,none,0.0,fully_functional,50780.0,0.0,sell
DEV002464,phone,budget,90300.0,62,40,screen_scratch,0.21,fully_functional,12250.0,1810.0,repair
DEV002465,tablet,premium,68700.0,19,77,screen_scratch,1.0,fully_functional,23700.0,3960.0,repair
DEV002466,pc,budget,53100.0,10,87,screen_crack,0.65,fully_functional,30400.0,10040.0,upgrade
DEV002467,laptop,budget,51300.0,88,15,body_damage,0.68,partially_functional,5210.0,8000.0,recycle
DEV002468,laptop,mid,123300.0,25,82,none,0.0,fully_functional,77340.0,0.0,sell
DEV002469,phone,budget,31200.0,1,100,keyboard_damage,0.48,partially_functional,22410.0,2400.0,repair
DEV002470,laptop,budget,162100.0,26,75,none,0.0,fully_functional,101280.0,0.0,sell
DEV002471,pc,mid,144000.0,47,59,body_damage,0.96,partially_functional,35720.0,25310.0,sell
DEV002472,tablet,mid,29200.0,30,77,dead_pixel,0.28,fully_functional,12420.0,2280.0,repair
DEV002473,laptop,premium,275100.0,50,58,none,0.0,fully_functional,94490.0,0.0,sell
DEV002474,laptop,budget,116100.0,43,65,battery_issue,0.23,fully_functional,42580.0,7470.0,repair
DEV002475,phone,budget,94300.0,23,86,keyboard_damage,0.79,partially_functional,28910.0,6690.0,repair
DEV002476,phone,mid,124500.0,5,97,port_damage,0.7,partially_functional,67370.0,10850.0,repair
DEV002477,phone,mid,73100.0,21,90,none,0.0,fully_functional,38830.0,0.0,sell
DEV002478,laptop,budget,66600.0,32,79,screen_scratch,0.79,partially_functional,19940.0,2500.0,repair
DEV002479,monitor,premium,51000.0,21,82,body_damage,0.37,not_functional,33690.0,5110.0,sell
DEV002480,laptop,premium,210700.0,11,100,dead_pixel,0.24,partially_functional,157110.0,15510.0,repair
DEV002481,phone,budget,14000.0,9,89,none,0.0,fully_functional,10300.0,0.0,sell
DEV002482,phone,mid,86900.0,24,77,screen_crack,0.57,partially_functional,28980.0,22370.0,sell
DEV002483,phone,mid,85400.0,24,91,none,0.0,fully_functional,40640.0,0.0,sell
DEV002484,pc,budget,111500.0,94,15,none,0.0,fully_functional,25460.0,0.0,upgrade
DEV002485,laptop,mid,101900.0,33,73,screen_crack,0.57,not_functional,34780.0,20480.0,sell
DEV002486,pc,budget,100400.0,91,20,battery_issue,0.93,not_functional,12980.0,11400.0,recycle
DEV002487,pc,budget,92000.0,81,34,screen_crack,0.78,not_functional,17740.0,22080.0,recycle
DEV002488,phone,premium,41500.0,23,72,none,0.0,fully_functional,20810.0,0.0,sell
DEV002489,tablet,mid,25700.0,85,15,keyboard_damage,0.61,fully_functional,2230.0,1580.0,recycle
DEV002490,monitor,budget,21300.0,36,69,dead_pixel,0.32,partially_functional,11700.0,1950.0,repair
DEV002491,laptop,mid,109200.0,10,92,none,0.0,fully_functional,83450.0,0.0,sell
DEV002492,phone,premium,139900.0,9,87,none,0.0,fully_functional,108100.0,0.0,sell
DEV002493,monitor,mid,30900.0,37,76,screen_scratch,0.77,not_functional,12210.0,1430.0,sell
DEV002494,pc,premium,54000.0,58,53,screen_scratch,0.15,partially_functional,20750.0,1170.0,repair
DEV002495,laptop,premium,121800.0,42,56,body_damage,0.19,partially_functional,45610.0,8350.0,repair
DEV002496,laptop,budget,117200.0,9,89,none,0.0,fully_functional,102730.0,0.0,sell
DEV002497,phone,mid,133800.0,25,72,body_damage,0.72,partially_functional,34950.0,18320.0,sell
DEV002498,pc,mid,126400.0,43,53,battery_issue,0.74,not_functional,43020.0,11910.0,sell
DEV002499,laptop,mid,182700.0,45,77,body_damage,0.89,not_functional,40030.0,32820.0,recycle
DEV002500,phone,budget,82500.0,38,72,none,0.0,fully_functional,27510.0,0.0,upgrade
DEV002501,tablet,budget,18300.0,55,63,battery_issue,0.22,fully_functional,4970.0,1250.0,repair
DEV002502,monitor,budget,12600.0,168,15,screen_scratch,0.37,partially_functional,1330.0,370.0,repair
DEV002503,pc,mid,34200.0,36,57,body_damage,0.53,partially_functional,13760.0,6110.0,sell
DEV002504,phone,mid,113900.0,32,75,none,0.0,fully_functional,43480.0,0.0,sell
DEV002505,phone,mid,76700.0,32,75,none,0.0,fully_functional,29950.0,0.0,sell
DEV002506,monitor,mid,31100.0,24,75,screen_scratch,0.28,fully_functional,19900.0,950.0,repair
DEV002507,monitor,budget,5300.0,81,31,none,0.0,fully_functional,1900.0,0.0,upgrade
DEV002508,laptop,budget,105100.0,63,48,body_damage,0.84,not_functional,15860.0,17480.0,recycle
DEV002509,tablet,mid,75300.0,37,50,none,0.0,fully_functional,30360.0,0.0,sell
DEV002510,laptop,mid,238500.0,41,66,none,0.0,fully_functional,101330.0,0.0,sell
DEV002511,laptop,mid,215000.0,31,65,screen_crack,0.92,not_functional,54730.0,98470.0,recycle
DEV002512,phone,budget,93600.0,37,67,none,0.0,fully_functional,29980.0,0.0,upgrade
DEV002513,phone,mid,148000.0,27,62,battery_issue,0.46,fully_functional,46040.0,13340.0,repair
DEV002514,phone,premium,14600.0,43,78,none,0.0,fully_functional,4300.0,0.0,upgrade
DEV002515,pc,budget,58900.0,144,15,none,0.0,fully_functional,8170.0,0.0,repair
DEV002516,phone,budget,51000.0,28,63,none,0.0,fully_functional,20660.0,0.0,sell
DEV002517,phone,mid,73500.0,47,65,none,0.0,fully_functional,18270.0,0.0,upgrade
DEV002518,laptop,mid,184500.0,22,46,screen_crack,0.62,not_functional,73740.0,38970.0,sell
DEV002519,phone,premium,164800.0,35,77,none,0.0,fully_functional,56720.0,0.0,upgrade
DEV002520,phone,premium,123500.0,16,74,none,0.0,fully_functional,67170.0,0.0,sell
DEV002521,laptop,mid,206900.0,30,73,screen_crack,0.96,fully_functional,56880.0,56780.0,recycle
DEV002522,laptop,budget,112200.0,3,95,none,0.0,fully_functional,102910.0,0.0,sell
DEV002523,tablet,mid,88900.0,23,78,screen_crack,0.79,partially_functional,31390.0,23070.0,sell
DEV002524,monitor,premium,20500.0,119,15,screen_crack,0.97,not_functional,2350.0,7060.0,recycle
DEV002525,phone,mid,94200.0,9,88,battery_issue,0.21,not_functional,66420.0,5100.0,sell
DEV002526,monitor,premium,68300.0,75,42,none,0.0,fully_functional,28160.0,0.0,sell
DEV002527,monitor,mid,8200.0,61,39,none,0.0,fully_functional,3540.0,0.0,sell
DEV002528,pc,budget,30100.0,39,65,none,0.0,fully_functional,15710.0,0.0,sell
DEV002529,tablet,mid,70600.0,23,90,body_damage,0.6,partially_functional,28660.0,10060.0,sell
DEV002530,tablet,mid,77000.0,13,82,keyboard_damage,0.61,not_functional,41350.0,4130.0,sell
DEV002531,tablet,budget,12300.0,19,78,screen_crack,0.97,not_functional,4220.0,4360.0,recycle
DEV002532,tablet,budget,53700.0,33,71,none,0.0,fully_functional,23740.0,0.0,sell
DEV002533,phone,mid,13100.0,23,87,none,0.0,fully_functional,6070.0,0.0,sell
DEV002534,monitor,budget,29600.0,18,84,keyboard_damage,0.23,partially_functional,20200.0,1060.0,repair
DEV002535,laptop,budget,90700.0,89,15,none,0.0,fully_functional,14620.0,0.0,upgrade
DEV002536,pc,mid,174600.0,107,15,battery_issue,0.8,partially_functional,21900.0,21840.0,recycle
DEV002537,laptop,mid,244400.0,38,61,none,0.0,fully_functional,106940.0,0.0,sell
DEV002538,phone,mid,148500.0,8,89,none,0.0,fully_functional,113700.0,0.0,sell
DEV002539,laptop,premium,344000.0,20,67,port_damage,0.87,not_functional,110320.0,25380.0,sell
DEV002540,laptop,premium,167900.0,35,59,none,0.0,fully_functional,76840.0,0.0,sell
DEV002541,laptop,mid,37400.0,30,80,none,0.0,fully_functional,21650.0,0.0,sell
DEV002542,phone,budget,27900.0,40,56,battery_issue,0.76,not_functional,4730.0,3060.0,upgrade
DEV002543,phone,mid,111800.0,16,79,dead_pixel,0.69,not_functional,43030.0,13690.0,sell
DEV002544,laptop,budget,172000.0,36,60,screen_scratch,0.31,fully_functional,67600.0,5650.0,repair
DEV002545,laptop,premium,126700.0,31,61,none,0.0,fully_functional,60130.0,0.0,sell
DEV002546,monitor,mid,39300.0,33,75,battery_issue,0.35,not_functional,21880.0,2640.0,sell
DEV002547,phone,budget,70300.0,32,71,dead_pixel,0.48,fully_functional,18850.0,7350.0,sell
DEV002548,phone,mid,143200.0,27,79,none,0.0,fully_functional,60770.0,0.0,sell
DEV002549,phone,mid,29200.0,23,73,screen_scratch,0.96,not_functional,7120.0,1190.0,sell
DEV002550,laptop,premium,107700.0,109,15,none,0.0,fully_functional,10870.0,0.0,upgrade
DEV002551,laptop,budget,81800.0,43,54,body_damage,0.97,not_functional,16710.0,12980.0,sell
DEV002552,tablet,premium,79200.0,46,69,screen_scratch,0.36,partially_functional,23170.0,1900.0,repair
DEV002553,monitor,budget,41900.0,20,75,port_damage,0.54,fully_functional,22930.0,2570.0,repair
DEV002554,phone,mid,102400.0,45,70,screen_crack,0.36,fully_functional,21420.0,19990.0,recycle
DEV002555,tablet,premium,102800.0,82,22,none,0.0,fully_functional,14340.0,0.0,upgrade
DEV002556,phone,budget,23500.0,57,47,keyboard_damage,0.67,not_functional,2320.0,1470.0,recycle
DEV002557,phone,budget,85500.0,2,71,dead_pixel,0.15,fully_functional,68190.0,5920.0,repair
DEV002558,laptop,premium,233400.0,46,58,none,0.0,fully_functional,85420.0,0.0,sell
DEV002559,phone,premium,173800.0,29,70,port_damage,0.21,not_functional,63530.0,5200.0,sell
DEV002560,tablet,budget,26800.0,28,78,screen_crack,0.69,partially_functional,9060.0,6040.0,sell
DEV002561,tablet,mid,76000.0,36,70,screen_scratch,0.67,partially_functional,20110.0,3370.0,repair
DEV002562,tablet,premium,68700.0,40,71,body_damage,0.54,fully_functional,20290.0,8410.0,upgrade
DEV002563,laptop,budget,122200.0,14,87,screen_scratch,0.28,fully_functional,82430.0,3330.0,repair
DEV002564,tablet,mid,19300.0,56,57,screen_scratch,0.94,partially_functional,2920.0,610.0,repair
DEV002565,laptop,mid,67600.0,44,58,keyboard_damage,0.78,not_functional,15060.0,6110.0,sell
DEV002566,phone,budget,88700.0,19,87,body_damage,0.69,not_functional,31530.0,14150.0,sell
DEV002567,phone,premium,173000.0,18,76,screen_scratch,0.65,not_functional,63380.0,6770.0,sell
DEV002568,tablet,budget,46800.0,39,72,battery_issue,0.33,fully_functional,16130.0,2360.0,repair
DEV002569,monitor,premium,24700.0,5,95,screen_scratch,0.92,not_functional,12130.0,1060.0,sell
DEV002570,phone,mid,144400.0,48,71,dead_pixel,0.64,partially_functional,20920.0,14440.0,recycle
DEV002571,laptop,mid,77400.0,7,100,battery_issue,0.86,partially_functional,38580.0,6940.0,repair
DEV002572,pc,mid,35400.0,15,94,body_damage,0.45,not_functional,24090.0,2900.0,sell
DEV002573,pc,mid,44000.0,36,74,battery_issue,0.69,partially_functional,16640.0,3510.0,repair
DEV002574,laptop,premium,227400.0,65,46,screen_crack,0.87,partially_functional,31010.0,56720.0,recycle
DEV002575,tablet,mid,29500.0,16,76,screen_crack,0.71,not_functional,13690.0,8780.0,sell
DEV002576,tablet,mid,41400.0,30,79,screen_crack,0.8,partially_functional,13920.0,10760.0,sell
DEV002577,pc,mid,192400.0,6,84,none,0.0,fully_functional,166890.0,0.0,sell
DEV002578,phone,budget,53500.0,44,55,body_damage,0.59,not_functional,9460.0,8260.0,recycle
DEV002579,monitor,budget,28000.0,84,15,battery_issue,0.62,not_functional,6260.0,2540.0,upgrade
DEV002580,phone,mid,79300.0,15,89,none,0.0,fully_functional,52310.0,0.0,sell
DEV002581,pc,mid,93500.0,56,50,none,0.0,fully_functional,38160.0,0.0,sell
DEV002582,phone,mid,84200.0,9,93,body_damage,0.52,fully_functional,47170.0,9090.0,repair
DEV002583,phone,mid,71100.0,32,70,body_damage,0.32,partially_functional,20710.0,5150.0,repair
DEV002584,phone,mid,69200.0,59,57,screen_crack,0.62,partially_functional,7920.0,18010.0,recycle
DEV002585,laptop,mid,81200.0,85,20,none,0.0,fully_functional,14170.0,0.0,upgrade
DEV002586,phone,mid,74800.0,22,73,dead_pixel,0.73,partially_functional,23760.0,8930.0,sell
DEV002587,phone,premium,137800.0,43,63,dead_pixel,0.53,not_functional,25420.0,13920.0,recycle
DEV002588,laptop,budget,89700.0,5,91,body_damage,0.78,not_functional,51040.0,12900.0,sell
DEV002589,laptop,mid,60000.0,18,83,none,0.0,fully_functional,39810.0,0.0,sell
DEV002590,pc,budget,79900.0,92,18,screen_scratch,0.24,fully_functional,17870.0,1850.0,repair
DEV002591,pc,premium,240500.0,109,15,battery_issue,0.88,partially_functional,25870.0,26040.0,recycle
DEV002592,tablet,mid,31800.0,21,68,screen_scratch,0.17,fully_functional,16070.0,730.0,repair
DEV002593,phone,mid,107900.0,72,33,none,0.0,fully_functional,10730.0,0.0,upgrade
DEV002594,phone,premium,174500.0,32,67,screen_crack,0.42,partially_functional,43290.0,37670.0,upgrade
DEV002595,monitor,mid,34300.0,73,28,screen_crack,0.22,not_functional,10870.0,6220.0,sell
DEV002596,phone,budget,97000.0,29,66,screen_scratch,0.32,fully_functional,35550.0,2590.0,repair
DEV002597,laptop,mid,203700.0,53,43,dead_pixel,0.67,partially_functional,36840.0,24010.0,sell
DEV002598,monitor,budget,25300.0,168,15,none,0.0,fully_functional,3210.0,0.0,upgrade
DEV002599,monitor,premium,56800.0,22,88,port_damage,0.81,partially_functional,28390.0,3200.0,repair
DEV002600,laptop,mid,65800.0,49,64,screen_scratch,0.89,not_functional,12730.0,2350.0,sell
DEV002601,tablet,mid,82800.0,17,85,none,0.0,fully_functional,54960.0,0.0,sell
DEV002602,laptop,premium,116800.0,19,80,none,0.0,fully_functional,77690.0,0.0,sell
DEV002603,pc,mid,157000.0,106,15,screen_crack,0.69,not_functional,19550.0,46170.0,recycle
DEV002604,phone,mid,134600.0,72,19,body_damage,0.26,not_functional,12070.0,12740.0,recycle
DEV002605,phone,budget,88000.0,30,53,screen_crack,0.7,not_functional,20830.0,30450.0,recycle
DEV002606,tablet,budget,13800.0,26,81,screen_crack,1.0,partially_functional,3730.0,3880.0,recycle
DEV002607,phone,premium,99100.0,7,88,none,0.0,fully_functional,82010.0,0.0,sell
DEV002608,tablet,premium,90900.0,34,67,keyboard_damage,0.59,fully_functional,27120.0,5500.0,repair
DEV002609,laptop,mid,73200.0,6,94,none,0.0,fully_functional,64580.0,0.0,sell
DEV002610,pc,budget,36900.0,21,84,screen_crack,0.81,fully_functional,15400.0,11800.0,sell
DEV002611,pc,budget,131600.0,72,35,screen_scratch,0.23,fully_functional,36840.0,3050.0,repair
DEV002612,laptop,premium,329100.0,120,15,screen_crack,0.17,fully_functional,27910.0,52200.0,recycle
DEV002613,pc,budget,26000.0,2,77,screen_crack,0.99,fully_functional,12010.0,9060.0,sell
DEV002614,phone,mid,37100.0,34,62,screen_crack,0.4,fully_functional,10490.0,7080.0,upgrade
DEV002615,laptop,budget,149500.0,30,76,screen_crack,0.67,partially_functional,52110.0,43430.0,recycle
DEV002616,phone,budget,44800.0,17,90,screen_crack,0.85,not_functional,14630.0,15120.0,recycle
DEV002617,pc,mid,198200.0,23,72,body_damage,0.85,fully_functional,66760.0,30510.0,sell
DEV002618,pc,premium,274100.0,132,15,screen_crack,0.49,partially_functional,30830.0,52700.0,recycle
DEV002619,monitor,mid,48100.0,18,86,none,0.0,fully_functional,35270.0,0.0,sell
DEV002620,pc,mid,90400.0,43,74,screen_scratch,0.4,fully_functional,39860.0,2520.0,repair
DEV002621,monitor,mid,13100.0,109,15,none,0.0,fully_functional,3050.0,0.0,upgrade
DEV002622,phone,premium,40300.0,15,78,screen_scratch,0.86,fully_functional,14340.0,1700.0,recycle
DEV002623,monitor,mid,14000.0,28,71,none,0.0,fully_functional,10640.0,0.0,sell
DEV002624,laptop,mid,165800.0,14,90,body_damage,0.85,not_functional,81840.0,19140.0,sell
DEV002625,laptop,mid,76400.0,48,65,keyboard_damage,0.5,fully_functional,21790.0,4850.0,repair
DEV002626,laptop,budget,35000.0,11,97,screen_scratch,0.76,fully_functional,17600.0,1080.0,repair
DEV002627,phone,budget,93500.0,20,72,screen_crack,0.72,not_functional,29970.0,29950.0,recycle
DEV002628,phone,premium,58300.0,13,92,none,0.0,fully_functional,37800.0,0.0,sell
DEV002629,phone,mid,115100.0,18,73,screen_scratch,0.16,not_functional,55690.0,2360.0,sell
DEV002630,phone,budget,69900.0,48,54,screen_scratch,0.35,partially_functional,13660.0,2150.0,repair
DEV002631,laptop,budget,130400.0,70,37,none,0.0,fully_functional,29070.0,0.0,upgrade
DEV002632,pc,premium,159800.0,87,29,screen_scratch,0.42,not_functional,38510.0,3820.0,upgrade
DEV002633,tablet,mid,78500.0,27,72,screen_crack,0.57,partially_functional,28410.0,21290.0,sell
DEV002634,laptop,mid,156500.0,91,15,screen_scratch,0.88,partially_functional,12410.0,5810.0,recycle
DEV002635,laptop,budget,56500.0,38,56,screen_crack,0.8,partially_functional,13820.0,18390.0,recycle
DEV002636,laptop,premium,64200.0,49,63,screen_crack,0.3,fully_functional,20450.0,10590.0,sell
DEV002637,phone,premium,99800.0,17,79,screen_crack,0.31,fully_functional,48260.0,14420.0,repair
DEV002638,pc,mid,118800.0,71,43,none,0.0,fully_functional,41720.0,0.0,upgrade
DEV002639,phone,budget,93800.0,49,58,dead_pixel,0.61,fully_functional,13950.0,9660.0,recycle
DEV002640,tablet,mid,18000.0,21,74,dead_pixel,0.5,fully_functional,8370.0,2090.0,repair
DEV002641,pc,premium,287300.0,35,59,screen_scratch,0.31,fully_functional,144210.0,8350.0,repair
DEV002642,laptop,mid,245700.0,11,97,battery_issue,0.66,partially_functional,139140.0,16890.0,repair
DEV002643,pc,premium,166800.0,37,64,none,0.0,fully_functional,90710.0,0.0,sell
DEV002644,phone,mid,60900.0,40,67,screen_scratch,0.19,partially_functional,16200.0,1380.0,repair
DEV002645,pc,budget,69500.0,5,100,none,0.0,fully_functional,63800.0,0.0,sell
DEV002646,tablet,mid,60500.0,57,51,port_damage,0.26,partially_functional,15140.0,2350.0,repair
DEV002647,pc,premium,139500.0,73,28,body_damage,0.2,fully_functional,41280.0,12190.0,repair
DEV002648,tablet,budget,62000.0,36,61,screen_scratch,0.21,partially_functional,24030.0,1000.0,repair
DEV002649,pc,budget,56300.0,119,15,none,0.0,fully_functional,9830.0,0.0,upgrade
DEV002650,monitor,mid,35800.0,46,51,battery_issue,0.25,not_functional,16140.0,2360.0,sell
DEV002651,laptop,mid,113200.0,109,15,screen_crack,0.95,not_functional,6140.0,32590.0,recycle
DEV002652,pc,premium,128600.0,123,15,body_damage,0.33,fully_functional,19230.0,11370.0,recycle
DEV002653,tablet,budget,35200.0,12,89,keyboard_damage,0.49,not_functional,19390.0,2360.0,sell
DEV002654,laptop,budget,59200.0,43,63,body_damage,0.55,not_functional,18630.0,7750.0,sell
DEV002655,monitor,budget,23900.0,63,40,screen_scratch,0.36,partially_functional,8770.0,650.0,repair
DEV002656,laptop,mid,70900.0,31,79,none,0.0,fully_functional,33990.0,0.0,sell
DEV002657,laptop,mid,181300.0,27,61,dead_pixel,0.73,fully_functional,59400.0,23060.0,sell
DEV002658,phone,mid,99800.0,37,84,port_damage,0.44,partially_functional,28880.0,3370.0,repair
DEV002659,phone,mid,96300.0,37,60,keyboard_damage,0.43,partially_functional,23120.0,5040.0,repair
DEV002660,pc,budget,137500.0,144,15,screen_crack,0.95,fully_functional,9030.0,47540.0,recycle
DEV002661,laptop,mid,134600.0,37,73,none,0.0,fully_functional,60410.0,0.0,sell
DEV002662,laptop,premium,310200.0,100,15,dead_pixel,0.58,partially_functional,26500.0,31120.0,recycle
DEV002663,phone,mid,42400.0,17,88,screen_crack,0.98,not_functional,13450.0,13730.0,recycle
DEV002664,laptop,budget,24100.0,81,38,none,0.0,fully_functional,4430.0,0.0,upgrade
DEV002665,pc,mid,121700.0,87,17,none,0.0,fully_functional,30730.0,0.0,upgrade
DEV002666,pc,budget,29700.0,144,15,port_damage,0.99,not_functional,1740.0,2320.0,recycle
DEV002667,phone,budget,9800.0,29,68,none,0.0,fully_functional,3710.0,0.0,sell
DEV002668,laptop,budget,68500.0,45,66,battery_issue,0.48,fully_functional,19920.0,5660.0,repair
DEV002669,laptop,budget,73900.0,50,49,screen_crack,0.77,partially_functional,15770.0,22830.0,recycle
DEV002670,tablet,budget,15500.0,31,62,body_damage,0.36,fully_functional,6140.0,1600.0,repair
DEV002671,laptop,mid,155400.0,24,72,dead_pixel,0.94,partially_functional,52300.0,20360.0,sell
DEV002672,laptop,budget,82600.0,21,71,none,0.0,fully_functional,48430.0,0.0,sell
DEV002673,laptop,mid,216200.0,65,40,none,0.0,fully_functional,54800.0,0.0,upgrade
DEV002674,laptop,premium,118400.0,43,55,body_damage,0.9,fully_functional,26000.0,19970.0,sell
DEV002675,laptop,mid,231500.0,22,82,screen_scratch,0.41,not_functional,110910.0,6700.0,sell
DEV002676,laptop,mid,204700.0,95,15,screen_scratch,0.9,partially_functional,15620.0,8820.0,recycle
DEV002677,pc,mid,192600.0,67,36,none,0.0,fully_functional,75210.0,0.0,upgrade
DEV002678,tablet,budget,41500.0,51,56,none,0.0,fully_functional,12870.0,0.0,upgrade
DEV002679,phone,mid,59100.0,18,86,port_damage,0.25,partially_functional,29000.0,2610.0,repair
DEV002680,pc,mid,122000.0,28,78,dead_pixel,0.82,partially_functional,51530.0,13520.0,repair
DEV002681,pc,premium,201600.0,135,15,body_damage,0.18,fully_functional,27370.0,14950.0,recycle
DEV002682,phone,premium,49400.0,20,82,screen_crack,0.17,not_functional,22760.0,8300.0,sell
DEV002683,laptop,premium,108900.0,20,76,none,0.0,fully_functional,69590.0,0.0,sell
DEV002684,phone,mid,89500.0,17,78,keyboard_damage,0.5,partially_functional,37990.0,6410.0,repair
DEV002685,tablet,mid,59900.0,37,68,none,0.0,fully_functional,24560.0,0.0,sell
DEV002686,phone,premium,100100.0,10,95,port_damage,0.41,not_functional,56650.0,4830.0,sell
DEV002687,tablet,premium,53500.0,21,90,none,0.0,fully_functional,32820.0,0.0,sell
DEV002688,phone,mid,45800.0,35,69,none,0.0,fully_functional,16000.0,0.0,upgrade
DEV002689,laptop,premium,275100.0,112,15,none,0.0,fully_functional,26410.0,0.0,upgrade
DEV002690,monitor,premium,68000.0,75,21,dead_pixel,0.56,partially_functional,17660.0,6030.0,repair
DEV002691,laptop,mid,193800.0,27,82,none,0.0,fully_functional,117700.0,0.0,sell
DEV002692,pc,budget,76300.0,26,89,screen_scratch,0.69,partially_functional,34780.0,3160.0,repair
DEV002693,monitor,budget,12300.0,47,60,screen_crack,0.39,partially_functional,5110.0,2410.0,sell
DEV002694,pc,mid,179400.0,89,24,none,0.0,fully_functional,49530.0,0.0,upgrade
DEV002695,phone,budget,42800.0,7,99,screen_crack,0.95,fully_functional,18010.0,16410.0,recycle
DEV002696,pc,mid,69800.0,40,63,screen_scratch,0.91,partially_functional,22720.0,2930.0,repair
DEV002697,phone,mid,37300.0,7,87,screen_scratch,0.82,fully_functional,18210.0,1560.0,repair
DEV002698,laptop,premium,206400.0,75,32,screen_crack,0.8,not_functional,25910.0,55190.0,recycle
DEV002699,pc,premium,225900.0,45,55,keyboard_damage,0.3,fully_functional,97570.0,11790.0,repair
DEV002700,tablet,mid,69300.0,9,79,keyboard_damage,0.65,partially_functional,38590.0,4140.0,repair
DEV002701,laptop,mid,43100.0,48,70,none,0.0,fully_functional,16610.0,0.0,sell
DEV002702,laptop,budget,59000.0,14,89,screen_crack,0.32,not_functional,33130.0,13180.0,sell
DEV002703,pc,mid,165900.0,13,84,dead_pixel,0.19,fully_functional,121550.0,10020.0,repair
DEV002704,tablet,budget,50700.0,21,88,dead_pixel,0.55,partially_functional,23850.0,6430.0,repair
DEV002705,laptop,mid,144900.0,25,67,screen_scratch,0.9,partially_functional,43310.0,6120.0,repair
DEV002706,pc,premium,49500.0,93,15,dead_pixel,0.95,not_functional,7120.0,6560.0,recycle
DEV002707,phone,mid,30400.0,37,62,screen_crack,0.24,partially_functional,8230.0,4850.0,upgrade
DEV002708,phone,mid,21000.0,15,81,dead_pixel,0.91,partially_functional,7250.0,3010.0,sell
DEV002709,tablet,mid,82800.0,52,56,screen_crack,0.3,fully_functional,22620.0,13880.0,upgrade
DEV002710,monitor,premium,52900.0,42,61,screen_crack,0.87,partially_functional,17830.0,18850.0,recycle
DEV002711,phone,mid,118600.0,5,100,port_damage,0.18,fully_functional,93140.0,3910.0,repair
DEV002712,phone,mid,30400.0,64,42,dead_pixel,0.51,partially_functional,3100.0,3250.0,recycle
DEV002713,phone,budget,67600.0,59,51,dead_pixel,0.27,partially_functional,9250.0,6920.0,recycle
DEV002714,pc,mid,143600.0,9,100,none,0.0,fully_functional,128210.0,0.0,sell
DEV002715,phone,budget,12200.0,5,100,none,0.0,fully_functional,9980.0,0.0,sell
DEV002716,laptop,mid,158500.0,82,17,screen_scratch,0.31,fully_functional,22390.0,3680.0,repair
DEV002717,monitor,mid,46500.0,166,15,body_damage,0.55,fully_functional,4450.0,6910.0,recycle
DEV002718,phone,budget,71800.0,38,62,none,0.0,fully_functional,21620.0,0.0,upgrade
DEV002719,laptop,mid,80600.0,17,88,port_damage,0.52,not_functional,41360.0,4320.0,sell
DEV002720,laptop,budget,18800.0,44,64,none,0.0,fully_functional,7730.0,0.0,repair
DEV002721,pc,budget,34900.0,29,60,none,0.0,fully_functional,20020.0,0.0,sell
DEV002722,laptop,budget,152600.0,14,95,battery_issue,0.45,partially_functional,86140.0,13390.0,repair
DEV002723,laptop,budget,162800.0,17,94,none,0.0,fully_functional,112000.0,0.0,sell
DEV002724,phone,premium,84300.0,46,58,none,0.0,fully_functional,19940.0,0.0,upgrade
DEV002725,tablet,premium,57000.0,21,86,screen_scratch,0.44,partially_functional,27530.0,1500.0,repair
DEV002726,pc,mid,97200.0,50,43,none,0.0,fully_functional,46480.0,0.0,sell
DEV002727,phone,mid,63900.0,38,81,screen_crack,0.63,not_functional,14060.0,15380.0,recycle
DEV002728,laptop,mid,50200.0,45,48,body_damage,0.79,not_functional,11320.0,7560.0,sell
DEV002729,pc,premium,108200.0,76,27,keyboard_damage,0.46,partially_functional,24620.0,6300.0,repair
DEV002730,phone,mid,121400.0,32,83,none,0.0,fully_functional,45760.0,0.0,sell
DEV002731,phone,budget,56600.0,20,95,none,0.0,fully_functional,29480.0,0.0,sell
DEV002732,laptop,mid,184000.0,31,81,none,0.0,fully_functional,101250.0,0.0,sell
DEV002733,phone,premium,21400.0,13,79,screen_crack,0.64,fully_functional,9820.0,5320.0,sell
DEV002734,phone,budget,77900.0,16,80,port_damage,0.25,fully_functional,37610.0,3340.0,upgrade
DEV002735,laptop,mid,159600.0,9,91,battery_issue,0.57,fully_functional,94500.0,8470.0,repair
DEV002736,phone,budget,46600.0,11,84,none,0.0,fully_functional,32290.0,0.0,sell
DEV002737,laptop,budget,30600.0,5,100,body_damage,0.98,fully_functional,15110.0,6180.0,sell
DEV002738,tablet,mid,64900.0,30,69,screen_crack,0.82,partially_functional,18000.0,17400.0,recycle
DEV002739,laptop,budget,158200.0,33,69,screen_crack,0.74,not_functional,47750.0,46950.0,recycle
DEV002740,phone,premium,25300.0,9,95,none,0.0,fully_functional,19550.0,0.0,sell
DEV002741,pc,mid,41800.0,21,80,none,0.0,fully_functional,29750.0,0.0,sell
DEV002742,phone,budget,23000.0,61,39,none,0.0,fully_functional,3250.0,0.0,upgrade
DEV002743,pc,premium,198200.0,42,78,dead_pixel,0.27,fully_functional,94250.0,17450.0,repair
DEV002744,laptop,mid,118500.0,46,66,body_damage,0.25,fully_functional,41430.0,10760.0,repair
DEV002745,pc,mid,68800.0,21,92,screen_crack,0.18,not_functional,50120.0,10730.0,sell
DEV002746,phone,mid,18700.0,45,53,body_damage,0.46,fully_functional,3430.0,2150.0,upgrade
DEV002747,phone,premium,70900.0,51,64,body_damage,0.45,fully_functional,11360.0,9460.0,recycle
DEV002748,laptop,mid,159200.0,46,56,screen_scratch,0.57,fully_functional,44270.0,5340.0,repair
DEV002749,phone,budget,91300.0,25,80,none,0.0,fully_functional,42630.0,0.0,sell
DEV002750,phone,budget,37300.0,25,69,dead_pixel,0.75,fully_functional,10480.0,4320.0,sell
DEV002751,tablet,budget,11900.0,13,82,none,0.0,fully_functional,9150.0,0.0,sell
DEV002752,pc,mid,49300.0,43,71,body_damage,0.4,partially_functional,20280.0,6620.0,repair
DEV002753,phone,budget,21600.0,20,82,battery_issue,0.51,partially_functional,8510.0,2180.0,repair
DEV002754,pc,mid,150200.0,65,41,none,0.0,fully_functional,53630.0,0.0,upgrade
DEV002755,pc,mid,132200.0,134,15,none,0.0,fully_functional,19010.0,0.0,upgrade
DEV002756,pc,premium,181900.0,45,61,body_damage,0.54,partially_functional,63760.0,17850.0,repair
DEV002757,tablet,mid,50400.0,14,76,screen_scratch,0.53,not_functional,25420.0,1480.0,sell
DEV002758,tablet,premium,65700.0,77,28,dead_pixel,0.98,not_functional,5650.0,9000.0,recycle
DEV002759,laptop,premium,108200.0,7,79,screen_scratch,0.92,not_functional,41870.0,5060.0,sell
DEV002760,tablet,budget,48500.0,30,83,screen_scratch,0.62,fully_functional,17040.0,1610.0,repair
DEV002761,monitor,mid,34100.0,134,15,screen_crack,0.66,not_functional,4410.0,7800.0,recycle
DEV002762,phone,budget,45200.0,36,67,battery_issue,0.84,not_functional,8380.0,5270.0,upgrade
DEV002763,phone,premium,176400.0,28,65,screen_crack,0.89,not_functional,36250.0,45950.0,recycle
DEV002764,phone,mid,51900.0,50,58,none,0.0,fully_functional,11490.0,0.0,upgrade
DEV002765,monitor,budget,25800.0,12,83,body_damage,0.3,fully_functional,19320.0,2350.0,repair
DEV002766,laptop,budget,163500.0,43,58,screen_scratch,0.83,partially_functional,40470.0,6370.0,repair
DEV002767,tablet,mid,44200.0,23,89,screen_crack,0.41,fully_functional,20750.0,9150.0,sell
DEV002768,pc,premium,156300.0,33,70,screen_crack,0.3,not_functional,81870.0,28490.0,sell
DEV002769,monitor,mid,39900.0,34,64,keyboard_damage,0.71,not_functional,15720.0,2650.0,sell
DEV002770,phone,budget,31300.0,30,67,battery_issue,0.49,fully_functional,8600.0,2590.0,repair
DEV002771,pc,budget,66800.0,103,15,port_damage,0.62,partially_functional,9350.0,3810.0,recycle
DEV002772,pc,mid,127100.0,40,77,screen_scratch,0.57,partially_functional,52720.0,4110.0,repair
DEV002773,phone,mid,11100.0,38,60,none,0.0,fully_functional,3460.0,0.0,upgrade
DEV002774,pc,budget,114800.0,86,27,none,0.0,fully_functional,33790.0,0.0,upgrade
DEV002775,laptop,budget,82800.0,35,72,none,0.0,fully_functional,40060.0,0.0,sell
DEV002776,tablet,premium,32200.0,64,38,none,0.0,fully_functional,6950.0,0.0,upgrade
DEV002777,laptop,mid,114500.0,59,35,keyboard_damage,0.6,partially_functional,21990.0,7750.0,upgrade
DEV002778,phone,mid,100500.0,31,61,screen_crack,0.44,fully_functional,30090.0,24170.0,recycle
DEV002779,phone,mid,23000.0,37,70,none,0.0,fully_functional,7910.0,0.0,upgrade
DEV002780,phone,mid,62200.0,26,89,screen_crack,0.35,partially_functional,25110.0,10940.0,sell
DEV002781,phone,mid,104800.0,13,88,none,0.0,fully_functional,73610.0,0.0,sell
DEV002782,tablet,budget,58900.0,41,64,none,0.0,fully_functional,24510.0,0.0,sell
DEV002783,laptop,budget,163100.0,39,53,keyboard_damage,0.15,fully_functional,64050.0,5430.0,repair
DEV002784,phone,premium,43400.0,33,68,none,0.0,fully_functional,15590.0,0.0,upgrade
DEV002785,tablet,premium,124900.0,6,93,none,0.0,fully_functional,114060.0,0.0,sell
DEV002786,tablet,mid,41700.0,6,91,screen_crack,0.27,partially_functional,31890.0,7810.0,repair
DEV002787,laptop,budget,133200.0,19,100,dead_pixel,0.16,partially_functional,90540.0,11270.0,repair
DEV002788,monitor,budget,23600.0,78,16,body_damage,0.24,fully_functional,6880.0,2430.0,upgrade
DEV002789,laptop,budget,54400.0,79,18,screen_scratch,0.86,partially_functional,5960.0,1900.0,repair
DEV002790,pc,premium,271700.0,46,63,screen_crack,0.39,not_functional,108800.0,48780.0,sell
DEV002791,phone,premium,206800.0,72,32,screen_scratch,0.65,partially_functional,15180.0,7760.0,upgrade
DEV002792,tablet,mid,78100.0,27,71,port_damage,0.45,partially_functional,31880.0,3950.0,repair
DEV002793,monitor,premium,11000.0,22,86,body_damage,0.15,fully_functional,7610.0,1030.0,repair
DEV002794,pc,budget,78200.0,44,54,battery_issue,0.93,partially_functional,19090.0,8470.0,sell
DEV002795,laptop,mid,246100.0,47,54,dead_pixel,0.52,fully_functional,66120.0,20390.0,repair
DEV002796,tablet,budget,44500.0,15,76,screen_crack,0.88,partially_functional,16010.0,11650.0,sell
DEV002797,laptop,budget,49800.0,48,54,none,0.0,fully_functional,17120.0,0.0,sell
DEV002798,tablet,premium,102500.0,18,84,none,0.0,fully_functional,69560.0,0.0,sell
DEV002799,pc,premium,143500.0,96,17,screen_crack,0.43,fully_functional,24530.0,33080.0,recycle
DEV002800,monitor,budget,22100.0,168,15,battery_issue,0.33,not_functional,2700.0,1400.0,recycle
DEV002801,laptop,budget,101400.0,24,72,none,0.0,fully_functional,67630.0,0.0,sell
DEV002802,phone,mid,10900.0,37,66,screen_crack,0.7,not_functional,2170.0,3170.0,recycle
DEV002803,laptop,budget,51800.0,34,68,none,0.0,fully_functional,26770.0,0.0,sell
DEV002804,phone,mid,29100.0,12,100,screen_crack,0.84,not_functional,11170.0,9220.0,recycle
DEV002805,phone,mid,51600.0,37,82,screen_crack,0.45,fully_functional,13490.0,13430.0,recycle
DEV002806,phone,budget,31500.0,1,100,none,0.0,fully_functional,31160.0,0.0,sell
DEV002807,tablet,budget,53900.0,86,26,port_damage,0.65,not_functional,5750.0,2670.0,recycle
DEV002808,phone,budget,75000.0,10,93,none,0.0,fully_functional,54240.0,0.0,sell
DEV002809,phone,premium,100900.0,29,71,battery_issue,0.41,fully_functional,32880.0,6840.0,repair
DEV002810,phone,budget,59100.0,35,71,battery_issue,0.41,fully_functional,15730.0,4230.0,repair
DEV002811,pc,mid,130200.0,60,31,screen_crack,0.69,not_functional,32170.0,45440.0,recycle
DEV002812,tablet,budget,7800.0,32,64,battery_issue,0.29,fully_functional,3090.0,450.0,repair
DEV002813,phone,mid,19400.0,22,71,port_damage,0.98,partially_functional,4790.0,1390.0,recycle
DEV002814,phone,budget,78800.0,37,48,battery_issue,0.29,partially_functional,19250.0,4250.0,repair
DEV002815,laptop,budget,105300.0,92,15,none,0.0,fully_functional,14950.0,0.0,upgrade
DEV002816,phone,mid,24100.0,34,69,screen_crack,0.82,partially_functional,4690.0,7470.0,recycle
DEV002817,laptop,mid,147200.0,120,15,none,0.0,fully_functional,12150.0,0.0,upgrade
DEV002818,laptop,budget,142300.0,27,67,body_damage,0.53,fully_functional,63250.0,14160.0,repair
DEV002819,monitor,budget,38800.0,108,15,none,0.0,fully_functional,9710.0,0.0,upgrade
DEV002820,phone,premium,93600.0,12,100,none,0.0,fully_functional,69520.0,0.0,sell
DEV002821,tablet,budget,39600.0,38,74,screen_crack,0.74,not_functional,10630.0,9400.0,recycle
DEV002822,phone,budget,51500.0,8,85,none,0.0,fully_functional,40690.0,0.0,sell
DEV002823,monitor,mid,49700.0,127,15,none,0.0,fully_functional,10240.0,0.0,upgrade
DEV002824,monitor,budget,28000.0,124,15,keyboard_damage,0.26,partially_functional,4540.0,1370.0,repair
DEV002825,tablet,mid,53300.0,42,52,port_damage,0.52,partially_functional,14430.0,2730.0,repair
DEV002826,laptop,mid,47600.0,28,77,none,0.0,fully_functional,25310.0,0.0,sell
DEV002827,phone,mid,29000.0,72,44,battery_issue,0.19,fully_functional,2780.0,1290.0,recycle
DEV002828,pc,mid,118300.0,78,36,battery_issue,0.64,not_functional,26220.0,12100.0,upgrade
DEV002829,tablet,mid,68600.0,20,74,screen_scratch,0.24,fully_functional,40530.0,1410.0,repair
DEV002830,phone,mid,139300.0,16,93,body_damage,0.66,not_functional,53920.0,21980.0,sell
DEV002831,laptop,budget,57000.0,18,79,keyboard_damage,0.98,not_functional,19410.0,4560.0,sell
DEV002832,laptop,budget,53800.0,87,15,screen_scratch,0.21,fully_functional,7390.0,1200.0,repair
DEV002833,pc,mid,70900.0,54,45,screen_scratch,0.75,partially_functional,19330.0,2360.0,repair
DEV002834,tablet,budget,44900.0,55,44,body_damage,0.59,fully_functional,8690.0,6720.0,upgrade
DEV002835,tablet,budget,25500.0,35,60,battery_issue,0.27,partially_functional,9840.0,1290.0,repair
DEV002836,tablet,budget,44400.0,46,57,screen_scratch,0.39,fully_functional,12020.0,1240.0,repair
DEV002837,phone,mid,9000.0,66,41,none,0.0,fully_functional,1130.0,0.0,upgrade
DEV002838,laptop,budget,33900.0,35,56,dead_pixel,0.95,not_functional,8340.0,4600.0,sell
DEV002839,phone,mid,106100.0,22,73,port_damage,0.97,partially_functional,25940.0,8550.0,repair
DEV002840,pc,mid,30900.0,67,30,none,0.0,fully_functional,10550.0,0.0,upgrade
DEV002841,laptop,mid,203900.0,22,76,none,0.0,fully_functional,126470.0,0.0,sell
DEV002842,laptop,budget,116200.0,28,62,screen_crack,0.59,fully_functional,42360.0,31020.0,repair
DEV002843,phone,premium,66800.0,33,56,none,0.0,fully_functional,21600.0,0.0,upgrade
DEV002844,phone,budget,69300.0,58,36,none,0.0,fully_functional,10190.0,0.0,upgrade
DEV002845,laptop,premium,254700.0,76,16,none,0.0,fully_functional,47800.0,0.0,upgrade
DEV002846,phone,mid,79800.0,13,73,none,0.0,fully_functional,54170.0,0.0,sell
DEV002847,phone,budget,101200.0,28,67,port_damage,0.49,fully_functional,31690.0,4360.0,repair
DEV002848,pc,mid,143200.0,49,51,none,0.0,fully_functional,64390.0,0.0,sell
DEV002849,laptop,mid,60000.0,77,23,screen_crack,0.9,not_functional,6750.0,15810.0,recycle
DEV002850,laptop,mid,116700.0,55,48,none,0.0,fully_functional,35360.0,0.0,upgrade
DEV002851,laptop,mid,245800.0,66,41,port_damage,0.67,fully_functional,43790.0,13480.0,repair
DEV002852,pc,mid,115700.0,15,83,screen_crack,0.83,not_functional,53390.0,36390.0,sell
DEV002853,phone,mid,127100.0,39,73,screen_scratch,0.66,fully_functional,26200.0,4010.0,repair
DEV002854,pc,premium,56000.0,33,70,screen_crack,1.0,not_functional,16790.0,18170.0,recycle
DEV002855,monitor,budget,31100.0,67,38,body_damage,0.91,partially_functional,6930.0,6250.0,recycle
DEV002856,tablet,mid,28900.0,45,61,none,0.0,fully_functional,10990.0,0.0,upgrade
DEV002857,laptop,mid,149600.0,38,64,screen_crack,0.39,partially_functional,53380.0,29960.0,sell
DEV002858,tablet,mid,83300.0,24,88,screen_crack,0.69,not_functional,33920.0,21130.0,sell
DEV002859,laptop,mid,110500.0,38,68,battery_issue,0.66,not_functional,33640.0,9040.0,sell
DEV002860,laptop,budget,91200.0,91,15,none,0.0,fully_functional,12940.0,0.0,upgrade
DEV002861,laptop,mid,78300.0,7,92,none,0.0,fully_functional,69400.0,0.0,sell
DEV002862,phone,budget,25800.0,10,88,none,0.0,fully_functional,18610.0,0.0,sell
DEV002863,phone,budget,84100.0,19,78,none,0.0,fully_functional,43990.0,0.0,sell
DEV002864,laptop,mid,246000.0,77,30,none,0.0,fully_functional,46170.0,0.0,upgrade
DEV002865,phone,budget,60500.0,32,57,screen_crack,0.48,fully_functional,16610.0,12760.0,sell
DEV002866,laptop,budget,130000.0,27,65,body_damage,0.34,not_functional,52600.0,14110.0,sell
DEV002867,laptop,budget,57300.0,74,29,none,0.0,fully_functional,11980.0,0.0,upgrade
DEV002868,monitor,mid,47100.0,91,30,none,0.0,fully_functional,13840.0,0.0,upgrade
DEV002869,phone,premium,215700.0,42,65,screen_crack,0.91,partially_functional,32200.0,76690.0,recycle
DEV002870,tablet,mid,35600.0,32,67,screen_scratch,0.26,fully_functional,15600.0,850.0,repair
DEV002871,laptop,budget,32300.0,2,100,dead_pixel,0.57,not_functional,21290.0,3630.0,sell
DEV002872,phone,premium,120300.0,25,72,none,0.0,fully_functional,55600.0,0.0,sell
DEV002873,phone,budget,48100.0,29,68,dead_pixel,0.2,partially_functional,18140.0,3260.0,repair
DEV002874,phone,premium,107400.0,23,69,none,0.0,fully_functional,49230.0,0.0,sell
DEV002875,phone,mid,12600.0,35,57,none,0.0,fully_functional,3930.0,0.0,upgrade
DEV002876,phone,budget,30800.0,19,78,body_damage,0.89,partially_functional,9480.0,5460.0,sell
DEV002877,laptop,mid,124500.0,102,15,body_damage,0.88,fully_functional,8650.0,21010.0,recycle
DEV002878,laptop,budget,169800.0,54,60,body_damage,0.56,fully_functional,44950.0,22170.0,sell
DEV002879,phone,mid,90200.0,23,67,port_damage,0.55,partially_functional,29530.0,5600.0,repair
DEV002880,phone,budget,57100.0,32,78,dead_pixel,0.28,fully_functional,19080.0,5800.0,recycle
DEV002881,phone,premium,81300.0,11,93,none,0.0,fully_functional,56840.0,0.0,sell
DEV002882,laptop,mid,78600.0,37,66,none,0.0,fully_functional,34010.0,0.0,sell
DEV002883,phone,premium,104700.0,8,91,screen_scratch,0.69,not_functional,52540.0,3960.0,sell
DEV002884,laptop,premium,140400.0,62,39,screen_scratch,0.63,not_functional,25190.0,5800.0,upgrade
DEV002885,phone,budget,51000.0,43,59,screen_crack,0.94,not_functional,7020.0,18040.0,recycle
DEV002886,phone,mid,53000.0,15,60,screen_crack,0.33,fully_functional,25970.0,10260.0,sell
DEV002887,monitor,premium,70100.0,34,65,screen_scratch,0.43,partially_functional,35400.0,2180.0,repair
DEV002888,phone,budget,103100.0,65,39,screen_scratch,0.65,partially_functional,9520.0,3780.0,recycle
DEV002889,phone,budget,95900.0,4,88,dead_pixel,0.49,fully_functional,68150.0,7510.0,repair
DEV002890,phone,budget,98400.0,31,81,dead_pixel,0.61,partially_functional,26760.0,12680.0,sell
DEV002891,monitor,budget,15500.0,110,15,body_damage,0.37,fully_functional,3040.0,1430.0,recycle
DEV002892,tablet,premium,102100.0,45,60,battery_issue,0.17,partially_functional,32790.0,5400.0,repair
DEV002893,tablet,mid,73700.0,65,40,screen_scratch,0.56,fully_functional,11570.0,2070.0,repair
DEV002894,monitor,mid,40500.0,70,34,keyboard_damage,0.24,fully_functional,13730.0,1730.0,repair
DEV002895,phone,premium,18500.0,17,95,body_damage,0.69,not_functional,6810.0,2740.0,sell
DEV002896,monitor,budget,31600.0,30,65,none,0.0,fully_functional,19510.0,0.0,sell
DEV002897,phone,mid,35500.0,64,42,none,0.0,fully_functional,4930.0,0.0,upgrade
DEV002898,tablet,budget,38100.0,96,23,none,0.0,fully_functional,4370.0,0.0,upgrade
DEV002899,laptop,budget,26000.0,84,24,screen_crack,0.78,not_functional,2710.0,5560.0,recycle
DEV002900,laptop,budget,103300.0,120,15,none,0.0,fully_functional,8600.0,0.0,upgrade
DEV002901,monitor,budget,27300.0,56,58,port_damage,0.21,fully_functional,11860.0,850.0,repair
DEV002902,phone,mid,13400.0,39,75,none,0.0,fully_functional,3810.0,0.0,upgrade
DEV002903,monitor,mid,28900.0,78,30,keyboard_damage,0.49,fully_functional,7610.0,1480.0,repair
DEV002904,laptop,budget,124400.0,29,76,screen_scratch,0.36,fully_functional,53850.0,2610.0,repair
DEV002905,tablet,budget,30000.0,22,66,body_damage,0.63,partially_functional,11000.0,5160.0,sell
DEV002906,monitor,mid,50200.0,22,76,port_damage,0.72,fully_functional,24160.0,3000.0,repair
DEV002907,phone,budget,41000.0,34,67,body_damage,0.63,partially_functional,9280.0,6800.0,upgrade
DEV002908,monitor,premium,42400.0,12,88,none,0.0,fully_functional,36300.0,0.0,sell
DEV002909,laptop,premium,59100.0,59,38,body_damage,0.51,fully_functional,11370.0,8030.0,upgrade
DEV002910,tablet,mid,28700.0,82,27,none,0.0,fully_functional,4400.0,0.0,upgrade
DEV002911,phone,mid,21000.0,26,83,none,0.0,fully_functional,9730.0,0.0,sell
DEV002912,laptop,mid,189400.0,46,56,dead_pixel,0.22,not_functional,61820.0,11270.0,sell
DEV002913,tablet,mid,41200.0,86,24,body_damage,0.17,partially_functional,5470.0,3570.0,recycle
DEV002914,laptop,premium,300600.0,26,71,screen_crack,0.62,partially_functional,117610.0,70160.0,sell
DEV002915,phone,premium,136200.0,11,81,body_damage,0.66,partially_functional,63390.0,20670.0,repair
DEV002916,phone,mid,98100.0,24,65,screen_crack,0.3,fully_functional,34800.0,19600.0,sell
DEV002917,pc,mid,83000.0,31,62,screen_crack,0.44,not_functional,37910.0,15090.0,sell
DEV002918,phone,premium,51100.0,23,71,battery_issue,0.67,partially_functional,15620.0,4360.0,repair
DEV002919,tablet,budget,61200.0,16,77,screen_scratch,0.62,not_functional,29570.0,2030.0,sell
DEV002920,monitor,mid,12600.0,119,15,screen_crack,0.84,not_functional,1730.0,4420.0,recycle
DEV002921,phone,mid,134300.0,6,99,none,0.0,fully_functional,109700.0,0.0,sell
DEV002922,phone,mid,149300.0,18,93,none,0.0,fully_functional,88410.0,0.0,sell
DEV002923,tablet,budget,34300.0,29,74,screen_crack,0.38,fully_functional,14870.0,5000.0,repair
DEV002924,phone,budget,20100.0,11,82,screen_crack,0.88,not_functional,7660.0,7580.0,recycle
DEV002925,laptop,budget,129500.0,24,68,none,0.0,fully_functional,70170.0,0.0,sell
DEV002926,tablet,mid,63000.0,79,15,screen_scratch,0.81,not_functional,5860.0,2670.0,recycle
DEV002927,laptop,premium,271500.0,7,89,screen_scratch,0.24,partially_functional,207770.0,6550.0,repair
DEV002928,laptop,premium,369700.0,110,15,none,0.0,fully_functional,37890.0,0.0,upgrade
DEV002929,tablet,budget,42400.0,28,88,none,0.0,fully_functional,24330.0,0.0,sell
DEV002930,laptop,budget,142300.0,44,66,screen_crack,0.66,not_functional,40510.0,35510.0,recycle
DEV002931,phone,mid,76800.0,56,57,body_damage,0.94,partially_functional,7450.0,15680.0,recycle
DEV002932,laptop,mid,42000.0,25,79,none,0.0,fully_functional,23530.0,0.0,sell
DEV002933,pc,mid,158200.0,28,68,none,0.0,fully_functional,94280.0,0.0,sell
DEV002934,tablet,budget,24800.0,30,80,body_damage,0.7,not_functional,8410.0,4550.0,sell
DEV002935,laptop,budget,64500.0,102,23,screen_crack,0.76,not_functional,4840.0,19450.0,recycle
DEV002936,phone,mid,69800.0,21,95,body_damage,0.42,partially_functional,30130.0,7930.0,repair
DEV002937,phone,mid,28900.0,72,34,keyboard_damage,0.73,not_functional,2070.0,1810.0,recycle
DEV002938,phone,budget,66700.0,41,48,screen_scratch,0.2,partially_functional,16540.0,1540.0,repair
DEV002939,phone,premium,68000.0,33,76,none,0.0,fully_functional,24490.0,0.0,upgrade
DEV002940,monitor,mid,53900.0,56,50,dead_pixel,0.65,not_functional,16970.0,7510.0,sell
DEV002941,phone,premium,134700.0,39,58,screen_scratch,0.28,not_functional,34530.0,2470.0,upgrade
DEV002942,pc,mid,42900.0,38,50,screen_crack,0.94,not_functional,12500.0,12260.0,recycle
DEV002943,phone,mid,43600.0,15,83,none,0.0,fully_functional,26730.0,0.0,sell
DEV002944,phone,premium,183000.0,72,46,none,0.0,fully_functional,17130.0,0.0,upgrade
DEV002945,laptop,premium,208000.0,49,61,none,0.0,fully_functional,71810.0,0.0,sell
DEV002946,phone,premium,170300.0,20,87,battery_issue,0.51,fully_functional,72020.0,16450.0,repair
DEV002947,pc,premium,45300.0,14,98,dead_pixel,0.52,fully_functional,26320.0,4770.0,repair
DEV002948,monitor,mid,35500.0,33,61,screen_scratch,0.18,partially_functional,21070.0,910.0,repair
DEV002949,pc,budget,47400.0,5,91,none,0.0,fully_functional,44380.0,0.0,sell
DEV002950,phone,budget,49500.0,40,63,none,0.0,fully_functional,13430.0,0.0,upgrade
DEV002951,pc,premium,134900.0,31,61,screen_scratch,0.23,partially_functional,75770.0,3070.0,repair
DEV002952,phone,budget,14700.0,22,76,body_damage,0.22,not_functional,6470.0,1230.0,sell
DEV002953,monitor,mid,38600.0,54,52,screen_crack,0.69,partially_functional,12480.0,10840.0,recycle
DEV002954,laptop,premium,142500.0,43,72,none,0.0,fully_functional,56340.0,0.0,sell
DEV002955,phone,premium,224100.0,64,43,battery_issue,0.8,fully_functional,19280.0,25090.0,recycle
DEV002956,phone,premium,34800.0,15,93,none,0.0,fully_functional,20920.0,0.0,sell
DEV002957,phone,mid,102600.0,18,93,screen_crack,0.17,not_functional,51810.0,13280.0,sell
DEV002958,phone,mid,21500.0,23,84,dead_pixel,1.0,partially_functional,5360.0,3000.0,sell
DEV002959,monitor,premium,72100.0,78,23,battery_issue,0.64,partially_functional,16370.0,5160.0,repair
DEV002960,pc,budget,52600.0,40,69,none,0.0,fully_functional,32480.0,0.0,sell
DEV002961,monitor,budget,35600.0,143,15,battery_issue,0.5,fully_functional,4490.0,3170.0,recycle
DEV002962,phone,premium,118700.0,11,95,battery_issue,0.26,partially_functional,77380.0,7620.0,repair
DEV002963,laptop,mid,143600.0,56,36,none,0.0,fully_functional,45400.0,0.0,upgrade
DEV002964,phone,mid,93600.0,13,90,none,0.0,fully_functional,65010.0,0.0,sell
DEV002965,laptop,budget,156500.0,82,34,dead_pixel,0.83,fully_functional,15930.0,24070.0,recycle
DEV002966,phone,mid,97100.0,7,100,keyboard_damage,0.52,fully_functional,59910.0,6030.0,repair
DEV002967,phone,premium,92300.0,11,81,screen_crack,0.64,partially_functional,46240.0,28010.0,sell
DEV002968,laptop,mid,168000.0,12,98,none,0.0,fully_functional,124220.0,0.0,sell
DEV002969,phone,mid,142100.0,13,88,dead_pixel,0.82,not_functional,58940.0,22550.0,sell
DEV002970,laptop,mid,248300.0,58,36,none,0.0,fully_functional,71680.0,0.0,upgrade
DEV002971,tablet,premium,119300.0,37,56,none,0.0,fully_functional,53670.0,0.0,sell
DEV002972,phone,premium,19400.0,48,44,none,0.0,fully_functional,4220.0,0.0,upgrade
DEV002973,monitor,mid,48500.0,45,70,none,0.0,fully_functional,28290.0,0.0,recycle
DEV002974,laptop,mid,140200.0,95,15,screen_crack,0.99,partially_functional,9710.0,46280.0,recycle
DEV002975,pc,budget,131000.0,44,57,none,0.0,fully_functional,62920.0,0.0,sell
DEV002976,tablet,mid,57000.0,33,66,screen_scratch,0.3,not_functional,21430.0,1590.0,sell
DEV002977,tablet,budget,62300.0,24,61,body_damage,0.28,fully_functional,29230.0,5450.0,repair
DEV002978,tablet,mid,68300.0,37,70,keyboard_damage,0.5,partially_functional,21500.0,3870.0,repair
DEV002979,pc,mid,158000.0,45,67,screen_scratch,0.37,partially_functional,65330.0,3020.0,repair
DEV002980,tablet,budget,32400.0,27,70,battery_issue,0.35,fully_functional,15530.0,1870.0,repair
DEV002981,phone,budget,51500.0,24,68,screen_scratch,0.21,fully_functional,22970.0,1530.0,repair
DEV002982,phone,budget,43500.0,3,100,screen_scratch,0.72,partially_functional,22320.0,1450.0,repair
DEV002983,tablet,budget,35800.0,40,66,none,0.0,fully_functional,14360.0,0.0,sell
DEV002984,phone,mid,66500.0,44,70,port_damage,0.95,partially_functional,8560.0,3910.0,recycle
DEV002985,phone,budget,36900.0,23,77,none,0.0,fully_functional,18910.0,0.0,sell
DEV002986,phone,budget,90000.0,37,58,screen_crack,0.89,partially_functional,15430.0,27480.0,recycle
DEV002987,laptop,premium,192000.0,10,99,body_damage,0.45,not_functional,132780.0,22130.0,sell
DEV002988,phone,budget,77200.0,9,94,battery_issue,0.74,fully_functional,35400.0,6980.0,repair
DEV002989,tablet,premium,93800.0,32,74,none,0.0,fully_functional,43160.0,0.0,sell
DEV002990,pc,mid,197700.0,14,95,screen_crack,0.49,fully_functional,122800.0,38110.0,repair
DEV002991,pc,mid,163300.0,40,58,none,0.0,fully_functional,85430.0,0.0,sell
DEV002992,phone,mid,48200.0,26,91,screen_crack,0.66,not_functional,14950.0,16030.0,recycle
DEV002993,laptop,budget,28300.0,21,72,battery_issue,0.29,not_functional,16030.0,2070.0,sell
DEV002994,laptop,premium,206500.0,47,42,keyboard_damage,0.47,partially_functional,56860.0,9570.0,repair
DEV002995,laptop,premium,299300.0,44,65,none,0.0,fully_functional,118670.0,0.0,sell
DEV002996,tablet,budget,30800.0,96,15,body_damage,0.67,fully_functional,2200.0,3950.0,recycle
DEV002997,phone,mid,105600.0,72,29,body_damage,0.42,fully_functional,7820.0,10650.0,recycle
DEV002998,monitor,mid,36700.0,19,85,screen_crack,0.46,fully_functional,20120.0,8580.0,sell
DEV002999,phone,premium,75000.0,28,78,port_damage,0.99,partially_functional,16940.0,5680.0,repair
DEV003000,pc,premium,207000.0,66,28,port_damage,0.26,partially_functional,61220.0,8010.0,repair
DEV003001,laptop,budget,43900.0,24,71,none,0.0,fully_functional,27780.0,0.0,sell
DEV003002,phone,premium,66400.0,24,84,screen_scratch,0.82,not_functional,18580.0,2280.0,sell
DEV003003,tablet,premium,112400.0,71,34,none,0.0,fully_functional,21620.0,0.0,upgrade
DEV003004,phone,mid,135700.0,7,92,none,0.0,fully_functional,113070.0,0.0,sell
DEV003005,pc,budget,132700.0,21,78,none,0.0,fully_functional,100740.0,0.0,sell
DEV003006,laptop,premium,366700.0,41,60,dead_pixel,0.95,fully_functional,78380.0,56490.0,sell
DEV003007,phone,mid,55100.0,31,71,battery_issue,0.75,not_functional,13080.0,6240.0,repair
DEV003008,phone,budget,93800.0,40,73,none,0.0,fully_functional,27660.0,0.0,upgrade
DEV003009,pc,premium,150100.0,101,15,body_damage,0.64,not_functional,22890.0,21080.0,upgrade
DEV003010,phone,mid,95200.0,35,90,keyboard_damage,0.59,fully_functional,24330.0,7090.0,repair
DEV003011,pc,premium,259200.0,78,34,port_damage,0.39,not_functional,62880.0,11100.0,upgrade
DEV003012,pc,mid,115800.0,92,15,screen_crack,0.84,fully_functional,16600.0,36350.0,recycle
DEV003013,tablet,budget,18900.0,53,58,keyboard_damage,0.91,not_functional,2860.0,1650.0,upgrade
DEV003014,phone,premium,206900.0,18,83,none,0.0,fully_functional,117780.0,0.0,sell
DEV003015,tablet,mid,28100.0,43,54,screen_crack,0.92,partially_functional,5520.0,7110.0,recycle
DEV003016,monitor,mid,23400.0,35,76,dead_pixel,0.96,not_functional,7550.0,2930.0,sell
DEV003017,phone,mid,50500.0,10,82,screen_crack,0.16,partially_functional,32620.0,8480.0,repair
DEV003018,phone,budget,75300.0,47,67,none,0.0,fully_functional,17400.0,0.0,upgrade
DEV003019,phone,mid,50500.0,6,81,screen_crack,0.4,fully_functional,31330.0,12660.0,recycle
DEV003020,laptop,mid,73400.0,42,57,body_damage,0.91,partially_functional,16860.0,11160.0,sell
DEV003021,tablet,premium,33300.0,28,72,screen_crack,0.99,not_functional,8950.0,8020.0,recycle
DEV003022,laptop,premium,83400.0,79,25,none,0.0,fully_functional,16130.0,0.0,upgrade
DEV003023,laptop,mid,217100.0,54,52,none,0.0,fully_functional,76930.0,0.0,sell
DEV003024,phone,budget,99600.0,11,85,screen_crack,0.23,fully_functional,64970.0,11900.0,repair
DEV003025,phone,mid,146100.0,33,60,dead_pixel,0.57,fully_functional,33240.0,15870.0,upgrade
DEV003026,phone,budget,99200.0,19,86,none,0.0,fully_functional,53590.0,0.0,sell
DEV003027,pc,premium,197500.0,69,41,none,0.0,fully_functional,75410.0,0.0,upgrade
DEV003028,tablet,mid,81500.0,33,72,battery_issue,0.79,not_functional,22730.0,8480.0,sell
DEV003029,laptop,premium,247200.0,98,18,screen_scratch,0.17,fully_functional,28100.0,5020.0,repair
DEV003030,pc,budget,80500.0,132,15,screen_crack,0.57,partially_functional,8860.0,20360.0,recycle
DEV003031,phone,budget,43200.0,23,100,none,0.0,fully_functional,22160.0,0.0,sell
DEV003032,phone,premium,140600.0,28,70,dead_pixel,0.2,not_functional,56430.0,9760.0,sell
DEV003033,phone,mid,91800.0,14,92,screen_crack,0.96,fully_functional,31050.0,32010.0,recycle
DEV003034,monitor,premium,73100.0,28,68,battery_issue,0.47,fully_functional,42750.0,6440.0,repair
DEV003035,tablet,premium,19000.0,18,70,none,0.0,fully_functional,11680.0,0.0,sell
DEV003036,tablet,mid,79100.0,48,73,none,0.0,fully_functional,26660.0,0.0,upgrade
DEV003037,phone,mid,21100.0,31,77,screen_crack,0.35,fully_functional,6440.0,2400.0,sell
DEV003038,phone,mid,50800.0,37,69,screen_crack,0.73,partially_functional,9830.0,12840.0,recycle
DEV003039,tablet,premium,102200.0,25,67,screen_crack,0.23,partially_functional,50960.0,19950.0,sell
DEV003040,laptop,premium,61500.0,69,55,dead_pixel,0.6,partially_functional,9920.0,6190.0,upgrade
DEV003041,monitor,budget,28900.0,85,15,screen_scratch,0.77,not_functional,5350.0,1180.0,upgrade
DEV003042,pc,mid,129700.0,73,37,battery_issue,0.87,not_functional,25260.0,14710.0,upgrade
DEV003043,laptop,budget,49300.0,33,72,screen_scratch,0.87,partially_functional,12490.0,1830.0,repair
DEV003044,tablet,mid,31900.0,23,73,none,0.0,fully_functional,17060.0,0.0,sell
DEV003045,monitor,premium,45500.0,167,15,none,0.0,fully_functional,6310.0,0.0,upgrade
DEV003046,laptop,premium,78600.0,23,70,battery_issue,0.59,fully_functional,33880.0,6350.0,repair
DEV003047,tablet,mid,59000.0,27,67,battery_issue,0.94,not_functional,16050.0,6280.0,sell
DEV003048,monitor,budget,21300.0,26,89,dead_pixel,0.57,fully_functional,11590.0,1980.0,repair
DEV003049,phone,budget,23600.0,22,91,none,0.0,fully_functional,11760.0,0.0,sell
DEV003050,pc,budget,44600.0,47,50,none,0.0,fully_functional,23120.0,0.0,sell
DEV003051,phone,budget,100900.0,27,87,screen_crack,0.16,fully_functional,43320.0,14790.0,repair
DEV003052,tablet,premium,77300.0,25,80,screen_crack,0.52,not_functional,31130.0,16350.0,sell
DEV003053,pc,mid,124200.0,27,69,screen_scratch,0.44,fully_functional,62830.0,3270.0,repair
DEV003054,tablet,budget,60700.0,40,64,screen_crack,0.92,partially_functional,11750.0,26260.0,recycle
DEV003055,laptop,mid,213000.0,33,71,body_damage,0.43,not_functional,87730.0,26340.0,sell
DEV003056,tablet,budget,38900.0,28,87,none,0.0,fully_functional,19870.0,0.0,sell
DEV003057,phone,budget,89700.0,13,93,none,0.0,fully_functional,59070.0,0.0,sell
DEV003058,phone,premium,146800.0,12,80,keyboard_damage,0.53,fully_functional,71080.0,9470.0,repair
DEV003059,phone,budget,70300.0,17,83,screen_crack,0.51,partially_functional,28560.0,23840.0,recycle
DEV003060,laptop,mid,63400.0,6,100,port_damage,0.52,fully_functional,40320.0,3400.0,repair
DEV003061,laptop,mid,173800.0,22,86,dead_pixel,0.55,fully_functional,82460.0,24010.0,repair
DEV003062,phone,budget,99000.0,2,90,none,0.0,fully_functional,88470.0,0.0,sell
DEV003063,pc,budget,139600.0,43,45,body_damage,0.23,fully_functional,64060.0,10800.0,repair
DEV003064,laptop,budget,158600.0,2,100,screen_crack,0.88,partially_functional,88820.0,39800.0,sell
DEV003065,laptop,budget,151700.0,8,100,none,0.0,fully_functional,125620.0,0.0,sell
DEV003066,laptop,premium,85900.0,12,99,dead_pixel,0.51,partially_functional,50140.0,7480.0,repair
DEV003067,phone,mid,108200.0,17,76,screen_crack,0.25,fully_functional,52990.0,16120.0,repair
DEV003068,tablet,mid,23700.0,29,67,screen_crack,0.9,fully_functional,6410.0,7860.0,recycle
DEV003069,laptop,budget,164600.0,5,92,none,0.0,fully_functional,157520.0,0.0,sell
DEV003070,phone,premium,100900.0,14,88,screen_scratch,0.92,fully_functional,35630.0,4400.0,repair
DEV003071,monitor,budget,31800.0,27,80,none,0.0,fully_functional,20900.0,0.0,sell
DEV003072,pc,premium,207000.0,45,59,screen_scratch,0.96,fully_functional,53040.0,5820.0,repair
DEV003073,tablet,budget,25500.0,11,93,none,0.0,fully_functional,19530.0,0.0,sell
DEV003074,pc,premium,286100.0,44,51,port_damage,0.81,not_functional,87170.0,22000.0,sell
DEV003075,monitor,budget,30200.0,110,15,none,0.0,fully_functional,8120.0,0.0,upgrade
DEV003076,phone,budget,7700.0,11,88,screen_crack,0.46,not_functional,4350.0,1650.0,sell
DEV003077,tablet,mid,78700.0,60,50,battery_issue,0.34,fully_functional,16440.0,4540.0,repair
DEV003078,tablet,budget,40200.0,24,72,screen_scratch,0.93,partially_functional,11620.0,1660.0,repair
DEV003079,phone,mid,18600.0,63,44,none,0.0,fully_functional,2770.0,0.0,upgrade
DEV003080,phone,mid,77700.0,6,80,screen_crack,0.28,fully_functional,52190.0,16920.0,repair
DEV003081,phone,mid,75600.0,33,66,screen_crack,0.23,fully_functional,21860.0,12650.0,upgrade
DEV003082,tablet,budget,57000.0,27,92,body_damage,0.69,partially_functional,21500.0,5820.0,repair
DEV003083,pc,mid,113800.0,61,39,none,0.0,fully_functional,41770.0,0.0,sell
DEV003084,pc,budget,80000.0,81,43,dead_pixel,0.56,fully_functional,18550.0,8140.0,upgrade
DEV003085,phone,premium,92800.0,16,94,screen_crack,0.39,fully_functional,45650.0,17040.0,sell
DEV003086,phone,mid,149100.0,46,63,none,0.0,fully_functional,35350.0,0.0,upgrade
DEV003087,laptop,mid,153500.0,19,76,screen_crack,0.94,partially_functional,46120.0,62700.0,recycle
DEV003088,laptop,premium,363700.0,14,81,none,0.0,fully_functional,280290.0,0.0,sell
DEV003089,monitor,mid,25200.0,168,15,screen_scratch,0.67,partially_functional,2170.0,1020.0,recycle
DEV003090,pc,mid,72400.0,44,58,screen_crack,0.98,not_functional,18290.0,25090.0,recycle
DEV003091,monitor,budget,13600.0,98,24,none,0.0,fully_functional,3960.0,0.0,upgrade
DEV003092,pc,mid,85600.0,55,58,battery_issue,0.83,partially_functional,22370.0,10020.0,sell
DEV003093,monitor,budget,37300.0,88,24,screen_scratch,0.86,partially_functional,7560.0,1430.0,repair
DEV003094,laptop,budget,123000.0,45,64,none,0.0,fully_functional,44270.0,0.0,sell
DEV003095,phone,premium,56500.0,62,43,none,0.0,fully_functional,7900.0,0.0,upgrade
DEV003096,phone,budget,104500.0,31,70,none,0.0,fully_functional,40980.0,0.0,sell
DEV003097,laptop,mid,127600.0,12,89,screen_crack,0.48,partially_functional,73740.0,28720.0,sell
DEV003098,phone,budget,47600.0,20,84,screen_scratch,0.87,partially_functional,14510.0,2490.0,repair
DEV003099,phone,mid,84000.0,49,58,keyboard_damage,0.71,fully_functional,13300.0,6420.0,recycle
DEV003100,monitor,premium,85000.0,119,15,keyboard_damage,0.47,fully_functional,14700.0,5400.0,recycle
DEV003101,phone,budget,87100.0,8,98,screen_scratch,0.78,not_functional,45030.0,3650.0,sell
DEV003102,monitor,mid,25900.0,70,45,keyboard_damage,0.24,fully_functional,9720.0,1350.0,repair
DEV003103,pc,mid,120000.0,43,60,screen_crack,0.76,not_functional,40400.0,40060.0,recycle
DEV003104,tablet,premium,44100.0,26,76,screen_scratch,0.31,fully_functional,20250.0,840.0,repair
DEV003105,tablet,budget,12900.0,18,84,none,0.0,fully_functional,7840.0,0.0,sell
DEV003106,phone,mid,149800.0,25,62,port_damage,0.32,not_functional,57790.0,6090.0,sell
DEV003107,tablet,mid,12600.0,38,57,body_damage,0.91,fully_functional,2850.0,1890.0,sell
DEV003108,phone,mid,115300.0,19,83,none,0.0,fully_functional,65500.0,0.0,sell
DEV003109,monitor,budget,24300.0,43,67,screen_crack,0.64,not_functional,9590.0,6330.0,sell
DEV003110,phone,budget,52200.0,39,56,none,0.0,fully_functional,14480.0,0.0,upgrade
DEV003111,phone,mid,52600.0,61,58,none,0.0,fully_functional,8670.0,0.0,upgrade
DEV003112,tablet,budget,57900.0,11,90,port_damage,0.23,partially_functional,40450.0,2110.0,repair
DEV003113,tablet,mid,74000.0,8,100,keyboard_damage,0.21,not_functional,51190.0,3290.0,sell
DEV003114,laptop,mid,137700.0,120,15,screen_scratch,0.59,partially_functional,8160.0,5040.0,recycle
DEV003115,tablet,mid,43700.0,48,61,battery_issue,0.49,fully_functional,10880.0,4070.0,upgrade
DEV003116,phone,budget,80300.0,20,75,battery_issue,0.94,not_functional,19380.0,10860.0,sell
DEV003117,tablet,budget,27900.0,44,49,screen_scratch,0.34,fully_functional,7760.0,860.0,repair
DEV003118,phone,mid,111900.0,55,55,screen_crack,0.64,not_functional,15600.0,26970.0,recycle
DEV003119,phone,mid,133600.0,37,65,screen_crack,0.26,fully_functional,32080.0,19890.0,upgrade
DEV003120,phone,premium,41100.0,20,84,screen_crack,0.35,partially_functional,17240.0,7590.0,sell
DEV003121,phone,mid,83400.0,27,79,none,0.0,fully_functional,31880.0,0.0,sell
DEV003122,phone,mid,59800.0,43,68,port_damage,0.33,partially_functional,12260.0,1990.0,repair
DEV003123,laptop,budget,107200.0,55,55,none,0.0,fully_functional,31010.0,0.0,upgrade
DEV003124,phone,premium,167700.0,30,64,screen_crack,0.49,fully_functional,45320.0,40290.0,upgrade
DEV003125,phone,budget,62100.0,5,88,screen_crack,0.97,partially_functional,29040.0,23730.0,recycle
DEV003126,laptop,budget,173800.0,28,75,none,0.0,fully_functional,101050.0,0.0,sell
DEV003127,phone,budget,26200.0,36,75,dead_pixel,0.23,fully_functional,7620.0,2220.0,repair
DEV003128,tablet,budget,57700.0,31,74,keyboard_damage,0.92,not_functional,16640.0,4920.0,sell
DEV003129,monitor,mid,47500.0,12,98,screen_scratch,0.29,fully_functional,34930.0,720.0,repair
DEV003130,laptop,budget,31500.0,35,79,none,0.0,fully_functional,14880.0,0.0,sell
DEV003131,monitor,budget,4300.0,76,35,body_damage,0.98,partially_functional,800.0,810.0,recycle
DEV003132,phone,budget,90000.0,18,83,battery_issue,0.35,partially_functional,38920.0,4460.0,repair
DEV003133,phone,premium,163800.0,18,91,screen_scratch,0.34,fully_functional,71860.0,3300.0,repair
DEV003134,tablet,mid,81100.0,21,76,screen_crack,0.65,not_functional,34330.0,15830.0,sell
DEV003135,pc,premium,153000.0,79,21,body_damage,0.46,partially_functional,35210.0,17070.0,upgrade
DEV003136,pc,premium,280500.0,85,33,screen_crack,0.77,not_functional,46220.0,81160.0,recycle
DEV003137,phone,premium,134500.0,8,100,body_damage,0.26,partially_functional,95410.0,9120.0,repair
DEV003138,pc,mid,137400.0,110,15,battery_issue,0.45,fully_functional,21560.0,11620.0,recycle
DEV003139,laptop,budget,101400.0,11,91,screen_crack,0.54,not_functional,57200.0,23230.0,sell
DEV003140,phone,budget,26000.0,23,80,screen_crack,0.18,partially_functional,11020.0,3120.0,repair
DEV003141,phone,budget,11200.0,5,95,screen_crack,0.8,fully_functional,5970.0,3220.0,sell
DEV003142,monitor,mid,45900.0,99,15,dead_pixel,0.39,not_functional,10410.0,3620.0,upgrade
DEV003143,phone,budget,31500.0,21,88,body_damage,0.71,not_functional,11730.0,4040.0,sell
DEV003144,pc,budget,44500.0,60,49,port_damage,0.37,fully_functional,15210.0,1570.0,repair
DEV003145,tablet,mid,24500.0,95,29,screen_crack,0.92,not_functional,1390.0,7630.0,recycle
DEV003146,tablet,budget,62700.0,37,57,none,0.0,fully_functional,23880.0,0.0,sell
DEV003147,tablet,budget,19100.0,32,69,dead_pixel,0.78,partially_functional,5480.0,2350.0,sell
DEV003148,pc,budget,36700.0,49,59,keyboard_damage,0.6,not_functional,12970.0,2380.0,sell
DEV003149,phone,mid,60800.0,39,63,screen_scratch,0.83,fully_functional,10610.0,2510.0,repair
DEV003150,phone,budget,97600.0,5,95,screen_scratch,0.2,fully_functional,72750.0,1990.0,repair
DEV003151,laptop,budget,114200.0,14,85,none,0.0,fully_functional,77460.0,0.0,sell
DEV003152,laptop,budget,43100.0,53,44,none,0.0,fully_functional,14700.0,0.0,sell
DEV003153,phone,mid,18400.0,49,58,keyboard_damage,0.51,partially_functional,3190.0,950.0,recycle
DEV003154,phone,budget,95100.0,7,100,dead_pixel,0.73,not_functional,46020.0,13660.0,sell
DEV003155,phone,budget,29200.0,5,82,screen_crack,0.22,partially_functional,22040.0,4920.0,repair
DEV003156,phone,premium,113900.0,30,62,screen_scratch,0.24,fully_functional,38370.0,2900.0,upgrade
DEV003157,phone,premium,224500.0,13,84,screen_scratch,0.87,partially_functional,86330.0,8470.0,repair
DEV003158,monitor,budget,24400.0,16,90,dead_pixel,0.6,not_functional,15180.0,3040.0,sell
DEV003159,phone,budget,71100.0,49,62,keyboard_damage,0.62,not_functional,11580.0,3970.0,recycle
DEV003160,monitor,budget,40700.0,22,86,none,0.0,fully_functional,32050.0,0.0,sell
DEV003161,monitor,mid,39400.0,73,38,dead_pixel,0.29,partially_functional,13010.0,2690.0,repair
DEV003162,phone,budget,47600.0,12,91,body_damage,1.0,partially_functional,16220.0,9330.0,sell
DEV003163,tablet,premium,50200.0,92,15,screen_scratch,0.5,not_functional,4320.0,1890.0,recycle
DEV003164,tablet,premium,97700.0,17,89,none,0.0,fully_functional,76160.0,0.0,sell
DEV003165,tablet,mid,21800.0,42,63,screen_crack,0.71,partially_functional,5360.0,4500.0,recycle
DEV003166,phone,budget,49900.0,16,72,screen_crack,0.72,not_functional,19300.0,12030.0,sell
DEV003167,phone,premium,180300.0,35,67,screen_crack,0.55,fully_functional,44500.0,60750.0,recycle
DEV003168,phone,mid,49700.0,18,83,screen_crack,0.34,partially_functional,22320.0,10310.0,sell
DEV003169,tablet,mid,14800.0,96,15,screen_scratch,0.83,partially_functional,950.0,520.0,recycle
DEV003170,monitor,budget,22200.0,22,97,none,0.0,fully_functional,17050.0,0.0,sell
DEV003171,tablet,mid,38400.0,3,100,screen_crack,0.62,fully_functional,23760.0,9640.0,sell
DEV003172,tablet,premium,27600.0,40,58,port_damage,0.98,partially_functional,5650.0,2850.0,sell
DEV003173,monitor,premium,26200.0,37,65,body_damage,0.74,partially_functional,9540.0,3940.0,sell
DEV003174,tablet,mid,87300.0,96,15,none,0.0,fully_functional,9760.0,0.0,upgrade
DEV003175,phone,mid,84900.0,38,57,screen_scratch,0.86,not_functional,14730.0,3430.0,upgrade
DEV003176,pc,mid,128400.0,23,76,none,0.0,fully_functional,95970.0,0.0,sell
DEV003177,laptop,mid,199200.0,54,42,battery_issue,0.62,not_functional,43600.0,15930.0,sell
DEV003178,phone,premium,175300.0,24,77,none,0.0,fully_functional,78610.0,0.0,sell
DEV003179,laptop,mid,224200.0,91,16,port_damage,0.46,fully_functional,26100.0,9990.0,recycle
DEV003180,monitor,budget,17600.0,30,61,screen_crack,0.42,fully_functional,9610.0,3970.0,sell
DEV003181,phone,budget,58000.0,59,73,none,0.0,fully_functional,10420.0,0.0,upgrade
DEV003182,laptop,mid,118900.0,3,96,dead_pixel,0.79,partially_functional,69770.0,14010.0,repair
DEV003183,phone,premium,108500.0,31,85,none,0.0,fully_functional,39790.0,0.0,sell
DEV003184,phone,budget,40400.0,23,90,dead_pixel,0.47,not_functional,16270.0,4330.0,sell
DEV003185,phone,budget,31200.0,26,82,none,0.0,fully_functional,13220.0,0.0,sell
DEV003186,tablet,premium,129500.0,9,100,screen_crack,0.6,partially_functional,73230.0,27350.0,sell
DEV003187,pc,mid,186000.0,142,15,screen_crack,0.99,not_functional,12080.0,55140.0,recycle
DEV003188,phone,budget,46600.0,41,60,none,0.0,fully_functional,11800.0,0.0,upgrade
DEV003189,phone,budget,89900.0,3,100,screen_scratch,0.96,partially_functional,43310.0,4420.0,repair
DEV003190,phone,mid,145600.0,12,100,battery_issue,0.34,partially_functional,85810.0,11310.0,repair
DEV003191,phone,budget,15700.0,19,75,keyboard_damage,0.34,fully_functional,7490.0,810.0,repair
DEV003192,laptop,mid,150100.0,77,31,battery_issue,0.99,not_functional,15740.0,14700.0,recycle
DEV003193,tablet,mid,69500.0,29,69,none,0.0,fully_functional,35400.0,0.0,sell
DEV003194,tablet,mid,16700.0,28,93,screen_scratch,0.6,not_functional,6760.0,570.0,sell
DEV003195,laptop,mid,141800.0,30,77,screen_scratch,0.51,fully_functional,56740.0,4510.0,repair
DEV003196,laptop,budget,35400.0,27,69,screen_scratch,0.67,fully_functional,13000.0,1050.0,repair
DEV003197,phone,budget,42600.0,46,65,screen_crack,0.81,fully_functional,6180.0,10230.0,recycle
DEV003198,phone,budget,15600.0,52,46,body_damage,0.53,fully_functional,2180.0,1460.0,recycle
DEV003199,monitor,budget,11400.0,38,73,none,0.0,fully_functional,7230.0,0.0,sell
DEV003200,pc,mid,163600.0,8,100,screen_crack,0.71,not_functional,98990.0,51290.0,sell
DEV003201,monitor,budget,41400.0,107,15,none,0.0,fully_functional,9880.0,0.0,upgrade
DEV003202,monitor,mid,55200.0,35,67,screen_scratch,0.84,fully_functional,19880.0,1950.0,repair
DEV003203,tablet,budget,35100.0,25,75,screen_scratch,0.5,not_functional,15260.0,930.0,sell
DEV003204,monitor,budget,15100.0,33,57,battery_issue,0.67,partially_functional,6100.0,1610.0,repair
DEV003205,laptop,budget,107500.0,27,74,none,0.0,fully_functional,59080.0,0.0,sell
DEV003206,phone,mid,99000.0,25,71,screen_crack,0.77,partially_functional,28720.0,34060.0,repair
DEV003207,phone,mid,19200.0,9,85,none,0.0,fully_functional,13680.0,0.0,repair
DEV003208,phone,premium,190300.0,32,75,dead_pixel,0.22,partially_functional,64510.0,10950.0,repair
DEV003209,phone,budget,7400.0,24,75,port_damage,0.33,partially_functional,2910.0,270.0,repair
DEV003210,laptop,mid,198800.0,109,15,screen_scratch,0.74,not_functional,13460.0,6390.0,recycle
DEV003211,tablet,mid,70200.0,96,15,screen_scratch,0.26,not_functional,6520.0,1850.0,recycle
DEV003212,pc,budget,47600.0,90,17,keyboard_damage,0.23,fully_functional,10250.0,2690.0,repair
DEV003213,laptop,budget,83500.0,82,34,screen_scratch,0.31,fully_functional,12340.0,2180.0,repair
DEV003214,phone,budget,6200.0,59,45,none,0.0,fully_functional,1050.0,0.0,upgrade
DEV003215,tablet,budget,61700.0,24,88,dead_pixel,0.74,not_functional,22460.0,7950.0,sell
DEV003216,laptop,premium,169400.0,45,68,screen_crack,0.58,partially_functional,46570.0,30400.0,sell
DEV003217,phone,budget,97100.0,62,36,battery_issue,0.32,fully_functional,11070.0,6180.0,recycle
DEV003218,phone,mid,105200.0,29,91,none,0.0,fully_functional,44310.0,0.0,sell
DEV003219,phone,mid,108600.0,29,78,keyboard_damage,0.51,fully_functional,32490.0,7060.0,repair
DEV003220,phone,budget,75600.0,17,87,keyboard_damage,0.53,not_functional,33880.0,4560.0,sell
DEV003221,pc,mid,110900.0,118,15,screen_scratch,0.91,not_functional,10890.0,5270.0,recycle
DEV003222,pc,budget,124200.0,28,72,port_damage,0.65,partially_functional,53150.0,7940.0,repair
DEV003223,tablet,mid,16800.0,3,100,screen_scratch,0.59,partially_functional,11550.0,500.0,repair
DEV003224,phone,budget,6600.0,16,83,battery_issue,0.52,fully_functional,2980.0,620.0,repair
DEV003225,pc,budget,95800.0,86,20,none,0.0,fully_functional,27490.0,0.0,upgrade
DEV003226,tablet,budget,27000.0,15,96,keyboard_damage,0.6,partially_functional,14010.0,2490.0,repair
DEV003227,phone,mid,76000.0,72,48,screen_crack,0.75,partially_functional,5150.0,16700.0,recycle
DEV003228,tablet,mid,69500.0,96,15,none,0.0,fully_functional,7370.0,0.0,upgrade
DEV003229,laptop,mid,88300.0,120,15,screen_crack,0.18,fully_functional,6820.0,15670.0,recycle
DEV003230,laptop,budget,71000.0,25,76,battery_issue,0.72,not_functional,27270.0,7120.0,sell
DEV003231,phone,premium,159700.0,44,71,port_damage,0.62,fully_functional,28830.0,7560.0,repair
DEV003232,laptop,budget,90200.0,111,15,none,0.0,fully_functional,8750.0,0.0,upgrade
DEV003233,phone,premium,125500.0,47,58,none,0.0,fully_functional,29780.0,0.0,upgrade
DEV003234,phone,mid,55100.0,72,33,port_damage,0.27,not_functional,5030.0,2120.0,recycle
DEV003235,phone,mid,12900.0,34,67,none,0.0,fully_functional,4430.0,0.0,upgrade
DEV003236,monitor,mid,48200.0,14,72,body_damage,0.98,fully_functional,20220.0,9180.0,sell
DEV003237,phone,mid,66200.0,46,62,none,0.0,fully_functional,15820.0,0.0,upgrade
DEV003238,laptop,mid,125300.0,32,72,none,0.0,fully_functional,64220.0,0.0,sell
DEV003239,phone,budget,66000.0,11,96,screen_crack,0.75,partially_functional,30760.0,22780.0,sell
DEV003240,pc,mid,30600.0,38,61,screen_scratch,0.9,partially_functional,9770.0,1250.0,repair
DEV003241,laptop,budget,17700.0,17,100,keyboard_damage,0.88,not_functional,7520.0,1380.0,sell
DEV003242,monitor,mid,21900.0,101,19,dead_pixel,0.8,not_functional,3470.0,2950.0,recycle
DEV003243,phone,mid,106300.0,66,39,none,0.0,fully_functional,13580.0,0.0,upgrade
DEV003244,phone,premium,221000.0,16,82,keyboard_damage,0.17,partially_functional,121710.0,8810.0,repair
DEV003245,laptop,mid,240900.0,20,78,screen_crack,0.77,partially_functional,98110.0,65200.0,sell
DEV003246,phone,budget,88600.0,13,92,screen_crack,0.19,fully_functional,59030.0,13100.0,repair
DEV003247,pc,mid,66400.0,42,74,screen_crack,0.87,not_functional,20610.0,23680.0,recycle
DEV003248,pc,budget,92300.0,23,84,none,0.0,fully_functional,66640.0,0.0,repair
DEV003249,laptop,mid,191700.0,27,76,none,0.0,fully_functional,105870.0,0.0,sell
DEV003250,monitor,mid,14400.0,22,85,dead_pixel,0.66,fully_functional,7320.0,1520.0,repair
DEV003251,laptop,mid,209900.0,105,15,body_damage,0.75,not_functional,14020.0,30470.0,recycle
DEV003252,phone,budget,96000.0,29,75,body_damage,0.37,fully_functional,30060.0,11270.0,sell
DEV003253,laptop,budget,25400.0,81,32,port_damage,0.18,fully_functional,3810.0,850.0,repair
DEV003254,phone,mid,8200.0,33,73,dead_pixel,0.5,not_functional,2140.0,790.0,upgrade
DEV003255,pc,budget,132800.0,53,51,screen_scratch,0.9,partially_functional,31830.0,3610.0,repair
DEV003256,phone,budget,66900.0,4,94,none,0.0,fully_functional,58470.0,0.0,sell
DEV003257,phone,budget,50700.0,30,62,body_damage,0.19,fully_functional,16870.0,3180.0,repair
DEV003258,laptop,mid,209900.0,10,85,body_damage,0.34,not_functional,145900.0,19660.0,sell
DEV003259,phone,budget,94400.0,3,96,screen_scratch,0.31,fully_functional,73190.0,2000.0,repair
DEV003260,phone,mid,73700.0,13,92,none,0.0,fully_functional,51570.0,0.0,sell
DEV003261,tablet,premium,51700.0,5,93,body_damage,0.93,not_functional,25680.0,9060.0,sell
DEV003262,phone,mid,53500.0,14,84,none,0.0,fully_functional,36600.0,0.0,sell
DEV003263,laptop,budget,152400.0,51,66,screen_scratch,0.52,fully_functional,42050.0,5020.0,repair
DEV003264,phone,budget,19500.0,54,60,screen_scratch,0.37,not_functional,2880.0,550.0,recycle
DEV003265,phone,budget,72300.0,12,98,screen_scratch,0.86,not_functional,30390.0,3220.0,recycle
DEV003266,phone,mid,55500.0,27,91,dead_pixel,0.62,not_functional,17590.0,6690.0,sell
DEV003267,pc,mid,97900.0,69,22,keyboard_damage,0.88,partially_functional,19490.0,8710.0,upgrade
DEV003268,monitor,budget,31700.0,41,61,none,0.0,fully_functional,18560.0,0.0,sell
DEV003269,phone,budget,71800.0,14,80,none,0.0,fully_functional,47950.0,0.0,sell
DEV003270,monitor,budget,20700.0,2,97,none,0.0,fully_functional,20210.0,0.0,sell
DEV003271,laptop,budget,58600.0,16,90,none,0.0,fully_functional,42800.0,0.0,sell
DEV003272,tablet,premium,102000.0,47,60,dead_pixel,0.35,not_functional,29610.0,9010.0,upgrade
DEV003273,tablet,budget,14300.0,19,76,none,0.0,fully_functional,8900.0,0.0,sell
DEV003274,tablet,budget,44000.0,96,16,keyboard_damage,0.38,fully_functional,3940.0,2490.0,recycle
DEV003275,pc,budget,25000.0,28,71,none,0.0,fully_functional,15040.0,0.0,sell
DEV003276,laptop,budget,150200.0,18,79,screen_scratch,0.97,partially_functional,53530.0,8730.0,repair
DEV003277,laptop,budget,124000.0,57,55,battery_issue,0.88,not_functional,19970.0,16830.0,recycle
DEV003278,phone,mid,120000.0,49,51,keyboard_damage,0.79,partially_functional,15830.0,8150.0,recycle
DEV003279,phone,budget,93100.0,24,76,screen_scratch,0.86,partially_functional,21020.0,3790.0,repair
DEV003280,tablet,budget,14100.0,44,63,dead_pixel,0.62,partially_functional,3230.0,1960.0,upgrade
DEV003281,phone,mid,135700.0,20,87,body_damage,0.58,partially_functional,52610.0,15250.0,repair
DEV003282,phone,mid,132100.0,38,63,dead_pixel,0.87,partially_functional,22630.0,14740.0,upgrade
DEV003283,phone,budget,65000.0,2,91,port_damage,0.42,fully_functional,46610.0,4190.0,repair
DEV003284,phone,premium,54800.0,1,95,none,0.0,fully_functional,54360.0,0.0,sell
DEV003285,tablet,budget,29900.0,60,41,port_damage,0.5,fully_functional,5750.0,1040.0,repair
DEV003286,tablet,premium,59100.0,38,62,none,0.0,fully_functional,27380.0,0.0,sell
DEV003287,laptop,premium,329000.0,96,25,body_damage,0.56,fully_functional,32170.0,39160.0,recycle
DEV003288,phone,mid,24100.0,64,37,battery_issue,0.78,partially_functional,2040.0,2770.0,recycle
DEV003289,laptop,budget,131800.0,24,72,screen_scratch,0.65,partially_functional,50510.0,4570.0,repair
DEV003290,laptop,premium,119900.0,17,86,none,0.0,fully_functional,82040.0,0.0,sell
DEV003291,tablet,budget,51700.0,35,63,screen_crack,0.45,not_functional,16840.0,6040.0,sell
DEV003292,laptop,budget,26200.0,34,76,dead_pixel,0.46,partially_functional,10040.0,2700.0,repair
DEV003293,laptop,mid,129500.0,89,18,keyboard_damage,0.23,fully_functional,17350.0,5720.0,repair
DEV003294,laptop,mid,97600.0,93,15,screen_scratch,0.25,partially_functional,12360.0,2590.0,repair
DEV003295,monitor,premium,75900.0,63,56,body_damage,0.71,not_functional,22950.0,9970.0,recycle
DEV003296,pc,mid,96300.0,11,86,body_damage,0.55,partially_functional,62480.0,11630.0,repair
DEV003297,laptop,premium,362600.0,21,77,none,0.0,fully_functional,246120.0,0.0,sell
DEV003298,laptop,mid,202800.0,28,89,none,0.0,fully_functional,118170.0,0.0,sell
DEV003299,phone,mid,26300.0,44,51,none,0.0,fully_functional,6400.0,0.0,upgrade
DEV003300,monitor,mid,27100.0,117,15,screen_scratch,0.29,fully_functional,4920.0,600.0,repair
DEV003301,phone,premium,176600.0,72,23,port_damage,0.8,partially_functional,10260.0,8570.0,recycle
DEV003302,phone,premium,128800.0,20,76,screen_crack,0.9,partially_functional,35750.0,47450.0,recycle
DEV003303,monitor,premium,14300.0,140,15,screen_crack,0.9,partially_functional,1380.0,4550.0,recycle
DEV003304,tablet,mid,56200.0,61,30,none,0.0,fully_functional,12670.0,0.0,upgrade
DEV003305,phone,mid,45000.0,22,71,none,0.0,fully_functional,22570.0,0.0,sell
DEV003306,phone,budget,82600.0,17,91,screen_crack,0.22,fully_functional,44780.0,12660.0,repair
DEV003307,phone,premium,86400.0,15,86,battery_issue,0.91,partially_functional,30920.0,9440.0,repair
DEV003308,laptop,budget,101400.0,3,96,none,0.0,fully_functional,96700.0,0.0,sell
DEV003309,phone,budget,33800.0,51,47,keyboard_damage,0.38,partially_functional,5250.0,2010.0,recycle
DEV003310,monitor,mid,41400.0,81,21,none,0.0,fully_functional,14520.0,0.0,upgrade
DEV003311,monitor,mid,51200.0,18,89,none,0.0,fully_functional,38490.0,0.0,sell
DEV003312,laptop,mid,180600.0,55,51,dead_pixel,0.19,fully_functional,53850.0,13430.0,repair
DEV003313,tablet,budget,13100.0,47,51,screen_crack,0.7,fully_functional,2700.0,2770.0,recycle
DEV003314,phone,budget,30700.0,28,76,body_damage,0.94,partially_functional,6030.0,6280.0,recycle
DEV003315,phone,budget,8500.0,55,37,battery_issue,0.33,partially_functional,1240.0,400.0,repair
DEV003316,tablet,budget,55600.0,96,15,screen_crack,0.44,fully_functional,4570.0,9210.0,recycle
DEV003317,phone,budget,66900.0,72,32,screen_crack,0.36,partially_functional,5980.0,12590.0,recycle
DEV003318,phone,mid,21300.0,72,41,screen_crack,0.95,partially_functional,1250.0,7520.0,recycle
DEV003319,phone,budget,87800.0,12,94,none,0.0,fully_functional,58300.0,0.0,sell
DEV003320,phone,budget,21000.0,19,87,port_damage,0.84,not_functional,7340.0,1560.0,sell
DEV003321,laptop,budget,23700.0,12,85,battery_issue,0.23,fully_functional,14590.0,1550.0,repair
DEV003322,tablet,mid,35600.0,17,70,none,0.0,fully_functional,23510.0,0.0,sell
DEV003323,pc,premium,82100.0,63,34,none,0.0,fully_functional,32970.0,0.0,sell
DEV003324,tablet,budget,62700.0,15,80,none,0.0,fully_functional,41320.0,0.0,sell
DEV003325,pc,budget,42400.0,38,60,dead_pixel,0.17,fully_functional,23860.0,3490.0,repair
DEV003326,laptop,mid,64300.0,58,35,none,0.0,fully_functional,18200.0,0.0,upgrade
DEV003327,pc,budget,36000.0,25,76,screen_crack,0.77,not_functional,15480.0,8800.0,sell
DEV003328,laptop,premium,351700.0,54,55,screen_crack,0.2,fully_functional,108700.0,52860.0,sell
DEV003329,phone,premium,223100.0,58,46,port_damage,0.79,not_functional,22240.0,12060.0,recycle
DEV003330,monitor,mid,23600.0,78,19,none,0.0,fully_functional,7620.0,0.0,upgrade
DEV003331,phone,premium,184500.0,25,89,dead_pixel,0.22,not_functional,65510.0,14260.0,sell
DEV003332,phone,mid,96600.0,70,22,screen_scratch,0.54,partially_functional,7040.0,3010.0,recycle
DEV003333,phone,mid,122300.0,17,87,screen_crack,0.23,partially_functional,61340.0,22940.0,sell
DEV003334,laptop,budget,17800.0,43,55,body_damage,0.3,fully_functional,5710.0,1910.0,repair
DEV003335,laptop,budget,86900.0,120,15,none,0.0,fully_functional,7090.0,0.0,upgrade
DEV003336,laptop,budget,93400.0,27,79,body_damage,0.69,not_functional,30100.0,14450.0,sell
DEV003337,pc,mid,32200.0,75,39,screen_scratch,0.64,partially_functional,6800.0,1340.0,repair
DEV003338,phone,mid,57400.0,72,41,battery_issue,0.21,partially_functional,5620.0,2590.0,recycle
DEV003339,laptop,budget,153500.0,70,36,screen_crack,0.97,not_functional,18840.0,53530.0,recycle
DEV003340,phone,mid,118400.0,1,100,keyboard_damage,0.97,fully_functional,57110.0,12900.0,repair
DEV003341,pc,budget,54300.0,41,53,battery_issue,0.19,fully_functional,26620.0,2850.0,repair
DEV003342,phone,budget,22200.0,68,43,body_damage,0.72,not_functional,1490.0,2970.0,recycle
DEV003343,phone,budget,81800.0,62,42,screen_scratch,0.83,fully_functional,6890.0,3080.0,recycle
DEV003344,laptop,mid,153100.0,9,100,screen_crack,0.58,partially_functional,97780.0,36390.0,sell
DEV003345,tablet,mid,70500.0,21,76,body_damage,0.36,fully_functional,36000.0,8460.0,repair
DEV003346,pc,mid,123400.0,106,15,keyboard_damage,0.85,not_functional,14680.0,10000.0,recycle
DEV003347,laptop,budget,124500.0,41,44,none,0.0,fully_functional,42920.0,0.0,sell
DEV003348,pc,mid,48900.0,56,33,body_damage,0.88,fully_functional,12180.0,8680.0,sell
DEV003349,laptop,premium,349900.0,80,15,keyboard_damage,0.78,fully_functional,40790.0,30650.0,recycle
DEV003350,phone,budget,101200.0,8,100,none,0.0,fully_functional,83460.0,0.0,sell
DEV003351,phone,mid,37600.0,17,85,port_damage,0.64,partially_functional,16070.0,2070.0,repair
DEV003352,phone,budget,92600.0,6,100,screen_scratch,0.81,not_functional,46470.0,2910.0,sell
DEV003353,phone,budget,9400.0,14,92,screen_crack,0.63,partially_functional,4380.0,1480.0,repair
DEV003354,laptop,mid,232400.0,61,32,body_damage,0.96,fully_functional,33100.0,38320.0,recycle
DEV003355,laptop,budget,81600.0,114,15,none,0.0,fully_functional,7640.0,0.0,upgrade
DEV003356,laptop,mid,200000.0,47,65,screen_scratch,0.68,not_functional,48230.0,6980.0,sell
DEV003357,laptop,premium,173000.0,42,62,screen_scratch,0.48,not_functional,56700.0,5590.0,sell
DEV003358,tablet,budget,32300.0,6,87,body_damage,0.6,partially_functional,21060.0,4280.0,repair
DEV003359,tablet,budget,13500.0,26,72,screen_scratch,0.21,fully_functional,6950.0,170.0,repair
DEV003360,phone,premium,59800.0,24,87,body_damage,0.21,partially_functional,26460.0,4770.0,repair
DEV003361,phone,mid,47400.0,21,71,screen_scratch,0.87,partially_functional,13650.0,2100.0,repair
DEV003362,laptop,premium,223600.0,85,29,none,0.0,fully_functional,38180.0,0.0,upgrade
DEV003363,laptop,budget,160500.0,54,49,none,0.0,fully_functional,45150.0,0.0,sell
DEV003364,phone,mid,124900.0,5,96,body_damage,0.53,fully_functional,78270.0,15380.0,repair
DEV003365,phone,premium,66100.0,56,28,dead_pixel,0.7,partially_functional,6790.0,8460.0,recycle
DEV003366,tablet,budget,19500.0,23,81,body_damage,0.35,fully_functional,8960.0,2530.0,repair
DEV003367,tablet,premium,93000.0,45,48,screen_crack,0.44,fully_functional,25970.0,19250.0,upgrade
DEV003368,phone,mid,106400.0,16,78,none,0.0,fully_functional,63980.0,0.0,sell
DEV003369,laptop,premium,273800.0,58,49,screen_crack,0.35,fully_functional,57990.0,47430.0,recycle
DEV003370,pc,budget,122100.0,124,15,none,0.0,fully_functional,20600.0,0.0,upgrade
DEV003371,phone,mid,66600.0,11,74,none,0.0,fully_functional,47800.0,0.0,sell
DEV003372,pc,budget,100300.0,33,69,screen_crack,0.83,not_functional,34670.0,26110.0,sell
DEV003373,phone,premium,217400.0,18,85,dead_pixel,0.76,partially_functional,73250.0,38640.0,sell
DEV003374,laptop,budget,62600.0,18,95,none,0.0,fully_functional,41600.0,0.0,sell
DEV003375,laptop,budget,143200.0,65,40,none,0.0,fully_functional,36240.0,0.0,upgrade
DEV003376,phone,premium,142900.0,25,77,keyboard_damage,0.57,fully_functional,45070.0,12980.0,repair
DEV003377,monitor,budget,5700.0,87,15,none,0.0,fully_functional,1640.0,0.0,upgrade
DEV003378,laptop,mid,233100.0,94,21,port_damage,0.47,not_functional,26670.0,11830.0,recycle
DEV003379,monitor,budget,36300.0,74,38,none,0.0,fully_functional,14190.0,0.0,sell
DEV003380,phone,mid,49000.0,55,50,screen_scratch,0.22,not_functional,7570.0,1080.0,recycle
DEV003381,pc,budget,37500.0,45,42,screen_crack,0.32,fully_functional,16380.0,6260.0,sell
DEV003382,monitor,mid,58700.0,25,81,screen_crack,0.25,partially_functional,38190.0,10100.0,repair
DEV003383,laptop,mid,189000.0,100,15,screen_scratch,0.78,partially_functional,13870.0,7810.0,recycle
DEV003384,phone,budget,89200.0,16,80,battery_issue,0.75,not_functional,33630.0,6610.0,sell
DEV003385,tablet,budget,8100.0,50,50,port_damage,0.52,not_functional,1810.0,380.0,upgrade
DEV003386,laptop,budget,168400.0,7,96,screen_scratch,0.99,fully_functional,73470.0,5570.0,repair
DEV003387,monitor,mid,53300.0,34,69,screen_scratch,0.84,not_functional,20510.0,1840.0,sell
DEV003388,laptop,budget,126700.0,50,52,none,0.0,fully_functional,47410.0,0.0,sell
DEV003389,phone,budget,60300.0,22,74,none,0.0,fully_functional,28950.0,0.0,sell
DEV003390,phone,budget,91100.0,7,100,dead_pixel,0.53,partially_functional,56610.0,8990.0,repair
DEV003391,tablet,mid,47800.0,31,55,body_damage,0.9,fully_functional,11260.0,4700.0,upgrade
DEV003392,monitor,mid,59500.0,90,19,screen_scratch,0.59,fully_functional,13180.0,1540.0,repair
DEV003393,phone,mid,90100.0,24,90,port_damage,0.84,partially_functional,27950.0,4950.0,repair
DEV003394,tablet,premium,33800.0,13,87,keyboard_damage,0.7,partially_functional,16260.0,1790.0,repair
DEV003395,monitor,mid,42600.0,14,96,dead_pixel,0.3,not_functional,30180.0,3480.0,sell
DEV003396,phone,premium,175700.0,18,86,body_damage,0.28,partially_functional,84510.0,16550.0,repair
DEV003397,phone,mid,126300.0,16,86,screen_crack,0.87,not_functional,44450.0,42640.0,recycle
DEV003398,tablet,budget,47200.0,20,90,port_damage,0.78,fully_functional,18700.0,3600.0,repair
DEV003399,tablet,premium,62500.0,37,65,keyboard_damage,0.26,fully_functional,22580.0,3440.0,repair
DEV003400,phone,mid,55800.0,20,87,port_damage,0.89,fully_functional,17420.0,4080.0,repair
DEV003401,pc,mid,141100.0,15,90,screen_scratch,0.5,not_functional,81890.0,4350.0,sell
DEV003402,laptop,budget,24000.0,44,60,screen_crack,0.79,not_functional,5990.0,7100.0,recycle
DEV003403,monitor,budget,28900.0,113,15,port_damage,0.97,partially_functional,3510.0,1800.0,recycle
DEV003404,pc,mid,186200.0,33,67,body_damage,0.73,fully_functional,73880.0,28600.0,sell
DEV003405,pc,mid,176900.0,18,77,none,0.0,fully_functional,138090.0,0.0,sell
DEV003406,laptop,mid,139200.0,23,88,none,0.0,fully_functional,79780.0,0.0,sell
DEV003407,phone,budget,89600.0,30,78,dead_pixel,0.46,fully_functional,27390.0,6280.0,repair
DEV003408,laptop,mid,214800.0,65,54,dead_pixel,0.38,partially_functional,42530.0,12030.0,repair
DEV003409,phone,budget,84100.0,10,91,battery_issue,0.78,partially_functional,34320.0,8280.0,repair
DEV003410,tablet,budget,24900.0,63,41,body_damage,0.34,fully_functional,4710.0,2250.0,recycle
DEV003411,phone,budget,72300.0,19,80,none,0.0,fully_functional,40230.0,0.0,sell
DEV003412,laptop,premium,63700.0,34,71,none,0.0,fully_functional,28940.0,0.0,sell
DEV003413,phone,mid,38500.0,13,85,none,0.0,fully_functional,25760.0,0.0,sell
DEV003414,phone,premium,196200.0,34,73,none,0.0,fully_functional,65650.0,0.0,upgrade
DEV003415,phone,mid,82300.0,2,95,screen_scratch,0.8,not_functional,46110.0,3250.0,sell
DEV003416,tablet,mid,77500.0,29,72,screen_scratch,0.32,fully_functional,37390.0,2120.0,repair
DEV003417,pc,mid,78400.0,97,15,screen_scratch,0.21,partially_functional,15950.0,1550.0,repair
DEV003418,phone,premium,45500.0,53,60,screen_crack,0.69,not_functional,5490.0,13860.0,recycle
DEV003419,pc,premium,174300.0,74,38,screen_scratch,0.63,partially_functional,39740.0,5220.0,repair
DEV003420,pc,mid,96400.0,110,15,body_damage,0.81,partially_functional,11220.0,10770.0,recycle
DEV003421,phone,budget,104900.0,72,21,screen_crack,0.82,partially_functional,6010.0,36690.0,recycle
DEV003422,tablet,mid,22800.0,50,48,none,0.0,fully_functional,7020.0,0.0,upgrade
DEV003423,laptop,budget,41200.0,56,52,screen_crack,0.65,fully_functional,8530.0,9550.0,recycle
DEV003424,phone,budget,55700.0,43,62,screen_crack,0.45,fully_functional,10580.0,13010.0,recycle
DEV003425,laptop,mid,164300.0,36,72,none,0.0,fully_functional,81490.0,0.0,sell
DEV003426,phone,premium,51000.0,13,89,dead_pixel,0.82,partially_functional,21440.0,6570.0,repair
DEV003427,pc,budget,134700.0,124,15,none,0.0,fully_functional,22040.0,0.0,upgrade
DEV003428,monitor,budget,13700.0,50,52,body_damage,0.21,not_functional,6460.0,1530.0,sell
DEV003429,pc,premium,86200.0,51,48,battery_issue,0.6,partially_functional,24700.0,8630.0,upgrade
DEV003430,laptop,budget,132200.0,18,93,screen_scratch,0.87,not_functional,52680.0,6310.0,sell
DEV003431,laptop,budget,63000.0,26,63,none,0.0,fully_functional,38280.0,0.0,sell
DEV003432,monitor,mid,35000.0,27,65,none,0.0,fully_functional,24840.0,0.0,sell
DEV003433,phone,premium,74500.0,21,75,none,0.0,fully_functional,38250.0,0.0,sell
DEV003434,phone,mid,85900.0,30,64,none,0.0,fully_functional,32610.0,0.0,sell
DEV003435,laptop,mid,211700.0,49,61,screen_crack,0.39,partially_functional,60870.0,29920.0,sell
DEV003436,phone,budget,7600.0,14,99,dead_pixel,0.81,not_functional,3090.0,800.0,recycle
DEV003437,phone,budget,69500.0,20,71,keyboard_damage,0.48,fully_functional,28730.0,4500.0,sell
DEV003438,phone,mid,89900.0,45,59,screen_scratch,0.81,not_functional,12740.0,4170.0,upgrade
DEV003439,laptop,premium,38300.0,120,15,battery_issue,0.72,fully_functional,2140.0,3840.0,recycle
DEV003440,phone,budget,12300.0,28,74,screen_crack,0.79,not_functional,2970.0,2910.0,recycle
DEV003441,phone,budget,69500.0,3,100,none,0.0,fully_functional,62430.0,0.0,sell
DEV003442,phone,budget,17500.0,24,80,screen_scratch,0.4,partially_functional,6290.0,500.0,repair
DEV003443,laptop,budget,94900.0,120,15,battery_issue,0.65,not_functional,5440.0,6230.0,recycle
DEV003444,pc,budget,61800.0,3,92,none,0.0,fully_functional,58410.0,0.0,sell
DEV003445,phone,budget,44700.0,19,72,none,0.0,fully_functional,24340.0,0.0,sell
DEV003446,tablet,mid,30200.0,20,96,screen_scratch,0.88,partially_functional,11330.0,1050.0,repair
DEV003447,pc,budget,41000.0,78,26,body_damage,0.86,partially_functional,7350.0,6610.0,recycle
DEV003448,phone,mid,134000.0,26,83,screen_crack,0.44,partially_functional,52340.0,26320.0,sell
DEV003449,pc,mid,122400.0,16,80,screen_scratch,0.2,fully_functional,88490.0,3070.0,repair
DEV003450,tablet,premium,110800.0,21,84,none,0.0,fully_functional,62200.0,0.0,sell
DEV003451,laptop,premium,322500.0,19,89,none,0.0,fully_functional,218100.0,0.0,sell
DEV003452,phone,budget,54600.0,66,47,dead_pixel,0.19,not_functional,6370.0,3700.0,recycle
DEV003453,phone,budget,24300.0,18,78,screen_scratch,0.23,partially_functional,11090.0,450.0,repair
DEV003454,monitor,mid,29600.0,168,15,battery_issue,0.44,fully_functional,3310.0,2550.0,recycle
DEV003455,pc,budget,132900.0,34,69,screen_crack,0.71,partially_functional,56190.0,34860.0,sell
DEV003456,monitor,budget,23700.0,58,62,port_damage,0.44,fully_functional,8750.0,910.0,repair
DEV003457,monitor,budget,37000.0,9,94,screen_scratch,0.54,fully_functional,25760.0,1030.0,repair
DEV003458,phone,premium,113100.0,57,36,none,0.0,fully_functional,19080.0,0.0,upgrade
DEV003459,pc,budget,138900.0,48,50,none,0.0,fully_functional,67050.0,0.0,sell
DEV003460,laptop,mid,39200.0,120,15,port_damage,0.71,partially_functional,2220.0,1780.0,recycle
DEV003461,pc,mid,170000.0,35,63,screen_crack,0.62,not_functional,65730.0,34470.0,sell
DEV003462,phone,mid,132000.0,24,86,none,0.0,fully_functional,67640.0,0.0,sell
DEV003463,phone,budget,18700.0,27,84,screen_crack,0.24,not_functional,7740.0,3620.0,sell
DEV003464,pc,premium,238000.0,53,55,screen_crack,0.76,partially_functional,68920.0,60670.0,recycle
DEV003465,pc,mid,183700.0,20,78,port_damage,0.59,fully_functional,96460.0,10120.0,repair
DEV003466,tablet,mid,88900.0,25,79,screen_crack,0.24,fully_functional,42480.0,19500.0,sell
DEV003467,phone,budget,74800.0,35,65,screen_scratch,0.45,partially_functional,20110.0,2200.0,repair
DEV003468,phone,premium,172400.0,25,81,body_damage,0.77,partially_functional,49190.0,18520.0,sell
DEV003469,monitor,mid,36500.0,145,15,none,0.0,fully_functional,6290.0,0.0,upgrade
DEV003470,laptop,budget,82800.0,18,87,port_damage,0.39,not_functional,48370.0,3790.0,sell
DEV003471,laptop,budget,46300.0,58,49,keyboard_damage,0.27,partially_functional,11660.0,1990.0,repair
DEV003472,laptop,budget,116700.0,81,20,screen_crack,0.61,partially_functional,13660.0,23570.0,recycle
DEV003473,laptop,budget,145000.0,33,67,body_damage,0.19,fully_functional,68460.0,13450.0,repair
DEV003474,laptop,budget,131200.0,30,82,none,0.0,fully_functional,66540.0,0.0,sell
DEV003475,laptop,budget,157900.0,13,77,keyboard_damage,0.54,partially_functional,87830.0,9190.0,recycle
DEV003476,pc,budget,52200.0,60,53,screen_crack,0.16,partially_functional,18760.0,7150.0,sell
DEV003477,monitor,premium,28800.0,158,15,none,0.0,fully_functional,3990.0,0.0,upgrade
DEV003478,monitor,mid,34600.0,152,15,screen_crack,0.52,partially_functional,4280.0,7620.0,recycle
DEV003479,laptop,premium,302400.0,52,53,none,0.0,fully_functional,102650.0,0.0,sell
DEV003480,laptop,mid,163500.0,120,15,none,0.0,fully_functional,13340.0,0.0,upgrade
DEV003481,tablet,mid,25900.0,35,68,battery_issue,0.31,partially_functional,9190.0,2410.0,recycle
DEV003482,pc,budget,39600.0,144,15,none,0.0,fully_functional,5270.0,0.0,upgrade
DEV003483,laptop,mid,220400.0,43,57,screen_scratch,0.24,fully_functional,75550.0,5180.0,repair
DEV003484,tablet,budget,9300.0,32,69,screen_crack,0.35,not_functional,3790.0,1780.0,sell
DEV003485,tablet,mid,73100.0,17,91,body_damage,0.38,not_functional,39690.0,7950.0,sell
DEV003486,tablet,premium,118200.0,20,72,screen_scratch,0.16,partially_functional,65090.0,2170.0,repair
DEV003487,tablet,premium,64000.0,50,44,screen_scratch,0.72,fully_functional,13100.0,2340.0,repair
DEV003488,phone,budget,82900.0,6,85,screen_scratch,0.22,partially_functional,56370.0,1850.0,upgrade
DEV003489,laptop,mid,188800.0,39,57,body_damage,0.41,fully_functional,59690.0,23080.0,sell
DEV003490,laptop,budget,42400.0,21,87,none,0.0,fully_functional,26520.0,0.0,recycle
DEV003491,phone,budget,52000.0,40,71,screen_crack,0.17,fully_functional,14120.0,9140.0,upgrade
DEV003492,pc,budget,80500.0,21,74,battery_issue,0.92,fully_functional,34080.0,8130.0,repair
DEV003493,tablet,budget,34800.0,72,41,screen_scratch,0.98,partially_functional,3440.0,1590.0,recycle
DEV003494,phone,mid,148300.0,14,82,screen_crack,0.45,not_functional,69870.0,30260.0,sell
DEV003495,pc,budget,41200.0,34,65,screen_scratch,0.79,partially_functional,14180.0,1800.0,repair
DEV003496,tablet,budget,21800.0,56,40,none,0.0,fully_functional,5890.0,0.0,upgrade
DEV003497,pc,premium,248800.0,26,81,none,0.0,fully_functional,156560.0,0.0,sell
DEV003498,laptop,mid,79100.0,103,15,screen_crack,0.97,fully_functional,4230.0,26790.0,recycle
DEV003499,pc,budget,107500.0,61,39,keyboard_damage,0.92,fully_functional,22930.0,10810.0,sell
DEV003500,laptop,mid,212500.0,55,51,none,0.0,fully_functional,69700.0,0.0,repair
DEV003501,laptop,mid,85300.0,20,87,none,0.0,fully_functional,59600.0,0.0,sell
DEV003502,phone,mid,78900.0,13,100,battery_issue,0.56,fully_functional,39950.0,6030.0,repair
DEV003503,tablet,mid,13800.0,37,57,battery_issue,0.43,not_functional,4740.0,960.0,sell
DEV003504,tablet,premium,128200.0,59,36,port_damage,0.34,partially_functional,25860.0,3740.0,sell
DEV003505,laptop,budget,74500.0,48,53,screen_crack,0.62,not_functional,18120.0,17900.0,recycle
DEV003506,laptop,mid,52000.0,70,49,battery_issue,0.96,partially_functional,6410.0,5590.0,recycle
DEV003507,pc,budget,102400.0,18,82,keyboard_damage,0.16,not_functional,72770.0,4110.0,sell
DEV003508,tablet,premium,131300.0,10,87,none,0.0,fully_functional,123150.0,0.0,sell
DEV003509,phone,budget,11900.0,3,74,none,0.0,fully_functional,9980.0,0.0,sell
DEV003510,monitor,budget,17200.0,62,44,keyboard_damage,0.47,fully_functional,5920.0,980.0,repair
DEV003511,tablet,premium,84000.0,31,78,body_damage,0.96,partially_functional,23700.0,10670.0,sell
DEV003512,monitor,mid,30400.0,42,62,screen_crack,0.46,fully_functional,13970.0,6460.0,sell
DEV003513,monitor,budget,12000.0,36,59,none,0.0,fully_functional,6710.0,0.0,sell
DEV003514,monitor,budget,33900.0,28,78,body_damage,0.7,not_functional,16870.0,5530.0,sell
DEV003515,pc,budget,29500.0,29,75,body_damage,0.7,partially_functional,12700.0,3680.0,repair
DEV003516,tablet,premium,28600.0,27,85,body_damage,0.29,fully_functional,11610.0,2100.0,repair
DEV003517,phone,mid,78500.0,72,32,none,0.0,fully_functional,7920.0,0.0,upgrade
DEV003518,laptop,budget,83900.0,108,15,body_damage,0.21,partially_functional,7580.0,7590.0,recycle
DEV003519,pc,mid,104700.0,43,65,port_damage,0.25,fully_functional,47630.0,3350.0,repair
DEV003520,laptop,mid,219200.0,4,92,screen_scratch,0.84,partially_functional,115190.0,7700.0,repair
DEV003521,pc,budget,128700.0,55,39,battery_issue,0.67,not_functional,37300.0,12090.0,sell
DEV003522,phone,premium,105000.0,12,85,screen_crack,0.74,not_functional,47780.0,32320.0,sell
DEV003523,laptop,budget,87400.0,13,82,screen_crack,0.37,fully_functional,56680.0,15880.0,repair
DEV003524,laptop,premium,314400.0,120,15,none,0.0,fully_functional,28610.0,0.0,upgrade
DEV003525,laptop,mid,133900.0,108,15,none,0.0,fully_functional,13890.0,0.0,upgrade
DEV003526,phone,budget,60900.0,5,85,keyboard_damage,0.33,fully_functional,37730.0,2660.0,repair
DEV003527,phone,mid,86000.0,11,100,none,0.0,fully_functional,55050.0,0.0,sell
DEV003528,pc,mid,197500.0,117,15,none,0.0,fully_functional,37220.0,0.0,upgrade
DEV003529,laptop,mid,237100.0,37,57,dead_pixel,0.24,partially_functional,92520.0,21250.0,repair
DEV003530,phone,mid,40000.0,13,94,screen_scratch,0.37,fully_functional,23790.0,800.0,repair
DEV003531,phone,budget,53800.0,23,72,keyboard_damage,0.73,fully_functional,16660.0,3530.0,repair
DEV003532,laptop,budget,108500.0,42,53,screen_scratch,0.7,partially_functional,25770.0,5160.0,repair
DEV003533,phone,mid,56700.0,6,85,port_damage,0.69,partially_functional,29010.0,2970.0,repair
DEV003534,tablet,budget,52100.0,21,86,none,0.0,fully_functional,33350.0,0.0,sell
DEV003535,pc,budget,73900.0,50,63,port_damage,0.19,partially_functional,30700.0,3090.0,repair
DEV003536,phone,mid,144200.0,8,100,screen_crack,0.42,fully_functional,97600.0,28660.0,repair
DEV003537,laptop,budget,138500.0,43,51,body_damage,0.59,fully_functional,37300.0,19160.0,sell
DEV003538,phone,mid,109400.0,12,97,dead_pixel,0.22,partially_functional,67520.0,7080.0,repair
DEV003539,phone,premium,138400.0,53,56,keyboard_damage,0.39,fully_functional,19740.0,6420.0,repair
DEV003540,pc,premium,64000.0,94,15,screen_crack,0.74,not_functional,10640.0,13240.0,recycle
DEV003541,laptop,budget,155600.0,85,19,body_damage,0.56,fully_functional,17930.0,19150.0,recycle
DEV003542,pc,mid,190700.0,15,92,none,0.0,fully_functional,157550.0,0.0,sell
DEV003543,phone,premium,209000.0,41,56,keyboard_damage,0.47,partially_functional,41640.0,15700.0,upgrade
DEV003544,phone,budget,12100.0,22,71,dead_pixel,0.41,partially_functional,4610.0,1010.0,repair
DEV003545,laptop,mid,235400.0,97,15,body_damage,0.76,not_functional,18960.0,41970.0,recycle
DEV003546,laptop,mid,28900.0,13,77,body_damage,0.61,partially_functional,15090.0,4390.0,repair
DEV003547,monitor,budget,33500.0,108,15,keyboard_damage,0.74,fully_functional,5460.0,2220.0,upgrade
DEV003548,phone,budget,46000.0,50,43,screen_scratch,0.46,partially_functional,7460.0,1330.0,repair
DEV003549,pc,mid,173300.0,18,80,none,0.0,fully_functional,135630.0,0.0,sell
DEV003550,pc,budget,59600.0,54,40,keyboard_damage,0.76,partially_functional,16220.0,3570.0,repair
DEV003551,laptop,premium,231400.0,56,48,battery_issue,0.45,fully_functional,52930.0,16920.0,repair
DEV003552,phone,mid,43100.0,4,97,battery_issue,0.96,partially_functional,19600.0,4400.0,repair
DEV003553,laptop,budget,160100.0,54,54,screen_crack,0.68,not_functional,32060.0,40120.0,recycle
DEV003554,phone,mid,127700.0,32,70,dead_pixel,0.87,partially_functional,25800.0,17070.0,sell
DEV003555,pc,mid,147600.0,74,21,keyboard_damage,0.32,fully_functional,39540.0,7200.0,repair
DEV003556,laptop,budget,118600.0,52,59,none,0.0,fully_functional,41260.0,0.0,sell
DEV003557,monitor,premium,82700.0,99,15,body_damage,0.91,not_functional,12830.0,11760.0,recycle
DEV003558,tablet,mid,31700.0,11,86,keyboard_damage,0.53,partially_functional,19190.0,1440.0,repair
DEV003559,laptop,mid,105300.0,101,15,body_damage,0.35,fully_functional,9660.0,12240.0,recycle
DEV003560,tablet,premium,103700.0,23,83,none,0.0,fully_functional,56060.0,0.0,sell
DEV003561,laptop,mid,163900.0,114,15,dead_pixel,0.82,not_functional,8960.0,24950.0,repair
DEV003562,monitor,mid,56700.0,46,45,screen_crack,0.7,fully_functional,20810.0,14610.0,sell
DEV003563,phone,budget,96500.0,14,75,screen_scratch,0.46,partially_functional,49510.0,2770.0,repair
DEV003564,monitor,budget,27000.0,111,15,none,0.0,fully_functional,6660.0,0.0,upgrade
DEV003565,pc,mid,164900.0,20,72,dead_pixel,0.46,fully_functional,90060.0,14950.0,repair
DEV003566,pc,mid,107900.0,16,76,body_damage,0.22,fully_functional,74420.0,9650.0,repair
DEV003567,laptop,mid,174200.0,55,34,screen_crack,0.24,partially_functional,47810.0,27050.0,upgrade
DEV003568,pc,mid,60300.0,144,15,none,0.0,fully_functional,7590.0,0.0,upgrade
DEV003569,phone,mid,123000.0,20,96,screen_crack,0.87,not_functional,37800.0,44760.0,recycle
DEV003570,pc,premium,171000.0,100,20,none,0.0,fully_functional,39050.0,0.0,upgrade
DEV003571,phone,premium,211400.0,12,100,dead_pixel,0.41,partially_functional,126220.0,23680.0,repair
DEV003572,phone,budget,40200.0,11,94,port_damage,0.9,partially_functional,16550.0,2330.0,repair
DEV003573,laptop,premium,138500.0,35,67,screen_scratch,0.26,not_functional,51830.0,3730.0,sell
DEV003574,phone,premium,51000.0,33,62,dead_pixel,0.55,fully_functional,13370.0,5420.0,upgrade
DEV003575,laptop,budget,169000.0,2,100,keyboard_damage,0.85,not_functional,93640.0,13900.0,sell
DEV003576,pc,budget,36400.0,24,88,screen_scratch,0.97,not_functional,13960.0,1430.0,sell
DEV003577,phone,budget,97700.0,14,94,body_damage,0.45,partially_functional,49420.0,10510.0,repair
DEV003578,tablet,mid,52200.0,36,53,none,0.0,fully_functional,22210.0,0.0,sell
DEV003579,phone,mid,92500.0,27,65,screen_scratch,0.18,partially_functional,35080.0,2040.0,repair
DEV003580,pc,mid,146900.0,65,28,screen_scratch,0.8,fully_functional,30670.0,5550.0,repair
DEV003581,pc,mid,182000.0,28,81,none,0.0,fully_functional,117760.0,0.0,sell
DEV003582,laptop,budget,128800.0,90,18,battery_issue,0.9,not_functional,10320.0,17310.0,recycle
DEV003583,tablet,budget,17500.0,12,100,none,0.0,fully_functional,12840.0,0.0,sell
DEV003584,monitor,premium,51500.0,2,98,battery_issue,0.23,fully_functional,43420.0,2590.0,repair
DEV003585,pc,premium,193400.0,6,91,screen_crack,0.36,fully_functional,141220.0,36490.0,repair
DEV003586,laptop,mid,242400.0,60,57,body_damage,0.76,partially_functional,46300.0,46070.0,recycle
DEV003587,laptop,budget,96300.0,59,56,battery_issue,0.37,fully_functional,24100.0,6570.0,repair
DEV003588,pc,budget,108200.0,38,68,none,0.0,fully_functional,68050.0,0.0,sell
DEV003589,phone,budget,92700.0,13,86,none,0.0,fully_functional,56240.0,0.0,sell
DEV003590,pc,mid,122900.0,74,31,screen_crack,0.27,fully_functional,34060.0,22360.0,upgrade
DEV003591,phone,budget,96900.0,20,68,port_damage,0.31,not_functional,44530.0,4050.0,sell
DEV003592,pc,premium,87900.0,105,25,battery_issue,0.79,partially_functional,11760.0,9070.0,recycle
DEV003593,phone,mid,71400.0,13,74,none,0.0,fully_functional,45010.0,0.0,sell
DEV003594,phone,mid,80400.0,26,88,none,0.0,fully_functional,35310.0,0.0,sell
DEV003595,monitor,budget,27600.0,45,56,screen_scratch,0.58,fully_functional,11200.0,640.0,repair
DEV003596,pc,budget,125500.0,43,68,none,0.0,fully_functional,68140.0,0.0,sell
DEV003597,pc,mid,120600.0,7,86,screen_scratch,0.5,not_functional,78280.0,2770.0,sell
DEV003598,monitor,mid,54400.0,45,58,battery_issue,0.96,partially_functional,16520.0,4900.0,repair
DEV003599,laptop,budget,72000.0,19,94,none,0.0,fully_functional,55670.0,0.0,sell
DEV003600,phone,premium,151200.0,24,71,none,0.0,fully_functional,66720.0,0.0,sell
DEV003601,phone,budget,85400.0,33,80,keyboard_damage,0.83,not_functional,18930.0,5730.0,upgrade
DEV003602,laptop,budget,55200.0,113,15,none,0.0,fully_functional,5320.0,0.0,upgrade
DEV003603,phone,premium,130600.0,62,48,none,0.0,fully_functional,19560.0,0.0,upgrade
DEV003604,monitor,budget,14800.0,56,48,screen_crack,0.52,fully_functional,5610.0,3760.0,sell
DEV003605,phone,budget,32500.0,23,85,dead_pixel,0.6,not_functional,12110.0,2780.0,sell
DEV003606,phone,mid,25500.0,8,100,screen_scratch,0.82,not_functional,11690.0,1070.0,sell
DEV003607,phone,budget,61300.0,25,72,none,0.0,fully_functional,25320.0,0.0,sell
DEV003608,phone,budget,38500.0,36,80,none,0.0,fully_functional,12960.0,0.0,upgrade
DEV003609,phone,budget,26700.0,41,61,none,0.0,fully_functional,7330.0,0.0,upgrade
DEV003610,tablet,budget,18200.0,1,98,keyboard_damage,0.46,partially_functional,11770.0,1000.0,repair
DEV003611,phone,mid,101700.0,6,98,screen_crack,0.98,not_functional,45680.0,34770.0,sell
DEV003612,tablet,budget,51700.0,16,95,screen_crack,0.68,not_functional,23690.0,13530.0,sell
DEV003613,pc,mid,121000.0,39,65,screen_scratch,0.81,fully_functional,40140.0,5530.0,upgrade
DEV003614,tablet,premium,18000.0,34,63,body_damage,0.48,partially_functional,5940.0,1820.0,repair
DEV003615,tablet,budget,53800.0,6,83,none,0.0,fully_functional,44760.0,0.0,sell
DEV003616,laptop,budget,99100.0,19,78,battery_issue,0.5,fully_functional,52300.0,8270.0,repair
DEV003617,phone,budget,23800.0,15,96,body_damage,0.56,partially_functional,11100.0,3120.0,repair
DEV003618,phone,budget,71700.0,30,66,screen_scratch,0.84,partially_functional,17620.0,2800.0,repair
DEV003619,monitor,budget,32000.0,41,63,port_damage,0.89,partially_functional,10790.0,2580.0,repair
DEV003620,tablet,mid,36700.0,38,66,body_damage,0.16,not_functional,14560.0,2520.0,sell
DEV003621,phone,budget,37500.0,20,94,none,0.0,fully_functional,20650.0,0.0,sell
DEV003622,laptop,mid,147100.0,23,80,dead_pixel,0.85,not_functional,52200.0,19920.0,sell
DEV003623,pc,mid,58500.0,31,68,none,0.0,fully_functional,38250.0,0.0,sell
DEV003624,tablet,premium,42300.0,12,99,none,0.0,fully_functional,35060.0,0.0,sell
DEV003625,laptop,budget,141400.0,77,30,none,0.0,fully_functional,27950.0,0.0,upgrade
DEV003626,pc,budget,105900.0,15,95,screen_crack,0.51,fully_functional,66650.0,23790.0,sell
DEV003627,tablet,premium,75000.0,20,88,port_damage,0.18,partially_functional,43620.0,2620.0,repair
DEV003628,tablet,budget,49200.0,2,97,dead_pixel,0.71,not_functional,30540.0,7360.0,sell
DEV003629,phone,mid,59200.0,8,87,none,0.0,fully_functional,45530.0,0.0,sell
DEV003630,phone,mid,148300.0,26,74,none,0.0,fully_functional,65470.0,0.0,sell
DEV003631,monitor,mid,58300.0,57,61,battery_issue,0.48,not_functional,23170.0,4380.0,sell
DEV003632,laptop,budget,18200.0,23,100,dead_pixel,0.19,partially_functional,10820.0,1240.0,repair
DEV003633,laptop,budget,143500.0,7,78,screen_crack,0.76,not_functional,70870.0,35750.0,sell
DEV003634,laptop,mid,248900.0,50,64,screen_crack,0.61,not_functional,61380.0,64870.0,recycle
DEV003635,phone,mid,49000.0,11,95,screen_crack,0.63,partially_functional,23840.0,13050.0,sell
DEV003636,pc,mid,41200.0,57,54,body_damage,0.22,fully_functional,16230.0,3940.0,repair
DEV003637,phone,mid,23900.0,50,54,port_damage,0.77,not_functional,2980.0,1610.0,recycle
DEV003638,pc,premium,249100.0,16,91,screen_crack,0.83,not_functional,123460.0,71280.0,sell
DEV003639,laptop,premium,120800.0,47,70,screen_crack,0.24,partially_functional,40640.0,21270.0,sell
DEV003640,phone,mid,69100.0,36,63,battery_issue,0.35,partially_functional,19660.0,5730.0,repair
DEV003641,phone,budget,40700.0,70,37,screen_scratch,0.88,not_functional,2540.0,1720.0,repair
DEV003642,pc,mid,163600.0,63,25,screen_scratch,0.82,partially_functional,35890.0,5180.0,repair
DEV003643,phone,mid,118600.0,47,46,none,0.0,fully_functional,27460.0,0.0,upgrade
DEV003644,phone,mid,93600.0,26,73,battery_issue,0.99,partially_functional,22030.0,11560.0,sell
DEV003645,pc,budget,75600.0,37,72,none,0.0,fully_functional,45690.0,0.0,sell
DEV003646,laptop,mid,80500.0,34,73,port_damage,0.51,partially_functional,33620.0,3760.0,repair
DEV003647,laptop,budget,153800.0,28,72,none,0.0,fully_functional,84730.0,0.0,sell
DEV003648,phone,budget,63800.0,29,71,body_damage,0.72,partially_functional,15130.0,9890.0,sell
DEV003649,pc,premium,196400.0,100,15,battery_issue,0.46,partially_functional,33630.0,18670.0,recycle
DEV003650,phone,mid,31200.0,22,89,screen_crack,0.58,partially_functional,11920.0,5760.0,sell
DEV003651,phone,mid,36300.0,19,70,none,0.0,fully_functional,19700.0,0.0,sell
DEV003652,phone,mid,113700.0,40,62,port_damage,1.0,fully_functional,15350.0,9780.0,upgrade
DEV003653,phone,mid,19700.0,14,89,none,0.0,fully_functional,12580.0,0.0,sell
DEV003654,phone,budget,58600.0,32,62,screen_crack,0.51,not_functional,14960.0,12610.0,recycle
DEV003655,phone,mid,62700.0,21,75,screen_scratch,0.56,fully_functional,22240.0,2220.0,sell
DEV003656,phone,budget,90100.0,19,82,none,0.0,fully_functional,49460.0,0.0,sell
DEV003657,laptop,mid,238200.0,17,83,body_damage,0.67,not_functional,112960.0,32630.0,sell
DEV003658,pc,budget,133900.0,54,48,screen_scratch,0.44,fully_functional,44260.0,2750.0,repair
DEV003659,phone,premium,191900.0,21,78,battery_issue,0.92,not_functional,51620.0,23300.0,sell
DEV003660,phone,mid,136700.0,48,44,battery_issue,0.23,fully_functional,26670.0,9650.0,recycle
DEV003661,monitor,mid,31300.0,47,50,battery_issue,0.99,fully_functional,8020.0,2950.0,sell
DEV003662,pc,budget,124700.0,9,90,none,0.0,fully_functional,103610.0,0.0,sell
DEV003663,tablet,budget,14000.0,15,81,none,0.0,fully_functional,10820.0,0.0,sell
DEV003664,phone,mid,17700.0,12,100,screen_crack,0.81,partially_functional,7290.0,4890.0,sell
DEV003665,laptop,mid,224800.0,52,44,body_damage,0.65,not_functional,44610.0,27680.0,sell
DEV003666,phone,mid,28800.0,49,57,none,0.0,fully_functional,5850.0,0.0,upgrade
DEV003667,phone,premium,91400.0,26,85,none,0.0,fully_functional,37560.0,0.0,sell
DEV003668,laptop,mid,248000.0,26,60,none,0.0,fully_functional,147320.0,0.0,sell
DEV003669,laptop,mid,58300.0,15,88,keyboard_damage,0.37,partially_functional,34750.0,2740.0,repair
DEV003670,laptop,mid,133100.0,3,93,none,0.0,fully_functional,116970.0,0.0,sell
DEV003671,tablet,mid,21200.0,24,87,battery_issue,0.55,fully_functional,9350.0,1480.0,repair
DEV003672,phone,mid,20000.0,24,84,screen_crack,0.33,partially_functional,8730.0,3530.0,sell
DEV003673,phone,mid,54400.0,18,89,screen_scratch,0.33,partially_functional,26120.0,1460.0,repair
DEV003674,pc,budget,90200.0,53,33,screen_crack,0.91,fully_functional,22410.0,30710.0,repair
DEV003675,pc,budget,127800.0,49,68,battery_issue,0.76,not_functional,38980.0,13950.0,sell
DEV003676,phone,budget,22600.0,42,59,battery_issue,0.6,not_functional,3960.0,1850.0,upgrade
DEV003677,laptop,premium,119200.0,120,15,screen_scratch,0.77,partially_functional,6730.0,4630.0,recycle
DEV003678,phone,mid,54200.0,16,80,screen_crack,0.97,not_functional,16060.0,16590.0,recycle
DEV003679,phone,budget,60200.0,48,60,battery_issue,0.69,not_functional,8630.0,6480.0,recycle
DEV003680,tablet,mid,74700.0,0,85,body_damage,0.48,fully_functional,57030.0,9330.0,repair
DEV003681,phone,mid,42100.0,22,80,dead_pixel,0.97,fully_functional,10930.0,7720.0,sell
DEV003682,laptop,premium,121000.0,59,43,none,0.0,fully_functional,34160.0,0.0,upgrade
DEV003683,laptop,premium,88100.0,8,83,screen_crack,0.53,partially_functional,52460.0,17390.0,repair
DEV003684,phone,premium,170300.0,50,38,screen_crack,0.21,partially_functional,28990.0,21760.0,recycle
DEV003685,phone,premium,105400.0,6,100,screen_crack,0.59,fully_functional,63230.0,25870.0,sell
DEV003686,phone,budget,46600.0,42,57,screen_crack,0.9,not_functional,6940.0,9330.0,recycle
DEV003687,monitor,budget,20100.0,40,53,screen_scratch,0.38,partially_functional,9250.0,500.0,repair
DEV003688,tablet,mid,59600.0,27,61,screen_scratch,0.69,not_functional,20540.0,1940.0,sell
DEV003689,laptop,mid,70400.0,32,60,battery_issue,0.43,fully_functional,27760.0,4600.0,repair
DEV003690,phone,budget,20000.0,22,85,body_damage,0.44,partially_functional,8130.0,2300.0,repair
DEV003691,tablet,mid,19700.0,58,37,port_damage,0.71,partially_functional,3150.0,1010.0,repair
DEV003692,phone,budget,67100.0,40,51,screen_scratch,0.86,fully_functional,10280.0,2090.0,repair
DEV003693,laptop,budget,113400.0,105,15,screen_scratch,0.45,fully_functional,9900.0,3470.0,recycle
DEV003694,pc,budget,75800.0,24,74,none,0.0,fully_functional,49170.0,0.0,sell
DEV003695,laptop,premium,119500.0,35,74,none,0.0,fully_functional,66800.0,0.0,sell
DEV003696,phone,mid,100800.0,21,85,none,0.0,fully_functional,46350.0,0.0,sell
DEV003697,phone,mid,57800.0,29,77,none,0.0,fully_functional,22950.0,0.0,sell
DEV003698,phone,premium,116900.0,19,92,none,0.0,fully_functional,68230.0,0.0,sell
DEV003699,laptop,premium,128700.0,46,53,screen_crack,0.45,partially_functional,38510.0,29220.0,sell
DEV003700,pc,budget,74900.0,134,15,screen_crack,0.77,fully_functional,6520.0,26230.0,recycle
DEV003701,phone,mid,139100.0,14,80,body_damage,0.48,fully_functional,64600.0,17160.0,repair
DEV003702,laptop,budget,37100.0,29,78,screen_crack,0.95,partially_functional,10770.0,12820.0,recycle
DEV003703,tablet,mid,61100.0,25,82,none,0.0,fully_functional,32510.0,0.0,sell
DEV003704,phone,budget,56500.0,44,57,none,0.0,fully_functional,13260.0,0.0,upgrade
DEV003705,phone,mid,28100.0,9,88,none,0.0,fully_functional,21900.0,0.0,sell
DEV003706,phone,mid,32500.0,71,35,none,0.0,fully_functional,3630.0,0.0,upgrade
DEV003707,tablet,budget,54100.0,42,55,keyboard_damage,0.86,partially_functional,11420.0,4730.0,sell
DEV003708,laptop,mid,68400.0,21,98,screen_scratch,0.88,not_functional,27000.0,2620.0,sell
DEV003709,tablet,mid,69800.0,36,74,keyboard_damage,0.41,not_functional,24840.0,4020.0,sell
DEV003710,pc,mid,138400.0,48,41,screen_crack,0.19,partially_functional,55510.0,17500.0,upgrade
DEV003711,pc,budget,77700.0,144,15,keyboard_damage,0.27,fully_functional,8290.0,3960.0,recycle
DEV003712,monitor,budget,37700.0,30,67,screen_scratch,0.34,fully_functional,21510.0,880.0,repair
DEV003713,pc,budget,23300.0,46,58,screen_crack,0.73,partially_functional,7170.0,6460.0,recycle
DEV003714,pc,premium,117400.0,56,40,screen_crack,0.31,fully_functional,43050.0,17720.0,sell
DEV003715,pc,premium,138100.0,33,69,body_damage,0.44,fully_functional,64590.0,16080.0,repair
DEV003716,tablet,budget,48000.0,21,76,screen_crack,0.67,partially_functional,20640.0,7900.0,sell
DEV003717,pc,mid,49500.0,63,38,none,0.0,fully_functional,17930.0,0.0,sell
DEV003718,monitor,mid,10200.0,76,38,screen_crack,0.56,partially_functional,2630.0,2100.0,upgrade
DEV003719,laptop,premium,293300.0,59,54,screen_crack,0.95,partially_functional,45920.0,83300.0,recycle
DEV003720,tablet,budget,14600.0,24,77,screen_crack,0.74,partially_functional,5180.0,1930.0,sell
DEV003721,laptop,mid,103500.0,63,22,none,0.0,fully_functional,25430.0,0.0,upgrade
DEV003722,pc,mid,107400.0,54,55,none,0.0,fully_functional,48230.0,0.0,sell
DEV003723,laptop,budget,29200.0,21,95,screen_crack,0.75,partially_functional,11960.0,6950.0,upgrade
DEV003724,pc,budget,57100.0,28,85,none,0.0,fully_functional,38370.0,0.0,sell
DEV003725,pc,budget,102800.0,53,51,none,0.0,fully_functional,41180.0,0.0,sell
DEV003726,monitor,mid,20600.0,60,43,keyboard_damage,0.46,partially_functional,7730.0,1240.0,repair
DEV003727,phone,mid,12300.0,72,34,body_damage,0.55,partially_functional,900.0,1640.0,recycle
DEV003728,tablet,mid,40500.0,33,74,body_damage,0.43,partially_functional,15380.0,4700.0,repair
DEV003729,pc,budget,24900.0,91,15,body_damage,0.83,not_functional,3240.0,4300.0,recycle
DEV003730,monitor,premium,14800.0,70,36,keyboard_damage,0.89,partially_functional,3140.0,1110.0,sell
DEV003731,monitor,budget,28400.0,23,76,screen_scratch,0.82,partially_functional,12490.0,980.0,repair
DEV003732,laptop,premium,301100.0,4,88,keyboard_damage,0.29,partially_functional,251620.0,12470.0,repair
DEV003733,laptop,budget,23100.0,39,59,keyboard_damage,0.24,not_functional,8970.0,1130.0,sell
DEV003734,phone,premium,155200.0,17,84,none,0.0,fully_functional,93670.0,0.0,sell
DEV003735,monitor,premium,14700.0,114,15,body_damage,0.66,not_functional,2280.0,1950.0,recycle
DEV003736,phone,premium,90900.0,32,68,none,0.0,fully_functional,33080.0,0.0,repair
DEV003737,tablet,premium,62400.0,47,64,none,0.0,fully_functional,21310.0,0.0,upgrade
DEV003738,pc,budget,51300.0,12,100,body_damage,0.22,not_functional,40090.0,4840.0,sell
DEV003739,laptop,mid,201800.0,7,96,body_damage,0.37,fully_functional,151890.0,23000.0,repair
DEV003740,phone,mid,106100.0,19,84,none,0.0,fully_functional,57820.0,0.0,sell
DEV003741,phone,mid,124800.0,57,36,dead_pixel,0.82,partially_functional,11800.0,17300.0,recycle
DEV003742,pc,premium,87700.0,20,91,none,0.0,fully_functional,65670.0,0.0,sell
DEV003743,laptop,budget,116600.0,33,74,dead_pixel,0.82,not_functional,34360.0,15760.0,sell
DEV003744,phone,mid,117800.0,49,64,none,0.0,fully_functional,27600.0,0.0,upgrade
DEV003745,tablet,premium,85700.0,0,92,screen_scratch,0.23,not_functional,75640.0,1650.0,sell
DEV003746,phone,budget,79000.0,39,51,none,0.0,fully_functional,22600.0,0.0,upgrade
DEV003747,pc,budget,52400.0,32,70,port_damage,0.33,fully_functional,26870.0,2100.0,repair
DEV003748,phone,budget,59400.0,12,82,none,0.0,fully_functional,38220.0,0.0,sell
DEV003749,phone,mid,91700.0,37,69,battery_issue,0.85,not_functional,17300.0,9840.0,upgrade
DEV003750,phone,premium,170800.0,45,50,none,0.0,fully_functional,42120.0,0.0,upgrade
DEV003751,laptop,budget,108300.0,31,76,none,0.0,fully_functional,59730.0,0.0,sell
DEV003752,laptop,mid,108700.0,23,86,body_damage,0.5,fully_functional,51370.0,12990.0,repair
DEV003753,pc,mid,100100.0,75,25,screen_scratch,0.58,not_functional,21400.0,3690.0,upgrade
DEV003754,laptop,mid,27700.0,115,15,screen_scratch,0.44,not_functional,2060.0,760.0,recycle
DEV003755,phone,mid,128700.0,10,79,none,0.0,fully_functional,95640.0,0.0,sell
DEV003756,phone,premium,181200.0,22,90,screen_scratch,0.39,fully_functional,78900.0,6010.0,repair
DEV003757,phone,budget,19300.0,42,54,screen_crack,0.22,fully_functional,4310.0,2500.0,upgrade
DEV003758,monitor,budget,41400.0,68,31,body_damage,0.64,partially_functional,11480.0,4870.0,sell
DEV003759,phone,mid,49500.0,10,95,screen_scratch,0.95,partially_functional,17390.0,2250.0,repair
DEV003760,monitor,mid,58800.0,9,82,none,0.0,fully_functional,54200.0,0.0,sell
DEV003761,phone,mid,8100.0,33,75,none,0.0,fully_functional,2960.0,0.0,upgrade
DEV003762,phone,budget,44000.0,26,73,none,0.0,fully_functional,19510.0,0.0,sell
DEV003763,phone,budget,10100.0,15,79,keyboard_damage,0.79,partially_functional,4030.0,730.0,repair
DEV003764,phone,premium,135000.0,46,56,dead_pixel,0.29,fully_functional,26330.0,12020.0,upgrade
DEV003765,pc,budget,133000.0,38,66,screen_scratch,0.17,fully_functional,69470.0,2170.0,repair
DEV003766,laptop,mid,176900.0,47,65,screen_scratch,0.46,partially_functional,49670.0,3570.0,repair
DEV003767,phone,mid,135300.0,1,91,body_damage,0.81,partially_functional,70440.0,14510.0,repair
DEV003768,tablet,budget,11800.0,39,67,dead_pixel,0.39,fully_functional,3950.0,1090.0,repair
DEV003769,tablet,budget,38600.0,47,47,none,0.0,fully_functional,12710.0,0.0,upgrade
DEV003770,monitor,budget,22600.0,24,71,body_damage,0.32,fully_functional,12170.0,1860.0,repair
DEV003771,monitor,mid,48600.0,37,63,none,0.0,fully_functional,30870.0,0.0,sell
DEV003772,tablet,budget,45300.0,41,52,body_damage,0.87,partially_functional,9550.0,7370.0,sell
DEV003773,pc,mid,104100.0,4,100,battery_issue,0.46,partially_functional,79250.0,8030.0,repair
DEV003774,pc,budget,139800.0,28,74,none,0.0,fully_functional,93010.0,0.0,sell
DEV003775,laptop,budget,142600.0,47,53,dead_pixel,0.62,partially_functional,37870.0,11680.0,repair
DEV003776,tablet,budget,35700.0,34,57,none,0.0,fully_functional,16550.0,0.0,sell
DEV003777,phone,budget,52400.0,25,92,body_damage,0.76,not_functional,15740.0,5720.0,sell
DEV003778,pc,budget,97200.0,61,49,none,0.0,fully_functional,41240.0,0.0,sell
DEV003779,monitor,premium,75000.0,168,15,dead_pixel,0.45,fully_functional,8360.0,5540.0,recycle
DEV003780,phone,budget,44600.0,26,78,port_damage,0.25,fully_functional,16390.0,1810.0,repair
DEV003781,pc,mid,191600.0,90,27,screen_crack,0.99,partially_functional,24370.0,68640.0,recycle
DEV003782,monitor,mid,44000.0,35,70,dead_pixel,0.85,partially_functional,15380.0,6680.0,sell
DEV003783,phone,mid,115500.0,15,70,keyboard_damage,0.94,not_functional,37590.0,9840.0,sell
DEV003784,laptop,mid,207600.0,10,77,screen_scratch,0.95,fully_functional,81620.0,8440.0,repair
DEV003785,monitor,budget,31600.0,47,73,none,0.0,fully_functional,16270.0,0.0,sell
DEV003786,monitor,mid,30400.0,35,49,body_damage,0.46,not_functional,13240.0,3390.0,repair
DEV003787,phone,budget,70800.0,20,75,keyboard_damage,0.87,fully_functional,20570.0,5940.0,sell
DEV003788,phone,mid,38900.0,27,71,screen_crack,0.36,partially_functional,13840.0,7200.0,sell
DEV003789,tablet,budget,41500.0,4,100,screen_scratch,0.99,partially_functional,20580.0,1820.0,repair
DEV003790,phone,mid,148500.0,19,95,screen_scratch,0.38,partially_functional,72360.0,5080.0,repair
DEV003791,phone,mid,147400.0,34,66,battery_issue,0.88,not_functional,28480.0,18310.0,upgrade
DEV003792,phone,mid,108300.0,8,82,none,0.0,fully_functional,78250.0,0.0,sell
DEV003793,phone,budget,58900.0,38,64,none,0.0,fully_functional,16070.0,0.0,upgrade
DEV003794,laptop,mid,241000.0,13,92,dead_pixel,0.32,fully_functional,152230.0,19740.0,repair
DEV003795,tablet,mid,84700.0,62,46,body_damage,0.46,not_functional,15390.0,11090.0,upgrade
DEV003796,tablet,mid,65900.0,53,62,none,0.0,fully_functional,20110.0,0.0,upgrade
DEV003797,pc,budget,48500.0,22,73,screen_crack,0.52,fully_functional,26420.0,10120.0,sell
DEV003798,laptop,budget,56100.0,9,87,none,0.0,fully_functional,47320.0,0.0,sell
DEV003799,phone,budget,60500.0,6,90,port_damage,0.46,partially_functional,38290.0,2710.0,repair
DEV003800,phone,mid,106700.0,43,70,keyboard_damage,0.77,partially_functional,17260.0,8880.0,upgrade
DEV003801,phone,mid,66800.0,35,60,battery_issue,0.22,partially_functional,17890.0,3080.0,repair
DEV003802,phone,mid,92700.0,11,87,none,0.0,fully_functional,62570.0,0.0,sell
DEV003803,phone,mid,99100.0,5,94,screen_scratch,0.33,partially_functional,67100.0,2530.0,repair
DEV003804,phone,mid,92000.0,32,66,screen_scratch,0.8,not_functional,22570.0,4310.0,sell
DEV003805,phone,mid,37700.0,27,65,none,0.0,fully_functional,17240.0,0.0,sell
DEV003806,tablet,mid,76400.0,9,97,screen_scratch,0.7,fully_functional,38450.0,1810.0,repair
DEV003807,tablet,mid,57800.0,8,88,screen_crack,0.2,partially_functional,43500.0,8280.0,repair
DEV003808,monitor,budget,38900.0,66,45,dead_pixel,0.74,partially_functional,9830.0,4290.0,sell
DEV003809,pc,premium,75500.0,53,51,screen_scratch,0.93,not_functional,18370.0,2790.0,sell
DEV003810,laptop,premium,211200.0,64,39,body_damage,0.42,not_functional,41580.0,24720.0,upgrade
DEV003811,phone,mid,47200.0,17,85,screen_crack,0.36,fully_functional,22650.0,7610.0,repair
DEV003812,laptop,premium,349300.0,120,15,body_damage,0.74,fully_functional,19510.0,40100.0,recycle
DEV003813,phone,premium,103300.0,18,88,none,0.0,fully_functional,60840.0,0.0,sell
DEV003814,laptop,mid,217400.0,27,90,port_damage,0.91,not_functional,73440.0,17040.0,sell
DEV003815,laptop,mid,214900.0,32,68,none,0.0,fully_functional,111370.0,0.0,sell
DEV003816,laptop,mid,74200.0,54,55,screen_scratch,0.36,fully_functional,19010.0,1630.0,repair
DEV003817,phone,budget,86300.0,5,87,screen_crack,0.4,partially_functional,53790.0,15800.0,repair
DEV003818,tablet,budget,8300.0,25,76,screen_scratch,0.2,partially_functional,4120.0,200.0,repair
DEV003819,pc,mid,55500.0,48,60,body_damage,0.26,not_functional,23440.0,5350.0,sell
DEV003820,pc,mid,158900.0,21,75,screen_scratch,0.44,fully_functional,86650.0,4770.0,repair
DEV003821,tablet,budget,7700.0,27,83,keyboard_damage,0.2,partially_functional,3680.0,340.0,repair
DEV003822,laptop,mid,29600.0,64,37,none,0.0,fully_functional,7530.0,0.0,upgrade
DEV003823,phone,mid,87400.0,31,78,keyboard_damage,0.92,not_functional,19480.0,7190.0,sell
DEV003824,tablet,mid,24800.0,34,68,battery_issue,0.6,not_functional,7070.0,2480.0,sell
DEV003825,laptop,budget,160300.0,21,84,battery_issue,0.53,partially_functional,71840.0,8660.0,repair
DEV003826,phone,mid,125700.0,24,83,screen_scratch,0.69,partially_functional,40040.0,3110.0,repair
DEV003827,phone,budget,74100.0,4,100,screen_crack,0.16,partially_functional,55200.0,8850.0,repair
DEV003828,monitor,budget,31600.0,106,15,port_damage,0.64,partially_functional,5120.0,1570.0,repair
DEV003829,tablet,budget,18000.0,14,88,none,0.0,fully_functional,14460.0,0.0,sell
DEV003830,laptop,budget,36500.0,11,78,battery_issue,0.18,partially_functional,26120.0,1570.0,repair
DEV003831,tablet,budget,58000.0,46,44,screen_crack,0.55,partially_functional,15660.0,14190.0,recycle
DEV003832,laptop,mid,50700.0,26,59,screen_crack,0.32,fully_functional,21300.0,12060.0,sell
DEV003833,laptop,mid,62300.0,15,91,screen_scratch,0.8,not_functional,30580.0,2180.0,sell
DEV003834,phone,budget,56400.0,23,74,battery_issue,0.85,fully_functional,14540.0,4700.0,repair
DEV003835,laptop,premium,317000.0,63,36,port_damage,0.2,fully_functional,76690.0,10200.0,sell
DEV003836,tablet,mid,54200.0,23,72,none,0.0,fully_functional,27800.0,0.0,sell
DEV003837,phone,premium,89000.0,15,89,port_damage,0.37,not_functional,46480.0,3900.0,sell
DEV003838,pc,mid,191000.0,9,92,none,0.0,fully_functional,170240.0,0.0,repair
DEV003839,phone,budget,72000.0,72,29,keyboard_damage,0.68,not_functional,4730.0,4800.0,recycle
DEV003840,tablet,premium,57000.0,29,81,port_damage,0.46,fully_functional,21430.0,2830.0,repair
DEV003841,tablet,premium,57600.0,13,99,keyboard_damage,0.21,not_functional,38970.0,3360.0,sell
DEV003842,tablet,mid,89100.0,30,59,battery_issue,0.8,fully_functional,25880.0,8560.0,repair
DEV003843,tablet,mid,77100.0,23,76,dead_pixel,0.76,partially_functional,26270.0,9540.0,sell
DEV003844,monitor,mid,20800.0,104,15,screen_crack,0.2,partially_functional,4850.0,3370.0,sell
DEV003845,laptop,mid,205500.0,69,37,none,0.0,fully_functional,47440.0,0.0,upgrade
DEV003846,tablet,mid,30700.0,21,63,none,0.0,fully_functional,18260.0,0.0,repair
DEV003847,tablet,mid,86800.0,57,42,screen_scratch,0.79,partially_functional,12620.0,3360.0,repair
DEV003848,phone,budget,31600.0,3,100,none,0.0,fully_functional,28160.0,0.0,sell
DEV003849,phone,budget,70300.0,12,93,screen_crack,0.75,partially_functional,30860.0,22920.0,sell
DEV003850,laptop,budget,153000.0,56,67,screen_crack,0.75,partially_functional,30540.0,40850.0,recycle
DEV003851,phone,budget,6400.0,26,83,screen_crack,0.89,not_functional,1520.0,2370.0,recycle
DEV003852,laptop,budget,29900.0,58,48,screen_scratch,0.25,partially_functional,8060.0,640.0,repair
DEV003853,laptop,premium,369300.0,23,85,none,0.0,fully_functional,243490.0,0.0,sell
DEV003854,tablet,budget,9100.0,50,54,screen_scratch,0.64,not_functional,2020.0,240.0,upgrade
DEV003855,phone,budget,77100.0,28,80,none,0.0,fully_functional,32120.0,0.0,sell
DEV003856,pc,budget,58100.0,106,15,screen_scratch,0.75,not_functional,7450.0,1550.0,recycle
DEV003857,laptop,mid,83600.0,67,39,dead_pixel,0.67,not_functional,14290.0,11460.0,recycle
DEV003858,tablet,mid,18100.0,52,43,none,0.0,fully_functional,5460.0,0.0,upgrade
DEV003859,phone,mid,100400.0,50,35,screen_scratch,0.47,fully_functional,15890.0,2080.0,repair
DEV003860,laptop,premium,197900.0,78,33,none,0.0,fully_functional,38500.0,0.0,upgrade
DEV003861,phone,premium,26800.0,5,100,screen_scratch,0.54,fully_functional,17490.0,940.0,repair
DEV003862,tablet,premium,28100.0,70,45,screen_scratch,0.28,fully_functional,5070.0,640.0,repair
DEV003863,phone,premium,163200.0,65,53,body_damage,0.62,partially_functional,16370.0,24090.0,recycle
DEV003864,monitor,budget,8900.0,44,58,none,0.0,fully_functional,4430.0,0.0,sell
DEV003865,phone,mid,37200.0,27,72,body_damage,0.51,partially_functional,11860.0,4900.0,sell
DEV003866,laptop,budget,87900.0,119,15,none,0.0,fully_functional,7900.0,0.0,upgrade
DEV003867,phone,mid,101300.0,6,100,dead_pixel,0.4,partially_functional,72360.0,8000.0,repair
DEV003868,tablet,budget,43800.0,59,61,body_damage,0.3,partially_functional,9760.0,4230.0,upgrade
DEV003869,laptop,budget,25900.0,24,86,none,0.0,fully_functional,16360.0,0.0,sell
DEV003870,laptop,budget,63700.0,29,81,none,0.0,fully_functional,36780.0,0.0,sell
DEV003871,phone,mid,60600.0,24,73,dead_pixel,0.75,not_functional,18710.0,7070.0,sell
DEV003872,phone,mid,43400.0,19,84,body_damage,0.25,fully_functional,21450.0,3880.0,repair
DEV003873,phone,budget,44400.0,23,69,none,0.0,fully_functional,21230.0,0.0,sell
DEV003874,monitor,mid,7800.0,94,15,screen_crack,0.31,fully_functional,1880.0,1230.0,upgrade
DEV003875,laptop,budget,163900.0,12,80,screen_crack,0.48,fully_functional,99440.0,38770.0,sell
DEV003876,phone,mid,25700.0,55,44,body_damage,0.31,partially_functional,4020.0,2670.0,recycle
DEV003877,monitor,budget,15800.0,15,84,none,0.0,fully_functional,13610.0,0.0,sell
DEV003878,phone,budget,90200.0,8,95,screen_crack,0.48,partially_functional,55800.0,24190.0,sell
DEV003879,laptop,mid,163200.0,27,75,screen_crack,0.24,fully_functional,82350.0,29550.0,sell
DEV003880,tablet,mid,53700.0,2,92,none,0.0,fully_functional,48860.0,0.0,sell
DEV003881,monitor,premium,15600.0,41,49,none,0.0,fully_functional,8430.0,0.0,sell
DEV003882,tablet,mid,20600.0,16,81,screen_crack,0.73,fully_functional,9390.0,4960.0,sell
DEV003883,laptop,premium,116500.0,18,79,port_damage,0.55,not_functional,60300.0,6910.0,sell
DEV003884,monitor,budget,36100.0,75,35,keyboard_damage,0.6,not_functional,9690.0,1910.0,sell
DEV003885,phone,budget,18000.0,18,82,battery_issue,0.59,partially_functional,7290.0,1450.0,repair
DEV003886,monitor,premium,46800.0,22,88,screen_crack,0.17,not_functional,33440.0,5730.0,sell
DEV003887,pc,budget,114500.0,144,15,screen_scratch,0.73,partially_functional,10090.0,4410.0,recycle
DEV003888,monitor,mid,49900.0,41,70,screen_scratch,0.98,partially_functional,15920.0,2070.0,repair
DEV003889,phone,budget,102300.0,9,91,keyboard_damage,0.93,fully_functional,40350.0,7310.0,repair
DEV003890,phone,mid,33500.0,15,87,dead_pixel,0.84,fully_functional,12510.0,5590.0,sell
DEV003891,tablet,budget,13700.0,10,90,battery_issue,0.78,not_functional,6100.0,1520.0,sell
DEV003892,laptop,mid,140100.0,9,88,screen_crack,0.43,partially_functional,87250.0,30960.0,sell
DEV003893,laptop,mid,200600.0,120,15,body_damage,0.96,partially_functional,8020.0,35690.0,recycle
DEV003894,monitor,budget,19400.0,78,31,none,0.0,fully_functional,6720.0,0.0,upgrade
DEV003895,tablet,budget,45700.0,10,86,screen_scratch,0.36,fully_functional,28210.0,1260.0,repair
DEV003896,phone,budget,75300.0,71,34,none,0.0,fully_functional,7200.0,0.0,upgrade
DEV003897,laptop,budget,116200.0,11,84,screen_scratch,0.37,partially_functional,78160.0,3880.0,repair
DEV003898,phone,budget,5800.0,7,96,battery_issue,0.23,fully_functional,4050.0,430.0,repair
DEV003899,phone,premium,155500.0,25,75,screen_crack,0.93,not_functional,37220.0,45210.0,recycle
DEV003900,phone,budget,78900.0,6,89,none,0.0,fully_functional,61570.0,0.0,sell
DEV003901,pc,mid,126100.0,35,75,dead_pixel,0.44,fully_functional,61310.0,9840.0,repair
DEV003902,tablet,mid,69200.0,43,67,keyboard_damage,0.88,not_functional,15660.0,4780.0,sell
DEV003903,laptop,budget,158000.0,75,44,none,0.0,fully_functional,34540.0,0.0,upgrade
DEV003904,laptop,budget,47100.0,97,18,none,0.0,fully_functional,6200.0,0.0,upgrade
DEV003905,tablet,mid,74800.0,11,78,port_damage,0.25,fully_functional,44120.0,2530.0,repair
DEV003906,pc,mid,78300.0,24,74,port_damage,0.37,not_functional,43810.0,3710.0,sell
DEV003907,pc,premium,214600.0,90,15,dead_pixel,0.2,not_functional,50120.0,14690.0,upgrade
DEV003908,laptop,mid,233700.0,41,71,none,0.0,fully_functional,107400.0,0.0,sell
DEV003909,pc,mid,165700.0,49,53,screen_crack,0.57,fully_functional,58030.0,38520.0,sell
DEV003910,laptop,premium,200400.0,91,16,none,0.0,fully_functional,31700.0,0.0,upgrade
DEV003911,laptop,premium,316900.0,55,55,screen_scratch,0.96,partially_functional,50580.0,18500.0,upgrade
DEV003912,pc,premium,253200.0,14,83,keyboard_damage,0.69,partially_functional,128070.0,18660.0,repair
DEV003913,laptop,budget,96800.0,54,56,none,0.0,fully_functional,32110.0,0.0,sell
DEV003914,laptop,premium,92300.0,19,68,body_damage,0.93,not_functional,33630.0,15630.0,sell
DEV003915,phone,premium,138300.0,15,96,none,0.0,fully_functional,95660.0,0.0,sell
DEV003916,laptop,mid,227100.0,38,57,screen_crack,0.95,not_functional,46780.0,81690.0,recycle
DEV003917,laptop,mid,125800.0,14,87,screen_crack,0.86,not_functional,53730.0,26760.0,sell
DEV003918,tablet,premium,77100.0,34,69,keyboard_damage,0.33,fully_functional,30780.0,4150.0,repair
DEV003919,laptop,mid,191500.0,27,71,none,0.0,fully_functional,112020.0,0.0,sell
DEV003920,phone,mid,127800.0,14,87,none,0.0,fully_functional,84860.0,0.0,sell
DEV003921,pc,mid,75700.0,24,72,none,0.0,fully_functional,51680.0,0.0,sell
DEV003922,phone,mid,63500.0,22,66,body_damage,0.96,fully_functional,13470.0,10420.0,sell
DEV003923,monitor,mid,47600.0,36,69,dead_pixel,0.77,partially_functional,20390.0,4510.0,repair
DEV003924,phone,budget,60200.0,12,90,screen_scratch,0.72,partially_functional,27390.0,1670.0,repair
DEV003925,laptop,budget,25500.0,40,71,keyboard_damage,0.83,partially_functional,6300.0,1940.0,repair
DEV003926,laptop,budget,65300.0,44,55,none,0.0,fully_functional,24990.0,0.0,sell
DEV003927,pc,mid,195200.0,144,15,none,0.0,fully_functional,25900.0,0.0,upgrade
DEV003928,phone,mid,132800.0,51,48,screen_crack,0.65,not_functional,18200.0,34810.0,recycle
DEV003929,monitor,premium,64200.0,35,66,none,0.0,fully_functional,37740.0,0.0,sell
DEV003930,laptop,mid,243600.0,6,87,body_damage,0.82,not_functional,117720.0,30370.0,sell
DEV003931,laptop,mid,243800.0,18,70,none,0.0,fully_functional,163990.0,0.0,sell
DEV003932,laptop,budget,72100.0,11,87,port_damage,0.51,not_functional,41050.0,3940.0,recycle
DEV003933,phone,mid,10600.0,72,44,dead_pixel,0.34,partially_functional,860.0,790.0,recycle
DEV003934,laptop,premium,240700.0,56,45,none,0.0,fully_functional,69800.0,0.0,upgrade
DEV003935,phone,mid,111400.0,43,60,screen_scratch,0.84,not_functional,16760.0,3790.0,upgrade
DEV003936,phone,premium,70200.0,5,100,none,0.0,fully_functional,55920.0,0.0,sell
DEV003937,tablet,premium,114800.0,35,59,screen_scratch,0.76,not_functional,33290.0,4480.0,sell
DEV003938,laptop,budget,121800.0,105,15,none,0.0,fully_functional,14270.0,0.0,upgrade
DEV003939,phone,mid,35100.0,53,53,body_damage,0.39,fully_functional,5630.0,4020.0,recycle
DEV003940,phone,mid,52800.0,17,78,screen_crack,0.98,partially_functional,15590.0,13800.0,repair
DEV003941,phone,mid,122900.0,13,92,screen_crack,0.2,not_functional,70020.0,18800.0,sell
DEV003942,phone,budget,51500.0,55,47,body_damage,0.18,fully_functional,7920.0,4180.0,recycle
DEV003943,tablet,budget,38200.0,83,15,screen_scratch,0.78,not_functional,3460.0,1220.0,upgrade
DEV003944,phone,budget,40300.0,46,68,none,0.0,fully_functional,9470.0,0.0,upgrade
DEV003945,pc,mid,36000.0,29,81,battery_issue,0.63,fully_functional,16360.0,3800.0,repair
DEV003946,phone,budget,40000.0,6,96,screen_crack,0.51,fully_functional,24470.0,8790.0,sell
DEV003947,phone,mid,108200.0,11,82,battery_issue,0.85,partially_functional,42730.0,11810.0,repair
DEV003948,pc,mid,58400.0,24,94,none,0.0,fully_functional,42650.0,0.0,sell
DEV003949,phone,mid,69900.0,52,37,screen_scratch,0.48,not_functional,9720.0,2020.0,recycle
DEV003950,laptop,premium,233100.0,41,66,body_damage,0.68,partially_functional,64120.0,30410.0,sell
DEV003951,monitor,mid,33600.0,91,15,screen_scratch,0.95,not_functional,5180.0,1460.0,upgrade
DEV003952,monitor,budget,31000.0,44,60,none,0.0,fully_functional,17350.0,0.0,sell
DEV003953,tablet,premium,20000.0,95,22,none,0.0,fully_functional,2140.0,0.0,upgrade
DEV003954,phone,premium,117900.0,72,44,port_damage,0.85,not_functional,6790.0,7660.0,recycle
DEV003955,laptop,mid,218000.0,43,60,none,0.0,fully_functional,86220.0,0.0,sell
DEV003956,monitor,mid,21300.0,112,15,none,0.0,fully_functional,4920.0,0.0,upgrade
DEV003957,monitor,budget,25100.0,9,98,none,0.0,fully_functional,22720.0,0.0,sell
DEV003958,phone,mid,61900.0,27,78,screen_crack,0.61,not_functional,17670.0,18320.0,recycle
DEV003959,laptop,budget,154100.0,17,83,dead_pixel,0.67,not_functional,64660.0,14780.0,sell
DEV003960,phone,mid,34000.0,7,100,dead_pixel,0.19,fully_functional,27060.0,2550.0,repair
DEV003961,phone,budget,101500.0,7,97,screen_scratch,0.64,fully_functional,54290.0,3730.0,repair
DEV003962,tablet,mid,69900.0,56,58,none,0.0,fully_functional,17520.0,0.0,upgrade
DEV003963,phone,budget,102500.0,37,73,battery_issue,0.74,not_functional,21520.0,8410.0,recycle
DEV003964,phone,budget,72200.0,52,38,screen_scratch,0.39,fully_functional,10540.0,2060.0,repair
DEV003965,phone,budget,29700.0,56,46,dead_pixel,0.19,fully_functional,4580.0,2440.0,sell
DEV003966,laptop,mid,194800.0,53,51,keyboard_damage,0.72,not_functional,40850.0,17200.0,sell
DEV003967,phone,budget,71400.0,20,78,none,0.0,fully_functional,39530.0,0.0,sell
DEV003968,laptop,mid,150600.0,32,70,screen_crack,0.86,partially_functional,44150.0,50740.0,recycle
DEV003969,phone,budget,13600.0,37,75,screen_scratch,0.76,not_functional,2520.0,370.0,upgrade
DEV003970,monitor,mid,39300.0,45,62,screen_scratch,0.21,partially_functional,18550.0,910.0,repair
DEV003971,phone,budget,42600.0,6,100,none,0.0,fully_functional,33180.0,0.0,sell
DEV003972,laptop,premium,181300.0,40,67,battery_issue,0.49,fully_functional,57880.0,13600.0,repair
DEV003973,phone,budget,55900.0,5,99,body_damage,0.91,partially_functional,26750.0,9550.0,sell
DEV003974,phone,budget,42700.0,32,71,none,0.0,fully_functional,15000.0,0.0,sell
DEV003975,phone,budget,45500.0,19,85,none,0.0,fully_functional,24360.0,0.0,sell
DEV003976,phone,budget,71000.0,12,92,screen_scratch,0.77,not_functional,29080.0,2950.0,sell
DEV003977,phone,mid,13200.0,46,75,screen_crack,0.77,partially_functional,1960.0,4720.0,recycle
DEV003978,laptop,budget,120500.0,39,79,keyboard_damage,0.43,fully_functional,44930.0,5820.0,repair
DEV003979,tablet,premium,122600.0,51,44,none,0.0,fully_functional,35720.0,0.0,upgrade
DEV003980,phone,mid,92200.0,21,81,none,0.0,fully_functional,50340.0,0.0,sell
DEV003981,laptop,budget,66100.0,63,48,keyboard_damage,0.25,fully_functional,15070.0,3070.0,repair
DEV003982,laptop,mid,115200.0,68,46,dead_pixel,0.39,fully_functional,22540.0,9250.0,upgrade
DEV003983,phone,budget,65300.0,50,58,port_damage,0.78,partially_functional,8300.0,4080.0,recycle
DEV003984,laptop,budget,60400.0,13,93,dead_pixel,0.17,partially_functional,43180.0,4640.0,repair
DEV003985,phone,budget,15800.0,15,84,none,0.0,fully_functional,10050.0,0.0,sell
DEV003986,phone,budget,11900.0,51,57,screen_crack,0.97,not_functional,1250.0,3770.0,recycle
DEV003987,laptop,budget,44500.0,120,15,none,0.0,fully_functional,4240.0,0.0,upgrade
DEV003988,monitor,premium,38100.0,32,68,port_damage,0.88,partially_functional,15000.0,2900.0,repair
DEV003989,monitor,mid,37200.0,20,83,battery_issue,0.8,partially_functional,16800.0,3220.0,repair
DEV003990,monitor,premium,75300.0,66,29,body_damage,0.36,fully_functional,26640.0,9310.0,repair
DEV003991,laptop,budget,81600.0,23,77,none,0.0,fully_functional,52980.0,0.0,sell
DEV003992,phone,premium,137700.0,15,69,none,0.0,fully_functional,76090.0,0.0,sell
DEV003993,phone,budget,81500.0,51,54,none,0.0,fully_functional,14740.0,0.0,upgrade
DEV003994,phone,budget,16100.0,44,63,none,0.0,fully_functional,4140.0,0.0,upgrade
DEV003995,phone,premium,207300.0,56,68,keyboard_damage,0.97,fully_functional,19520.0,17290.0,recycle
DEV003996,phone,budget,95600.0,41,52,screen_scratch,0.59,fully_functional,15750.0,3340.0,repair
DEV003997,laptop,mid,160500.0,74,22,battery_issue,0.31,fully_functional,27230.0,8800.0,repair
DEV003998,phone,premium,33200.0,11,85,body_damage,0.81,not_functional,13820.0,5830.0,sell
DEV003999,phone,mid,53700.0,10,82,screen_scratch,0.44,fully_functional,28880.0,940.0,repair
DEV004000,tablet,mid,67000.0,40,62,screen_crack,0.17,partially_functional,26090.0,10000.0,sell
DEV004001,laptop,budget,119800.0,41,59,dead_pixel,0.75,partially_functional,30790.0,13350.0,sell
DEV004002,pc,budget,77200.0,17,91,body_damage,0.16,not_functional,55100.0,6200.0,sell
DEV004003,phone,premium,40100.0,10,87,port_damage,0.63,not_functional,19850.0,2670.0,sell
DEV004004,laptop,budget,123500.0,100,15,none,0.0,fully_functional,13920.0,0.0,upgrade
DEV004005,phone,budget,93200.0,32,77,keyboard_damage,0.3,partially_functional,28320.0,4700.0,repair
DEV004006,laptop,budget,19100.0,25,91,none,0.0,fully_functional,10120.0,0.0,sell
DEV004007,phone,premium,167200.0,23,80,battery_issue,0.2,partially_functional,74940.0,11290.0,repair
DEV004008,phone,mid,58300.0,7,79,body_damage,0.63,partially_functional,32040.0,9730.0,repair
DEV004009,tablet,mid,49800.0,14,93,port_damage,0.96,not_functional,19350.0,3300.0,sell
DEV004010,phone,premium,80000.0,59,40,none,0.0,fully_functional,12390.0,0.0,upgrade
DEV004011,phone,budget,88700.0,72,26,dead_pixel,0.39,not_functional,7150.0,8800.0,recycle
DEV004012,monitor,premium,22900.0,10,84,none,0.0,fully_functional,21170.0,0.0,sell
DEV004013,phone,budget,98700.0,18,97,none,0.0,fully_functional,58120.0,0.0,sell
DEV004014,laptop,budget,75800.0,44,59,keyboard_damage,0.61,not_functional,21670.0,5080.0,sell
DEV004015,laptop,budget,97300.0,17,92,port_damage,0.66,not_functional,48490.0,4380.0,sell
DEV004016,phone,premium,21100.0,12,89,none,0.0,fully_functional,13480.0,0.0,sell
DEV004017,laptop,premium,369900.0,43,61,none,0.0,fully_functional,154160.0,0.0,sell
DEV004018,phone,mid,139400.0,64,43,screen_scratch,0.49,not_functional,13350.0,3050.0,recycle
DEV004019,tablet,budget,51900.0,38,65,body_damage,0.69,fully_functional,13690.0,10960.0,recycle
DEV004020,phone,budget,20400.0,10,87,none,0.0,fully_functional,14590.0,0.0,sell
DEV004021,phone,mid,65900.0,21,82,battery_issue,0.48,partially_functional,27670.0,5660.0,repair
DEV004022,phone,budget,87300.0,44,65,none,0.0,fully_functional,21550.0,0.0,upgrade
DEV004023,monitor,budget,38200.0,73,28,screen_crack,0.28,fully_functional,12540.0,6140.0,sell
DEV004024,pc,mid,79200.0,58,43,none,0.0,fully_functional,29980.0,0.0,sell
DEV004025,monitor,mid,57600.0,28,76,none,0.0,fully_functional,39880.0,0.0,sell
DEV004026,tablet,premium,24600.0,96,16,keyboard_damage,0.47,fully_functional,1970.0,1620.0,recycle
DEV004027,tablet,mid,17000.0,69,38,dead_pixel,0.22,not_functional,3240.0,1640.0,recycle
DEV004028,laptop,budget,75600.0,15,87,none,0.0,fully_functional,53140.0,0.0,sell
DEV004029,monitor,mid,28300.0,49,59,screen_scratch,0.62,partially_functional,9630.0,700.0,repair
DEV004030,laptop,budget,72400.0,40,57,port_damage,0.67,fully_functional,19800.0,3570.0,repair
DEV004031,laptop,mid,133100.0,52,51,screen_crack,0.45,partially_functional,33090.0,24330.0,sell
DEV004032,tablet,mid,19000.0,96,23,keyboard_damage,0.8,not_functional,1270.0,1500.0,recycle
DEV004033,laptop,budget,36700.0,37,74,keyboard_damage,0.18,fully_functional,16730.0,1400.0,repair
DEV004034,phone,budget,88400.0,32,66,screen_crack,0.94,not_functional,16640.0,36890.0,recycle
DEV004035,laptop,premium,244200.0,98,15,battery_issue,0.42,fully_functional,24630.0,17710.0,recycle
DEV004036,phone,mid,147600.0,34,72,screen_scratch,0.4,partially_functional,40900.0,4470.0,repair
DEV004037,pc,mid,106200.0,80,36,screen_crack,0.54,not_functional,24400.0,23680.0,recycle
DEV004038,laptop,mid,232600.0,63,39,none,0.0,fully_functional,57450.0,0.0,upgrade
DEV004039,pc,mid,154500.0,78,26,none,0.0,fully_functional,46740.0,0.0,upgrade
DEV004040,laptop,budget,162000.0,48,61,screen_crack,0.95,partially_functional,32830.0,51640.0,recycle
DEV004041,pc,premium,224000.0,36,67,screen_scratch,0.95,not_functional,65880.0,9020.0,sell
DEV004042,phone,premium,198800.0,23,94,none,0.0,fully_functional,100530.0,0.0,sell
DEV004043,monitor,budget,5300.0,84,25,body_damage,0.38,partially_functional,1420.0,510.0,upgrade
DEV004044,laptop,budget,143900.0,42,58,battery_issue,0.63,partially_functional,37120.0,17430.0,sell
DEV004045,phone,mid,91900.0,33,75,none,0.0,fully_functional,34440.0,0.0,upgrade
DEV004046,phone,mid,20600.0,72,35,screen_crack,0.93,partially_functional,1110.0,7040.0,recycle
DEV004047,phone,budget,49800.0,16,71,screen_crack,0.97,partially_functional,14800.0,15700.0,recycle
DEV004048,laptop,mid,143300.0,35,68,none,0.0,fully_functional,70580.0,0.0,sell
DEV004049,tablet,mid,75300.0,29,79,port_damage,0.88,not_functional,22740.0,4140.0,sell
DEV004050,monitor,mid,32100.0,18,87,screen_crack,0.35,fully_functional,19940.0,5850.0,upgrade
DEV004051,tablet,budget,41900.0,16,93,none,0.0,fully_functional,30250.0,0.0,sell
DEV004052,laptop,budget,74600.0,21,85,none,0.0,fully_functional,50960.0,0.0,sell
DEV004053,laptop,mid,227900.0,13,78,none,0.0,fully_functional,162280.0,0.0,sell
DEV004054,pc,premium,72700.0,77,33,screen_crack,0.67,partially_functional,15830.0,17390.0,recycle
DEV004055,pc,mid,47000.0,97,15,none,0.0,fully_functional,11060.0,0.0,upgrade
DEV004056,phone,budget,84700.0,5,92,none,0.0,fully_functional,73370.0,0.0,sell
DEV004057,monitor,premium,15500.0,32,75,none,0.0,fully_functional,10830.0,0.0,sell
DEV004058,laptop,budget,20500.0,66,45,none,0.0,fully_functional,4930.0,0.0,upgrade
DEV004059,pc,mid,56400.0,36,74,keyboard_damage,0.56,fully_functional,23060.0,3980.0,repair
DEV004060,monitor,budget,21100.0,44,63,screen_scratch,0.95,not_functional,6690.0,890.0,sell
DEV004061,tablet,mid,72800.0,28,69,screen_scratch,0.73,partially_functional,23420.0,3070.0,repair
DEV004062,phone,mid,88300.0,65,31,none,0.0,fully_functional,10240.0,0.0,upgrade
DEV004063,laptop,mid,36500.0,66,27,screen_crack,0.19,fully_functional,7710.0,5220.0,upgrade
DEV004064,phone,budget,101800.0,7,93,screen_crack,0.31,fully_functional,68600.0,14230.0,repair
DEV004065,pc,mid,186300.0,86,15,dead_pixel,0.78,not_functional,30320.0,27560.0,recycle
DEV004066,phone,budget,99600.0,6,90,keyboard_damage,0.94,not_functional,42320.0,7200.0,sell
DEV004067,tablet,premium,119300.0,49,54,body_damage,0.49,fully_functional,31340.0,15770.0,upgrade
DEV004068,monitor,budget,20500.0,10,91,body_damage,0.43,partially_functional,13520.0,2080.0,repair
DEV004069,phone,mid,66100.0,8,93,none,0.0,fully_functional,46520.0,0.0,sell
DEV004070,laptop,mid,34600.0,19,74,none,0.0,fully_functional,20920.0,0.0,sell
DEV004071,tablet,budget,57100.0,96,25,none,0.0,fully_functional,6120.0,0.0,upgrade
DEV004072,laptop,budget,112100.0,102,21,screen_crack,0.31,partially_functional,11590.0,17460.0,recycle
DEV004073,phone,budget,100800.0,1,100,keyboard_damage,0.19,fully_functional,87690.0,5560.0,repair
DEV004074,phone,mid,25000.0,26,80,none,0.0,fully_functional,11420.0,0.0,sell
DEV004075,laptop,premium,224600.0,12,92,dead_pixel,0.15,partially_functional,157460.0,16180.0,upgrade
DEV004076,tablet,mid,79800.0,50,46,none,0.0,fully_functional,24830.0,0.0,upgrade
DEV004077,laptop,premium,45400.0,17,91,body_damage,0.78,partially_functional,18200.0,5910.0,repair
DEV004078,phone,budget,84600.0,58,50,body_damage,0.59,fully_functional,9830.0,11420.0,recycle
DEV004079,laptop,budget,131500.0,42,55,none,0.0,fully_functional,54580.0,0.0,sell
DEV004080,laptop,premium,133400.0,6,87,screen_crack,0.58,partially_functional,77780.0,26920.0,repair
DEV004081,phone,premium,28900.0,44,70,none,0.0,fully_functional,8160.0,0.0,upgrade
DEV004082,tablet,budget,10300.0,43,62,screen_crack,0.8,not_functional,2080.0,2190.0,recycle
DEV004083,phone,mid,84200.0,23,84,battery_issue,0.66,not_functional,28900.0,8170.0,sell
DEV004084,laptop,premium,128100.0,26,71,none,0.0,fully_functional,75900.0,0.0,sell
DEV004085,monitor,mid,30400.0,36,58,body_damage,0.93,partially_functional,9460.0,5770.0,sell
DEV004086,laptop,mid,178000.0,69,42,battery_issue,0.94,partially_functional,22580.0,20820.0,recycle
DEV004087,tablet,budget,22300.0,60,32,dead_pixel,0.49,not_functional,3810.0,2380.0,upgrade
DEV004088,phone,budget,56100.0,22,84,none,0.0,fully_functional,28980.0,0.0,sell
DEV004089,phone,mid,140300.0,72,32,screen_crack,0.68,not_functional,9420.0,32770.0,recycle
DEV004090,phone,mid,126100.0,44,64,body_damage,0.91,not_functional,17550.0,18200.0,recycle
DEV004091,pc,budget,94900.0,28,77,screen_scratch,0.99,partially_functional,30850.0,5010.0,repair
DEV004092,pc,budget,81000.0,33,84,battery_issue,0.72,not_functional,32140.0,9910.0,sell
DEV004093,phone,budget,49100.0,34,72,screen_crack,0.23,partially_functional,14550.0,9400.0,upgrade
DEV004094,phone,mid,37000.0,48,49,screen_crack,0.83,partially_functional,4840.0,7040.0,recycle
DEV004095,phone,budget,8200.0,39,67,screen_crack,0.68,fully_functional,1740.0,2320.0,recycle
DEV004096,laptop,budget,21200.0,1,98,screen_scratch,0.75,partially_functional,14390.0,680.0,repair
DEV004097,tablet,budget,39500.0,46,41,screen_crack,0.38,fully_functional,10870.0,8670.0,upgrade
DEV004098,tablet,premium,130700.0,19,75,none,0.0,fully_functional,82250.0,0.0,sell
DEV004099,monitor,mid,31500.0,101,15,none,0.0,fully_functional,8920.0,0.0,upgrade
DEV004100,phone,budget,99700.0,5,90,screen_crack,0.57,partially_functional,60980.0,22090.0,sell
DEV004101,tablet,mid,63400.0,13,83,none,0.0,fully_functional,45430.0,0.0,sell
DEV004102,laptop,mid,234600.0,73,29,dead_pixel,0.81,partially_functional,32020.0,24840.0,upgrade
DEV004103,phone,mid,132000.0,24,78,none,0.0,fully_functional,65350.0,0.0,sell
DEV004104,monitor,mid,36100.0,120,15,body_damage,0.26,fully_functional,6740.0,3360.0,recycle
DEV004105,phone,mid,76500.0,10,94,dead_pixel,0.64,fully_functional,40270.0,10680.0,repair
DEV004106,tablet,mid,84000.0,28,68,body_damage,0.85,partially_functional,25500.0,14650.0,sell
DEV004107,tablet,budget,33500.0,25,79,none,0.0,fully_functional,18040.0,0.0,sell
DEV004108,monitor,budget,30100.0,30,82,body_damage,0.71,fully_functional,13630.0,4130.0,repair
DEV004109,laptop,budget,131700.0,9,100,port_damage,0.67,partially_functional,74110.0,4250.0,repair
DEV004110,phone,mid,103200.0,72,34,body_damage,0.3,fully_functional,7920.0,9320.0,recycle
DEV004111,pc,mid,165500.0,58,59,screen_crack,0.64,not_functional,45520.0,42340.0,recycle
DEV004112,pc,mid,196200.0,46,55,keyboard_damage,0.79,partially_functional,62100.0,13790.0,repair
DEV004113,laptop,budget,117800.0,27,79,body_damage,0.25,partially_functional,56990.0,9760.0,repair
DEV004114,pc,mid,154800.0,125,15,none,0.0,fully_functional,26240.0,0.0,upgrade
DEV004115,phone,budget,68100.0,44,61,port_damage,0.25,fully_functional,16030.0,2020.0,repair
DEV004116,laptop,budget,145700.0,33,58,keyboard_damage,0.6,not_functional,43870.0,8030.0,sell
DEV004117,pc,mid,78800.0,34,70,screen_scratch,0.16,partially_functional,47280.0,1390.0,repair
DEV004118,phone,budget,99900.0,50,60,battery_issue,0.63,partially_functional,14430.0,4910.0,repair
DEV004119,laptop,budget,79500.0,80,30,screen_scratch,0.78,not_functional,9130.0,2970.0,recycle
DEV004120,monitor,budget,37800.0,22,84,screen_crack,0.35,partially_functional,26100.0,6970.0,repair
DEV004121,pc,mid,160600.0,66,39,screen_scratch,0.9,fully_functional,34100.0,7160.0,repair
DEV004122,pc,budget,53300.0,25,82,screen_crack,0.18,fully_functional,33630.0,7460.0,repair
DEV004123,laptop,premium,70500.0,57,41,dead_pixel,0.49,not_functional,15140.0,7840.0,upgrade
DEV004124,monitor,premium,24400.0,26,76,screen_scratch,0.49,partially_functional,12870.0,920.0,repair
DEV004125,phone,premium,65700.0,37,58,none,0.0,fully_functional,19510.0,0.0,upgrade
DEV004126,laptop,budget,129500.0,26,74,screen_crack,0.63,fully_functional,54220.0,26170.0,sell
DEV004127,laptop,mid,135600.0,51,50,screen_scratch,0.97,partially_functional,24140.0,6280.0,repair
DEV004128,pc,budget,99900.0,57,43,dead_pixel,0.83,fully_functional,24600.0,14450.0,sell
DEV004129,monitor,premium,55900.0,62,51,none,0.0,fully_functional,25290.0,0.0,repair
DEV004130,tablet,mid,31900.0,46,63,screen_scratch,0.26,partially_functional,10100.0,910.0,repair
DEV004131,tablet,budget,34700.0,42,66,screen_scratch,0.65,fully_functional,8150.0,1030.0,repair
DEV004132,laptop,budget,65900.0,79,17,body_damage,0.67,not_functional,8570.0,8910.0,recycle
DEV004133,laptop,premium,191500.0,108,20,body_damage,0.16,partially_functional,18580.0,16690.0,recycle
DEV004134,laptop,premium,56200.0,55,44,body_damage,0.22,fully_functional,14590.0,5900.0,upgrade
DEV004135,phone,mid,41900.0,26,86,screen_crack,0.26,fully_functional,17650.0,5960.0,repair
DEV004136,laptop,mid,248600.0,21,92,none,0.0,fully_functional,174990.0,0.0,sell
DEV004137,pc,mid,163300.0,32,64,screen_scratch,0.99,not_functional,49800.0,7180.0,sell
DEV004138,tablet,premium,58700.0,67,25,screen_crack,0.69,partially_functional,8210.0,11980.0,recycle
DEV004139,pc,mid,74600.0,24,83,battery_issue,0.36,partially_functional,45630.0,4660.0,repair
DEV004140,laptop,budget,61200.0,119,15,screen_crack,0.71,partially_functional,3450.0,13350.0,recycle
DEV004141,laptop,mid,64700.0,67,41,none,0.0,fully_functional,14470.0,0.0,upgrade
DEV004142,phone,premium,141400.0,8,86,port_damage,0.25,fully_functional,95040.0,4170.0,repair
DEV004143,laptop,budget,165100.0,36,55,none,0.0,fully_functional,74300.0,0.0,sell
DEV004144,laptop,budget,73400.0,47,55,screen_crack,0.49,not_functional,20160.0,15950.0,sell
DEV004145,phone,budget,74900.0,4,86,screen_scratch,0.42,fully_functional,49660.0,2170.0,repair
DEV004146,phone,mid,72000.0,13,86,none,0.0,fully_functional,49470.0,0.0,sell
DEV004147,tablet,mid,18400.0,28,72,none,0.0,fully_functional,8980.0,0.0,sell
DEV004148,laptop,budget,171900.0,36,66,screen_scratch,0.57,fully_functional,60820.0,5830.0,repair
DEV004149,laptop,mid,176700.0,10,100,body_damage,0.23,not_functional,130080.0,15760.0,sell
DEV004150,phone,budget,51200.0,52,49,keyboard_damage,0.67,partially_functional,6310.0,3310.0,recycle
DEV004151,laptop,premium,355600.0,56,58,screen_scratch,0.78,fully_functional,67560.0,18890.0,repair
DEV004152,laptop,premium,228800.0,28,79,screen_scratch,0.83,fully_functional,76170.0,7500.0,repair
DEV004153,laptop,mid,93200.0,15,90,keyboard_damage,0.62,partially_functional,50930.0,6730.0,repair
DEV004154,laptop,mid,114100.0,30,68,screen_crack,0.69,partially_functional,40570.0,32500.0,recycle
DEV004155,phone,budget,78000.0,20,65,port_damage,0.59,not_functional,29540.0,4060.0,sell
DEV004156,monitor,premium,51500.0,68,42,port_damage,0.59,fully_functional,15090.0,2910.0,repair
DEV004157,phone,mid,15800.0,9,93,screen_scratch,0.41,partially_functional,9420.0,460.0,repair
DEV004158,laptop,budget,158100.0,97,15,none,0.0,fully_functional,22100.0,0.0,upgrade
DEV004159,phone,premium,193800.0,72,41,dead_pixel,0.79,not_functional,12400.0,22890.0,recycle
DEV004160,laptop,budget,172500.0,29,72,none,0.0,fully_functional,90750.0,0.0,sell
DEV004161,phone,mid,25900.0,20,74,body_damage,1.0,not_functional,6550.0,4240.0,sell
DEV004162,pc,budget,103600.0,56,49,screen_scratch,0.36,partially_functional,37140.0,3220.0,repair
DEV004163,laptop,mid,140700.0,8,92,keyboard_damage,0.41,partially_functional,89290.0,8690.0,repair
DEV004164,tablet,budget,25400.0,25,84,screen_crack,0.77,partially_functional,9060.0,7170.0,sell
DEV004165,phone,budget,75300.0,18,80,body_damage,0.47,partially_functional,32740.0,7780.0,repair
DEV004166,phone,mid,56200.0,6,100,none,0.0,fully_functional,48800.0,0.0,sell
DEV004167,laptop,premium,292700.0,78,30,none,0.0,fully_functional,51170.0,0.0,upgrade
DEV004168,laptop,budget,161400.0,59,51,none,0.0,fully_functional,42430.0,0.0,upgrade
DEV004169,laptop,mid,100100.0,16,85,battery_issue,0.59,fully_functional,49290.0,6620.0,repair
DEV004170,monitor,mid,48100.0,23,83,none,0.0,fully_functional,35970.0,0.0,sell
DEV004171,tablet,premium,116600.0,26,75,none,0.0,fully_functional,60220.0,0.0,sell
DEV004172,monitor,budget,20200.0,84,15,screen_crack,0.2,fully_functional,5420.0,2780.0,upgrade
DEV004173,phone,mid,144700.0,13,85,none,0.0,fully_functional,97590.0,0.0,sell
DEV004174,pc,premium,177500.0,27,74,screen_crack,0.16,partially_functional,106990.0,24500.0,repair
DEV004175,laptop,budget,67900.0,76,22,none,0.0,fully_functional,13610.0,0.0,upgrade
DEV004176,tablet,mid,67700.0,11,100,none,0.0,fully_functional,50480.0,0.0,sell
DEV004177,monitor,premium,46900.0,52,53,body_damage,0.97,partially_functional,12240.0,9050.0,sell
DEV004178,tablet,budget,27200.0,68,37,battery_issue,0.53,partially_functional,4450.0,2110.0,upgrade
DEV004179,pc,budget,112900.0,40,51,none,0.0,fully_functional,58530.0,0.0,recycle
DEV004180,tablet,budget,51000.0,34,57,screen_scratch,0.85,not_functional,12480.0,1850.0,sell
DEV004181,phone,premium,156800.0,37,52,screen_scratch,0.7,partially_functional,31900.0,5010.0,repair
DEV004182,tablet,premium,27300.0,24,72,screen_crack,0.59,fully_functional,11520.0,8020.0,sell
DEV004183,laptop,mid,59300.0,120,15,screen_scratch,0.52,fully_functional,3580.0,1920.0,recycle
DEV004184,monitor,mid,8100.0,56,49,none,0.0,fully_functional,3800.0,0.0,sell
DEV004185,pc,budget,131300.0,83,34,none,0.0,fully_functional,40330.0,0.0,upgrade
DEV004186,phone,budget,45500.0,6,87,none,0.0,fully_functional,37430.0,0.0,sell
DEV004187,phone,budget,64400.0,9,92,screen_crack,0.75,partially_functional,30910.0,15810.0,sell
DEV004188,phone,budget,46700.0,10,90,none,0.0,fully_functional,34500.0,0.0,upgrade
DEV004189,laptop,budget,132900.0,60,41,body_damage,0.69,not_functional,24030.0,19000.0,upgrade
DEV004190,phone,mid,37600.0,16,89,screen_scratch,0.95,not_functional,12730.0,1450.0,sell
DEV004191,tablet,budget,49400.0,46,46,screen_scratch,0.58,partially_functional,12410.0,1480.0,repair
DEV004192,laptop,budget,161600.0,14,85,none,0.0,fully_functional,113510.0,0.0,sell
DEV004193,pc,budget,90500.0,58,41,none,0.0,fully_functional,38620.0,0.0,sell
DEV004194,phone,budget,99200.0,4,89,port_damage,0.46,not_functional,65790.0,6950.0,sell
DEV004195,laptop,budget,126200.0,48,56,screen_crack,0.46,fully_functional,33000.0,23040.0,sell
DEV004196,phone,budget,19200.0,72,19,screen_crack,0.46,fully_functional,1380.0,3160.0,recycle
DEV004197,pc,budget,118700.0,53,44,keyboard_damage,0.48,fully_functional,38770.0,8000.0,repair
DEV004198,phone,mid,41800.0,36,75,screen_crack,0.18,partially_functional,13330.0,6430.0,upgrade
DEV004199,phone,mid,139600.0,42,67,none,0.0,fully_functional,36190.0,0.0,upgrade
DEV004200,phone,premium,68500.0,16,73,battery_issue,0.41,fully_functional,28910.0,5630.0,repair
DEV004201,pc,mid,120100.0,82,16,battery_issue,0.59,partially_functional,23220.0,8550.0,upgrade
DEV004202,phone,mid,103900.0,10,77,none,0.0,fully_functional,71080.0,0.0,sell
DEV004203,tablet,premium,74000.0,10,95,screen_crack,0.44,partially_functional,48940.0,14870.0,upgrade
DEV004204,tablet,mid,12700.0,96,15,body_damage,0.51,partially_functional,1030.0,1550.0,recycle
DEV004205,pc,mid,38700.0,72,39,none,0.0,fully_functional,13730.0,0.0,upgrade
DEV004206,phone,mid,54100.0,33,65,screen_scratch,0.94,partially_functional,9850.0,3170.0,repair
DEV004207,phone,budget,36600.0,53,41,none,0.0,fully_functional,6280.0,0.0,upgrade
DEV004208,laptop,budget,72500.0,27,73,none,0.0,fully_functional,43480.0,0.0,sell
DEV004209,phone,budget,87400.0,12,88,port_damage,0.85,not_functional,33440.0,6370.0,sell
DEV004210,tablet,mid,57900.0,27,69,none,0.0,fully_functional,31420.0,0.0,sell
DEV004211,laptop,budget,142200.0,61,42,body_damage,0.63,partially_functional,26080.0,15370.0,upgrade
DEV004212,laptop,mid,239500.0,7,100,none,0.0,fully_functional,217840.0,0.0,sell
DEV004213,phone,premium,57100.0,8,88,screen_crack,0.83,not_functional,26040.0,13780.0,sell
DEV004214,laptop,mid,118200.0,30,69,screen_crack,0.2,fully_functional,56310.0,14500.0,repair
DEV004215,phone,budget,39300.0,7,87,dead_pixel,0.71,not_functional,20380.0,4600.0,sell
DEV004216,tablet,mid,54100.0,33,53,none,0.0,fully_functional,23570.0,0.0,sell
DEV004217,phone,budget,101600.0,20,75,port_damage,0.48,fully_functional,37020.0,4020.0,repair
DEV004218,monitor,premium,10100.0,19,81,screen_scratch,0.68,fully_functional,5270.0,310.0,repair
DEV004219,tablet,mid,85600.0,42,77,port_damage,0.35,partially_functional,29750.0,3350.0,repair
DEV004220,phone,mid,108700.0,24,78,battery_issue,0.35,partially_functional,42270.0,8080.0,repair
DEV004221,phone,mid,59000.0,36,65,battery_issue,0.53,partially_functional,13740.0,4150.0,repair
DEV004222,phone,mid,17300.0,15,89,screen_scratch,0.22,fully_functional,9850.0,380.0,repair
DEV004223,phone,mid,134600.0,3,95,body_damage,0.89,not_functional,70880.0,16240.0,sell
DEV004224,phone,budget,17700.0,36,75,none,0.0,fully_functional,5810.0,0.0,upgrade
DEV004225,pc,budget,41900.0,35,76,screen_crack,0.18,fully_functional,21460.0,6960.0,repair
DEV004226,tablet,budget,37000.0,20,96,none,0.0,fully_functional,24600.0,0.0,sell
DEV004227,phone,mid,66600.0,40,73,port_damage,0.48,fully_functional,15210.0,3530.0,repair
DEV004228,laptop,premium,265500.0,24,76,none,0.0,fully_functional,160710.0,0.0,sell
DEV004229,phone,mid,113900.0,18,92,body_damage,0.97,partially_functional,33490.0,16730.0,sell
DEV004230,monitor,mid,26100.0,46,53,dead_pixel,0.42,fully_functional,11340.0,2600.0,repair
DEV004231,phone,premium,152500.0,13,87,screen_crack,0.78,fully_functional,61090.0,47010.0,sell
DEV004232,tablet,budget,33100.0,20,89,screen_crack,0.97,partially_functional,10760.0,13700.0,recycle
DEV004233,pc,budget,135000.0,45,63,port_damage,0.48,fully_functional,52220.0,7310.0,repair
DEV004234,phone,premium,46500.0,53,58,none,0.0,fully_functional,9100.0,0.0,upgrade
DEV004235,phone,premium,162300.0,44,65,keyboard_damage,0.55,not_functional,30610.0,8750.0,upgrade
DEV004236,laptop,mid,86100.0,47,56,screen_crack,0.59,fully_functional,21860.0,20630.0,recycle
DEV004237,pc,budget,52900.0,16,78,none,0.0,fully_functional,41140.0,0.0,sell
DEV004238,laptop,premium,91800.0,40,51,body_damage,0.38,not_functional,31260.0,11270.0,sell
DEV004239,tablet,mid,69300.0,7,100,port_damage,0.55,partially_functional,44830.0,3480.0,repair
DEV004240,pc,mid,149100.0,29,69,none,0.0,fully_functional,97580.0,0.0,sell
DEV004241,pc,budget,108300.0,123,15,dead_pixel,0.32,fully_functional,16350.0,5820.0,recycle
DEV004242,laptop,mid,172300.0,72,21,dead_pixel,0.42,fully_functional,29050.0,9860.0,repair
DEV004243,laptop,premium,245800.0,15,90,body_damage,0.93,partially_functional,106870.0,53330.0,sell
DEV004244,tablet,premium,124200.0,49,51,screen_scratch,0.5,not_functional,31050.0,5660.0,upgrade
DEV004245,phone,mid,13000.0,45,64,screen_crack,0.73,partially_functional,2150.0,3700.0,recycle
DEV004246,pc,mid,118900.0,16,78,none,0.0,fully_functional,85930.0,0.0,sell
DEV004247,phone,mid,69300.0,39,61,screen_crack,0.54,not_functional,15320.0,14110.0,recycle
DEV004248,phone,mid,141800.0,16,89,none,0.0,fully_functional,90750.0,0.0,sell
DEV004249,pc,mid,90000.0,91,29,body_damage,0.23,partially_functional,20850.0,9840.0,upgrade
DEV004250,phone,budget,8600.0,40,56,screen_crack,0.2,not_functional,1940.0,1300.0,upgrade
DEV004251,phone,budget,42700.0,14,90,screen_scratch,0.79,not_functional,14880.0,1600.0,sell
DEV004252,phone,mid,55900.0,9,90,none,0.0,fully_functional,41410.0,0.0,sell
DEV004253,laptop,budget,89300.0,23,84,battery_issue,0.25,partially_functional,47670.0,5080.0,repair
DEV004254,pc,budget,137500.0,46,66,dead_pixel,0.62,not_functional,45250.0,12680.0,sell
DEV004255,phone,premium,76000.0,25,77,screen_crack,0.35,partially_functional,29250.0,11260.0,sell
DEV004256,phone,mid,16100.0,52,55,screen_scratch,1.0,fully_functional,1500.0,720.0,recycle
DEV004257,laptop,budget,153800.0,57,47,dead_pixel,0.76,partially_functional,26110.0,21910.0,recycle
DEV004258,monitor,budget,38500.0,46,65,none,0.0,fully_functional,23940.0,0.0,sell
DEV004259,phone,mid,48600.0,35,80,battery_issue,0.65,partially_functional,11700.0,4400.0,upgrade
DEV004260,monitor,mid,46600.0,10,86,port_damage,0.38,fully_functional,32010.0,1810.0,repair
DEV004261,pc,mid,193500.0,72,24,screen_scratch,0.43,fully_functional,45690.0,4980.0,repair
DEV004262,phone,mid,130500.0,49,65,port_damage,0.3,fully_functional,23600.0,6450.0,repair
DEV004263,pc,budget,137800.0,54,53,screen_crack,0.99,partially_functional,30180.0,44240.0,recycle
DEV004264,tablet,mid,79100.0,20,82,none,0.0,fully_functional,48600.0,0.0,sell
DEV004265,laptop,budget,142900.0,91,15,screen_crack,0.27,fully_functional,17350.0,30170.0,recycle
DEV004266,laptop,mid,248200.0,34,73,screen_scratch,0.92,partially_functional,62500.0,10130.0,repair
DEV004267,pc,budget,70600.0,85,25,battery_issue,0.63,partially_functional,12850.0,6210.0,upgrade
DEV004268,pc,budget,27000.0,65,28,screen_scratch,0.86,partially_functional,5030.0,1060.0,repair
DEV004269,pc,budget,28800.0,134,15,none,0.0,fully_functional,3830.0,0.0,upgrade
DEV004270,monitor,premium,81100.0,27,74,body_damage,0.17,not_functional,48150.0,6100.0,sell
DEV004271,laptop,budget,25500.0,28,70,screen_crack,0.93,partially_functional,7240.0,8260.0,recycle
DEV004272,pc,budget,74700.0,60,44,screen_scratch,0.47,partially_functional,22690.0,2030.0,sell
DEV004273,pc,budget,117000.0,144,15,none,0.0,fully_functional,15680.0,0.0,upgrade
DEV004274,phone,mid,138400.0,13,95,body_damage,0.93,partially_functional,51460.0,20140.0,sell
DEV004275,phone,mid,63600.0,65,21,battery_issue,0.23,fully_functional,6990.0,3870.0,recycle
DEV004276,laptop,premium,241700.0,25,84,none,0.0,fully_functional,143890.0,0.0,sell
DEV004277,pc,mid,154800.0,144,15,none,0.0,fully_functional,20940.0,0.0,upgrade
DEV004278,phone,mid,25900.0,19,81,none,0.0,fully_functional,12710.0,0.0,sell
DEV004279,tablet,mid,68600.0,92,21,port_damage,0.56,not_functional,6050.0,4290.0,recycle
DEV004280,phone,budget,31900.0,47,68,battery_issue,0.53,partially_functional,5570.0,2650.0,recycle
DEV004281,laptop,premium,237500.0,25,91,none,0.0,fully_functional,153800.0,0.0,sell
DEV004282,tablet,premium,66400.0,19,82,screen_scratch,0.42,fully_functional,29280.0,1800.0,repair
DEV004283,phone,budget,19400.0,18,80,screen_scratch,0.56,fully_functional,8230.0,520.0,repair
DEV004284,pc,mid,124600.0,36,60,none,0.0,fully_functional,65230.0,0.0,sell
DEV004285,phone,budget,39400.0,22,81,port_damage,0.58,fully_functional,14910.0,1440.0,repair
DEV004286,monitor,mid,20100.0,106,15,screen_crack,0.74,not_functional,3110.0,5140.0,recycle
DEV004287,phone,mid,26200.0,21,81,screen_crack,0.57,fully_functional,9930.0,7650.0,sell
DEV004288,monitor,premium,42000.0,45,54,port_damage,0.94,partially_functional,12150.0,2280.0,repair
DEV004289,tablet,budget,34100.0,65,58,dead_pixel,0.39,partially_functional,6780.0,3250.0,recycle
DEV004290,phone,mid,114700.0,20,70,port_damage,0.42,partially_functional,47080.0,5860.0,repair
DEV004291,phone,mid,121700.0,26,85,none,0.0,fully_functional,59900.0,0.0,sell
DEV004292,phone,budget,37200.0,25,82,screen_scratch,0.61,partially_functional,11590.0,1040.0,repair
DEV004293,laptop,mid,66300.0,22,75,screen_crack,0.98,not_functional,19890.0,16080.0,recycle
DEV004294,pc,mid,165600.0,86,24,battery_issue,0.62,partially_functional,30210.0,13750.0,upgrade
DEV004295,laptop,mid,90200.0,14,88,body_damage,0.71,partially_functional,44870.0,11510.0,repair
DEV004296,laptop,premium,216200.0,112,15,body_damage,0.84,partially_functional,12630.0,27120.0,recycle
DEV004297,laptop,budget,113200.0,29,69,screen_crack,0.53,fully_functional,41700.0,29390.0,sell
DEV004298,laptop,budget,44800.0,120,15,body_damage,0.8,partially_functional,2170.0,6060.0,recycle
DEV004299,tablet,budget,32500.0,43,57,screen_crack,0.62,not_functional,8310.0,8530.0,recycle
DEV004300,laptop,budget,97400.0,22,67,none,0.0,fully_functional,62510.0,0.0,sell
DEV004301,tablet,mid,67700.0,72,25,screen_scratch,0.93,fully_functional,6320.0,3130.0,recycle
DEV004302,monitor,premium,26300.0,87,22,screen_scratch,0.4,fully_functional,6240.0,730.0,repair
DEV004303,laptop,mid,134800.0,40,77,battery_issue,0.77,partially_functional,39190.0,15780.0,sell
DEV004304,phone,mid,130500.0,24,79,none,0.0,fully_functional,56440.0,0.0,sell
DEV004305,phone,budget,98700.0,19,86,none,0.0,fully_functional,56610.0,0.0,sell
DEV004306,laptop,budget,152400.0,67,36,screen_scratch,0.71,not_functional,20970.0,6280.0,upgrade
DEV004307,phone,premium,217400.0,72,24,none,0.0,fully_functional,21590.0,0.0,upgrade
DEV004308,monitor,mid,8900.0,40,60,dead_pixel,0.78,partially_functional,3140.0,1070.0,repair
DEV004309,tablet,budget,41600.0,69,44,none,0.0,fully_functional,8250.0,0.0,upgrade
DEV004310,laptop,premium,40900.0,41,56,none,0.0,fully_functional,18070.0,0.0,sell
DEV004311,pc,mid,151100.0,8,90,battery_issue,0.72,partially_functional,84810.0,14940.0,repair
DEV004312,phone,budget,30300.0,19,64,none,0.0,fully_functional,15620.0,0.0,sell
DEV004313,pc,mid,42200.0,65,40,screen_crack,0.59,partially_functional,10990.0,9570.0,recycle
DEV004314,phone,mid,56800.0,8,98,screen_scratch,0.64,partially_functional,29410.0,1530.0,recycle
DEV004315,tablet,budget,59500.0,19,78,none,0.0,fully_functional,41320.0,0.0,sell
DEV004316,monitor,premium,48800.0,100,15,none,0.0,fully_functional,13060.0,0.0,upgrade
DEV004317,pc,mid,195600.0,24,89,screen_scratch,0.21,partially_functional,138450.0,3950.0,repair
DEV004318,pc,mid,172700.0,29,76,screen_crack,0.23,fully_functional,95810.0,29690.0,repair
DEV004319,laptop,premium,258100.0,44,65,none,0.0,fully_functional,103970.0,0.0,sell
DEV004320,pc,mid,160200.0,25,65,none,0.0,fully_functional,103490.0,0.0,sell
DEV004321,laptop,mid,54800.0,25,81,body_damage,0.87,not_functional,17800.0,8150.0,sell
DEV004322,tablet,budget,24000.0,6,94,keyboard_damage,0.83,partially_functional,12100.0,1570.0,repair
DEV004323,phone,budget,22800.0,8,88,battery_issue,0.21,not_functional,16980.0,1460.0,sell
DEV004324,phone,budget,49400.0,1,96,screen_scratch,0.66,partially_functional,33830.0,1430.0,repair
DEV004325,laptop,budget,19600.0,44,58,screen_scratch,0.28,partially_functional,6630.0,410.0,repair
DEV004326,phone,mid,121000.0,23,89,none,0.0,fully_functional,56730.0,0.0,sell
DEV004327,tablet,budget,47400.0,41,61,body_damage,0.5,partially_functional,13930.0,4130.0,repair
DEV004328,pc,budget,42900.0,0,94,none,0.0,fully_functional,41010.0,0.0,sell
DEV004329,monitor,mid,50900.0,29,74,screen_scratch,0.47,fully_functional,25530.0,1330.0,repair
DEV004330,phone,budget,21300.0,41,46,keyboard_damage,0.84,fully_functional,3330.0,1640.0,upgrade
DEV004331,monitor,mid,32000.0,67,38,screen_crack,0.66,partially_functional,8330.0,7850.0,recycle
DEV004332,phone,mid,44100.0,44,77,none,0.0,fully_functional,11830.0,0.0,repair
DEV004333,laptop,budget,109100.0,17,90,none,0.0,fully_functional,79450.0,0.0,sell
DEV004334,pc,budget,75000.0,75,23,screen_scratch,0.33,not_functional,20120.0,2270.0,upgrade
DEV004335,phone,mid,142500.0,45,61,none,0.0,fully_functional,32810.0,0.0,upgrade
DEV004336,phone,budget,68100.0,15,69,screen_scratch,0.74,partially_functional,27540.0,2720.0,upgrade
DEV004337,phone,mid,94700.0,6,94,body_damage,0.9,not_functional,43710.0,15080.0,sell
DEV004338,laptop,mid,221600.0,7,83,none,0.0,fully_functional,184940.0,0.0,sell
DEV004339,pc,mid,44300.0,63,51,none,0.0,fully_functional,16470.0,0.0,sell
DEV004340,phone,mid,117900.0,32,62,body_damage,0.56,not_functional,29020.0,14410.0,sell
DEV004341,phone,premium,30100.0,46,51,none,0.0,fully_functional,6820.0,0.0,upgrade
DEV004342,laptop,budget,107500.0,75,29,none,0.0,fully_functional,21600.0,0.0,upgrade
DEV004343,phone,premium,157700.0,72,44,body_damage,0.35,fully_functional,14230.0,16890.0,recycle
DEV004344,tablet,premium,110400.0,13,96,body_damage,0.49,fully_functional,62120.0,12040.0,repair
DEV004345,monitor,mid,8900.0,66,43,body_damage,0.63,not_functional,2790.0,1380.0,sell
DEV004346,pc,budget,91300.0,51,45,dead_pixel,0.33,fully_functional,33690.0,7120.0,repair
DEV004347,pc,budget,132900.0,42,59,battery_issue,0.85,not_functional,40690.0,12660.0,sell
DEV004348,laptop,premium,203300.0,53,64,none,0.0,fully_functional,73080.0,0.0,sell
DEV004349,pc,budget,125100.0,64,39,none,0.0,fully_functional,45830.0,0.0,sell
DEV004350,phone,premium,59800.0,15,75,screen_scratch,0.62,partially_functional,23190.0,1990.0,repair
DEV004351,phone,mid,66300.0,13,86,none,0.0,fully_functional,42930.0,0.0,sell
DEV004352,tablet,mid,23900.0,18,76,dead_pixel,0.67,not_functional,10710.0,2930.0,sell
DEV004353,phone,mid,36200.0,19,94,dead_pixel,0.51,not_functional,15470.0,3970.0,sell
DEV004354,pc,budget,114900.0,121,15,screen_crack,0.15,fully_functional,18970.0,15430.0,recycle
DEV004355,tablet,mid,19200.0,24,86,battery_issue,0.47,fully_functional,8080.0,1460.0,repair
DEV004356,monitor,premium,89900.0,94,15,none,0.0,fully_functional,23900.0,0.0,upgrade
DEV004357,phone,budget,83600.0,33,67,none,0.0,fully_functional,30320.0,0.0,upgrade
DEV004358,laptop,premium,238500.0,80,34,screen_crack,0.45,not_functional,35220.0,47820.0,recycle
DEV004359,tablet,premium,78300.0,14,94,none,0.0,fully_functional,55210.0,0.0,sell
DEV004360,phone,budget,94500.0,33,55,screen_scratch,0.93,not_functional,16120.0,3940.0,upgrade
DEV004361,laptop,mid,248100.0,63,56,none,0.0,fully_functional,67910.0,0.0,upgrade
DEV004362,tablet,budget,39800.0,13,80,none,0.0,fully_functional,28660.0,0.0,sell
DEV004363,monitor,mid,10200.0,69,40,port_damage,0.3,fully_functional,3330.0,350.0,repair
DEV004364,tablet,premium,98000.0,60,47,none,0.0,fully_functional,24400.0,0.0,upgrade
DEV004365,phone,premium,167900.0,37,80,none,0.0,fully_functional,51110.0,0.0,upgrade
DEV004366,laptop,premium,153900.0,44,65,dead_pixel,0.91,not_functional,32630.0,16180.0,sell
DEV004367,laptop,budget,49400.0,37,52,none,0.0,fully_functional,20140.0,0.0,sell
DEV004368,phone,mid,45600.0,48,60,screen_scratch,0.63,not_functional,6980.0,1520.0,recycle
DEV004369,laptop,budget,62600.0,39,59,battery_issue,0.48,fully_functional,19860.0,4600.0,repair
DEV004370,phone,premium,208200.0,11,87,none,0.0,fully_functional,156080.0,0.0,sell
DEV004371,phone,budget,35700.0,65,50,none,0.0,fully_functional,4860.0,0.0,upgrade
DEV004372,laptop,budget,86600.0,70,15,none,0.0,fully_functional,16880.0,0.0,upgrade
DEV004373,phone,budget,48700.0,8,88,port_damage,0.99,fully_functional,19720.0,4990.0,repair
DEV004374,laptop,budget,104700.0,67,43,screen_crack,0.35,not_functional,20970.0,19420.0,recycle
DEV004375,phone,budget,61700.0,34,57,screen_crack,0.63,fully_functional,14530.0,17600.0,recycle
DEV004376,tablet,budget,12200.0,96,17,none,0.0,fully_functional,1230.0,0.0,upgrade
DEV004377,phone,premium,105000.0,2,96,dead_pixel,0.93,not_functional,53940.0,13140.0,sell
DEV004378,pc,mid,56400.0,43,62,port_damage,0.32,partially_functional,27500.0,2410.0,repair
DEV004379,phone,budget,9000.0,4,92,none,0.0,fully_functional,8060.0,0.0,sell
DEV004380,laptop,mid,164600.0,77,19,port_damage,0.3,fully_functional,25340.0,6060.0,repair
DEV004381,phone,mid,86800.0,60,46,screen_crack,0.64,fully_functional,9510.0,24730.0,recycle
DEV004382,phone,mid,92600.0,24,82,screen_crack,0.92,fully_functional,23080.0,30470.0,recycle
DEV004383,laptop,budget,137900.0,69,31,body_damage,0.76,partially_functional,19800.0,19930.0,recycle
DEV004384,pc,mid,123900.0,59,52,screen_scratch,0.84,partially_functional,33520.0,5510.0,repair
DEV004385,monitor,budget,30200.0,40,73,none,0.0,fully_functional,18000.0,0.0,sell
DEV004386,phone,budget,69200.0,11,100,battery_issue,0.22,partially_functional,46160.0,4590.0,repair
DEV004387,phone,mid,65700.0,9,93,none,0.0,fully_functional,54740.0,0.0,sell
DEV004388,tablet,mid,52600.0,68,53,none,0.0,fully_functional,11990.0,0.0,upgrade
DEV004389,laptop,mid,160600.0,77,23,none,0.0,fully_functional,31550.0,0.0,upgrade
DEV004390,phone,budget,102600.0,60,38,port_damage,0.27,partially_functional,11840.0,4000.0,repair
DEV004391,pc,mid,37800.0,50,37,battery_issue,0.51,fully_functional,11870.0,1500.0,repair
DEV004392,laptop,mid,82700.0,120,15,none,0.0,fully_functional,7260.0,0.0,upgrade
DEV004393,tablet,budget,9800.0,37,67,none,0.0,fully_functional,4110.0,0.0,sell
DEV004394,laptop,budget,161900.0,52,52,keyboard_damage,0.28,fully_functional,45140.0,8200.0,repair
DEV004395,laptop,budget,172200.0,63,39,none,0.0,fully_functional,47380.0,0.0,sell
DEV004396,phone,budget,73500.0,43,49,none,0.0,fully_functional,18940.0,0.0,upgrade
DEV004397,pc,budget,69000.0,75,30,battery_issue,0.8,fully_functional,12660.0,7780.0,upgrade
DEV004398,phone,budget,41700.0,12,100,screen_scratch,0.52,partially_functional,22750.0,1240.0,repair
DEV004399,pc,mid,131200.0,31,66,none,0.0,fully_functional,77030.0,0.0,sell
DEV004400,pc,mid,59900.0,114,15,none,0.0,fully_functional,10360.0,0.0,upgrade
DEV004401,tablet,mid,25200.0,8,99,body_damage,1.0,partially_functional,10840.0,4710.0,sell
DEV004402,phone,mid,111700.0,5,100,dead_pixel,0.95,not_functional,47650.0,21090.0,sell
DEV004403,phone,budget,33900.0,32,73,none,0.0,fully_functional,11750.0,0.0,sell
DEV004404,laptop,premium,326300.0,36,73,screen_crack,0.39,fully_functional,118920.0,64560.0,sell
DEV004405,laptop,mid,121700.0,62,45,none,0.0,fully_functional,33170.0,0.0,upgrade
DEV004406,monitor,mid,39400.0,62,51,screen_crack,0.86,partially_functional,10660.0,11410.0,recycle
DEV004407,laptop,budget,18400.0,6,95,dead_pixel,0.99,not_functional,8070.0,2540.0,sell
DEV004408,pc,mid,128900.0,51,62,screen_crack,0.5,not_functional,43400.0,32110.0,recycle
DEV004409,phone,mid,11600.0,26,67,screen_crack,0.61,partially_functional,3270.0,3520.0,recycle
DEV004410,laptop,mid,119600.0,34,72,screen_crack,0.7,partially_functional,35340.0,30790.0,recycle
DEV004411,phone,mid,107500.0,16,91,battery_issue,0.91,not_functional,37410.0,13120.0,sell
DEV004412,tablet,premium,90000.0,96,16,screen_scratch,0.78,partially_functional,5630.0,2990.0,recycle
DEV004413,phone,premium,94700.0,24,83,body_damage,0.17,fully_functional,41980.0,8350.0,repair
DEV004414,phone,mid,86800.0,7,99,battery_issue,0.58,partially_functional,45710.0,6460.0,repair
DEV004415,pc,premium,165600.0,38,78,none,0.0,fully_functional,103760.0,0.0,sell
DEV004416,laptop,premium,175400.0,14,98,none,0.0,fully_functional,134810.0,0.0,sell
DEV004417,phone,budget,43000.0,66,33,port_damage,0.23,partially_functional,4290.0,1880.0,recycle
DEV004418,phone,mid,80600.0,32,68,screen_scratch,0.55,fully_functional,20600.0,1760.0,repair
DEV004419,laptop,budget,34900.0,27,85,none,0.0,fully_functional,20550.0,0.0,sell
DEV004420,phone,budget,34700.0,10,80,none,0.0,fully_functional,23410.0,0.0,sell
DEV004421,phone,budget,35900.0,25,71,none,0.0,fully_functional,16370.0,0.0,sell
DEV004422,tablet,mid,60300.0,75,39,dead_pixel,0.64,partially_functional,7820.0,6560.0,recycle
DEV004423,phone,budget,34600.0,11,95,battery_issue,0.98,partially_functional,13270.0,4750.0,sell
DEV004424,laptop,budget,128100.0,61,47,port_damage,0.6,not_functional,24810.0,9040.0,upgrade
DEV004425,laptop,budget,113400.0,29,74,port_damage,0.21,fully_functional,59070.0,3870.0,repair
DEV004426,phone,mid,19100.0,17,85,port_damage,0.9,partially_functional,6240.0,1630.0,repair
DEV004427,phone,premium,66300.0,44,62,keyboard_damage,0.99,partially_functional,8430.0,6810.0,recycle
DEV004428,phone,premium,181200.0,65,30,screen_scratch,0.48,fully_functional,17050.0,6330.0,recycle
DEV004429,phone,mid,117900.0,32,74,none,0.0,fully_functional,43890.0,0.0,sell
DEV004430,phone,budget,65200.0,18,85,none,0.0,fully_functional,38070.0,0.0,sell
DEV004431,monitor,premium,85500.0,45,46,none,0.0,fully_functional,43430.0,0.0,sell
DEV004432,pc,budget,106700.0,103,15,none,0.0,fully_functional,24170.0,0.0,upgrade
DEV004433,laptop,premium,248100.0,20,77,none,0.0,fully_functional,170640.0,0.0,sell
DEV004434,laptop,mid,156000.0,75,25,none,0.0,fully_functional,34710.0,0.0,upgrade
DEV004435,laptop,mid,195000.0,54,57,screen_crack,0.54,partially_functional,42390.0,31910.0,sell
DEV004436,pc,budget,40500.0,51,40,battery_issue,0.84,partially_functional,10400.0,3960.0,sell
DEV004437,phone,budget,49900.0,8,90,keyboard_damage,0.23,fully_functional,32680.0,1820.0,repair
DEV004438,phone,mid,89700.0,29,60,body_damage,0.3,fully_functional,30330.0,8950.0,repair
DEV004439,phone,mid,72500.0,53,38,none,0.0,fully_functional,13870.0,0.0,upgrade
DEV004440,phone,premium,157100.0,9,92,body_damage,0.77,partially_functional,73010.0,24760.0,repair
DEV004441,phone,mid,130900.0,12,75,body_damage,0.92,partially_functional,45690.0,17370.0,sell
DEV004442,pc,mid,70300.0,100,15,screen_scratch,0.25,partially_functional,13340.0,1490.0,repair
DEV004443,monitor,budget,21400.0,60,47,dead_pixel,0.58,fully_functional,6910.0,1950.0,repair
DEV004444,phone,mid,11400.0,33,72,none,0.0,fully_functional,4160.0,0.0,upgrade
DEV004445,laptop,budget,150900.0,19,93,dead_pixel,0.93,partially_functional,56900.0,24090.0,sell
DEV004446,laptop,mid,207700.0,17,75,port_damage,0.77,partially_functional,93100.0,13410.0,repair
DEV004447,laptop,mid,170900.0,23,66,none,0.0,fully_functional,100070.0,0.0,sell
DEV004448,laptop,premium,289000.0,42,51,screen_scratch,0.66,partially_functional,80410.0,12460.0,repair
DEV004449,phone,mid,29400.0,3,89,port_damage,0.96,not_functional,12950.0,1860.0,sell
DEV004450,pc,budget,96400.0,103,15,none,0.0,fully_functional,19370.0,0.0,upgrade
DEV004451,monitor,premium,87700.0,108,15,keyboard_damage,0.67,not_functional,15400.0,5900.0,upgrade
DEV004452,tablet,mid,20000.0,16,86,none,0.0,fully_functional,14140.0,0.0,sell
DEV004453,tablet,mid,76600.0,46,51,none,0.0,fully_functional,25100.0,0.0,upgrade
DEV004454,laptop,mid,230300.0,77,25,battery_issue,0.44,fully_functional,32780.0,12680.0,upgrade
DEV004455,phone,premium,170000.0,51,50,battery_issue,0.21,fully_functional,29650.0,9130.0,repair
DEV004456,phone,budget,16600.0,12,84,body_damage,0.29,fully_functional,9710.0,1280.0,repair
DEV004457,laptop,mid,72100.0,52,62,keyboard_damage,0.49,partially_functional,18890.0,5660.0,repair
DEV004458,phone,mid,47000.0,72,30,dead_pixel,0.5,partially_functional,3340.0,4210.0,recycle
DEV004459,pc,budget,72100.0,47,72,keyboard_damage,0.16,partially_functional,32250.0,3400.0,repair
DEV004460,laptop,premium,242400.0,42,62,screen_crack,0.78,fully_functional,61490.0,78140.0,recycle
DEV004461,laptop,budget,53000.0,29,76,screen_crack,0.68,fully_functional,19720.0,11380.0,sell
DEV004462,phone,budget,32700.0,0,100,none,0.0,fully_functional,31400.0,0.0,sell
DEV004463,monitor,budget,33000.0,26,76,none,0.0,fully_functional,21900.0,0.0,sell
DEV004464,phone,premium,53400.0,9,100,port_damage,0.34,partially_functional,34380.0,2130.0,repair
DEV004465,phone,mid,19700.0,31,73,screen_crack,0.64,partially_functional,4540.0,4960.0,recycle
DEV004466,phone,budget,15100.0,13,78,none,0.0,fully_functional,9560.0,0.0,sell
DEV004467,tablet,budget,21000.0,4,88,dead_pixel,0.58,fully_functional,13650.0,1280.0,repair
DEV004468,monitor,budget,23800.0,66,46,screen_crack,0.65,not_functional,6850.0,5960.0,recycle
DEV004469,phone,budget,88200.0,25,72,none,0.0,fully_functional,36610.0,0.0,sell
DEV004470,monitor,mid,46800.0,78,32,none,0.0,fully_functional,18290.0,0.0,upgrade
DEV004471,phone,budget,68400.0,18,89,none,0.0,fully_functional,39680.0,0.0,sell
DEV004472,tablet,budget,58700.0,22,87,body_damage,0.9,partially_functional,20100.0,9540.0,sell
DEV004473,phone,budget,53000.0,12,85,screen_crack,0.99,partially_functional,18980.0,14410.0,sell
DEV004474,laptop,mid,119400.0,120,15,screen_crack,0.69,fully_functional,6530.0,32880.0,recycle
DEV004475,tablet,mid,10300.0,36,73,body_damage,0.28,partially_functional,3880.0,960.0,repair
DEV004476,laptop,mid,39900.0,31,74,screen_crack,0.95,partially_functional,11670.0,15330.0,recycle
DEV004477,phone,mid,91000.0,28,87,screen_crack,0.85,not_functional,21770.0,24760.0,recycle
DEV004478,pc,premium,222800.0,79,22,none,0.0,fully_functional,68760.0,0.0,upgrade
DEV004479,monitor,mid,24100.0,13,87,screen_scratch,0.98,fully_functional,9780.0,1060.0,repair
DEV004480,laptop,premium,84200.0,67,40,battery_issue,0.42,not_functional,15560.0,6600.0,upgrade
DEV004481,tablet,mid,76600.0,35,60,battery_issue,0.41,partially_functional,26810.0,5280.0,repair
DEV004482,pc,budget,70900.0,10,93,dead_pixel,0.91,not_functional,35920.0,8560.0,sell
DEV004483,phone,premium,137600.0,24,74,keyboard_damage,0.77,not_functional,39760.0,11970.0,sell
DEV004484,pc,mid,77900.0,66,49,screen_crack,0.24,partially_functional,24340.0,12590.0,upgrade
DEV004485,phone,mid,77700.0,27,75,screen_crack,0.34,fully_functional,28690.0,13650.0,sell
DEV004486,pc,budget,132900.0,30,71,body_damage,0.4,fully_functional,64890.0,16500.0,repair
DEV004487,phone,mid,8600.0,5,91,body_damage,0.93,not_functional,4010.0,1810.0,sell
DEV004488,phone,premium,130300.0,31,68,body_damage,0.45,fully_functional,38390.0,13670.0,sell
DEV004489,laptop,budget,60100.0,92,26,dead_pixel,0.27,partially_functional,7030.0,5770.0,recycle
DEV004490,laptop,budget,119300.0,22,75,dead_pixel,0.87,fully_functional,42560.0,14430.0,repair
DEV004491,pc,budget,69800.0,73,37,dead_pixel,0.29,fully_functional,18810.0,5690.0,repair
DEV004492,monitor,mid,12900.0,42,56,body_damage,0.25,partially_functional,6860.0,1310.0,repair
DEV004493,phone,premium,57000.0,17,82,screen_crack,0.86,partially_functional,17470.0,8250.0,sell
DEV004494,phone,mid,45900.0,20,74,body_damage,0.59,fully_functional,16770.0,5120.0,repair
DEV004495,laptop,premium,143000.0,8,97,keyboard_damage,0.82,partially_functional,68880.0,10600.0,upgrade
DEV004496,laptop,mid,149200.0,73,32,none,0.0,fully_functional,33760.0,0.0,upgrade
DEV004497,laptop,budget,40500.0,8,100,screen_scratch,0.31,not_functional,27300.0,980.0,upgrade
DEV004498,pc,budget,68800.0,60,51,body_damage,0.33,partially_functional,26520.0,4310.0,repair
DEV004499,pc,budget,79500.0,29,64,keyboard_damage,0.33,partially_functional,40970.0,3720.0,repair
DEV004500,phone,mid,120600.0,39,59,keyboard_damage,0.87,not_functional,19180.0,7580.0,upgrade
DEV004501,laptop,budget,81200.0,29,69,keyboard_damage,0.51,partially_functional,33650.0,4460.0,repair
DEV004502,tablet,budget,7600.0,11,100,dead_pixel,0.67,not_functional,4040.0,840.0,sell
DEV004503,laptop,premium,324500.0,80,19,screen_crack,0.97,not_functional,28330.0,108160.0,recycle
DEV004504,phone,mid,143600.0,21,69,screen_scratch,0.48,fully_functional,52440.0,3930.0,repair
DEV004505,laptop,budget,37600.0,12,90,screen_scratch,0.85,partially_functional,16440.0,1530.0,repair
DEV004506,laptop,mid,38500.0,25,81,none,0.0,fully_functional,22260.0,0.0,sell
DEV004507,phone,mid,65800.0,40,63,none,0.0,fully_functional,19540.0,0.0,upgrade
DEV004508,pc,premium,50700.0,29,48,dead_pixel,0.39,fully_functional,24380.0,3620.0,repair
DEV004509,phone,mid,130000.0,69,43,screen_crack,0.75,fully_functional,9710.0,35320.0,recycle
DEV004510,laptop,budget,167900.0,45,67,screen_crack,0.53,fully_functional,48070.0,31450.0,sell
DEV004511,laptop,budget,91600.0,70,44,screen_crack,0.59,not_functional,15550.0,20600.0,recycle
DEV004512,pc,budget,116700.0,72,34,none,0.0,fully_functional,37880.0,0.0,upgrade
DEV004513,phone,mid,70900.0,24,63,screen_crack,0.6,not_functional,21290.0,14810.0,sell
DEV004514,phone,mid,21500.0,8,94,none,0.0,fully_functional,16390.0,0.0,sell
DEV004515,phone,mid,92900.0,11,100,body_damage,0.67,partially_functional,48420.0,12320.0,repair
DEV004516,laptop,mid,43300.0,11,81,screen_scratch,0.99,not_functional,16400.0,2530.0,sell
DEV004517,phone,budget,87400.0,5,95,screen_scratch,0.39,fully_functional,58530.0,2450.0,repair
DEV004518,pc,budget,127200.0,0,90,dead_pixel,0.79,not_functional,75460.0,17590.0,repair
DEV004519,phone,budget,68300.0,34,73,battery_issue,0.22,fully_functional,21130.0,3410.0,repair
DEV004520,phone,mid,64600.0,22,76,screen_crack,0.6,not_functional,21250.0,9710.0,sell
DEV004521,laptop,mid,95800.0,54,53,none,0.0,fully_functional,29040.0,0.0,sell
DEV004522,pc,premium,237800.0,70,32,screen_crack,0.93,not_functional,45130.0,56320.0,recycle
DEV004523,pc,budget,53100.0,5,100,port_damage,0.63,not_functional,32210.0,3090.0,sell
DEV004524,tablet,mid,85900.0,24,73,screen_scratch,0.15,fully_functional,46950.0,1740.0,repair
DEV004525,laptop,budget,99900.0,7,99,screen_scratch,0.49,not_functional,64670.0,3050.0,sell
DEV004526,tablet,mid,77300.0,96,15,screen_crack,0.3,partially_functional,6220.0,13400.0,recycle
DEV004527,tablet,budget,8700.0,56,53,screen_crack,0.66,fully_functional,1670.0,1920.0,recycle
DEV004528,phone,mid,80700.0,14,84,screen_crack,0.65,partially_functional,36240.0,18090.0,sell
DEV004529,laptop,budget,140500.0,18,76,screen_crack,0.56,partially_functional,69670.0,34660.0,sell
DEV004530,pc,budget,26000.0,38,72,port_damage,0.68,partially_functional,9700.0,1990.0,repair
DEV004531,phone,mid,55200.0,28,74,screen_scratch,0.99,partially_functional,11400.0,2550.0,repair
DEV004532,tablet,budget,42200.0,50,50,none,0.0,fully_functional,12770.0,0.0,upgrade
DEV004533,laptop,mid,80700.0,87,19,body_damage,0.45,fully_functional,9400.0,11780.0,recycle
DEV004534,laptop,budget,21000.0,83,32,screen_scratch,0.63,partially_functional,2570.0,710.0,repair
DEV004535,phone,premium,60600.0,5,95,body_damage,0.25,not_functional,44850.0,4660.0,sell
DEV004536,tablet,budget,40500.0,23,70,none,0.0,fully_functional,22620.0,0.0,sell
DEV004537,pc,mid,81600.0,33,81,body_damage,0.8,partially_functional,29890.0,15840.0,sell
DEV004538,phone,premium,38800.0,62,46,screen_scratch,0.2,not_functional,5070.0,920.0,recycle
DEV004539,laptop,mid,63700.0,44,60,screen_scratch,0.64,not_functional,18230.0,2240.0,sell
DEV004540,phone,budget,93900.0,38,69,screen_scratch,0.43,fully_functional,22860.0,1860.0,repair
DEV004541,phone,mid,45200.0,48,60,body_damage,0.89,not_functional,5270.0,5790.0,recycle
DEV004542,monitor,budget,25900.0,41,63,screen_crack,0.76,not_functional,9440.0,7540.0,sell
DEV004543,laptop,mid,96900.0,42,71,port_damage,0.46,fully_functional,32530.0,4400.0,repair
DEV004544,laptop,mid,186500.0,51,48,screen_scratch,0.38,fully_functional,52280.0,4850.0,repair
DEV004545,phone,mid,91200.0,13,88,screen_scratch,0.41,fully_functional,49560.0,2850.0,repair
DEV004546,monitor,premium,39400.0,86,18,dead_pixel,0.18,fully_functional,11470.0,2170.0,repair
DEV004547,phone,budget,41100.0,31,72,screen_crack,0.55,not_functional,12850.0,8600.0,sell
DEV004548,tablet,budget,41700.0,93,15,none,0.0,fully_functional,4460.0,0.0,upgrade
DEV004549,phone,budget,34300.0,16,99,none,0.0,fully_functional,23330.0,0.0,sell
DEV004550,phone,mid,130600.0,52,58,port_damage,0.71,partially_functional,17280.0,9280.0,recycle
DEV004551,tablet,budget,49300.0,20,88,screen_scratch,0.16,fully_functional,32540.0,1030.0,repair
DEV004552,phone,mid,87300.0,51,54,screen_scratch,0.39,partially_functional,13200.0,2290.0,repair
DEV004553,tablet,mid,75400.0,14,97,none,0.0,fully_functional,60640.0,0.0,sell
DEV004554,phone,premium,103400.0,25,83,none,0.0,fully_functional,52200.0,0.0,upgrade
DEV004555,tablet,mid,46500.0,61,47,screen_crack,0.16,fully_functional,10410.0,7420.0,upgrade
DEV004556,pc,budget,91500.0,76,39,screen_scratch,0.18,fully_functional,26020.0,1300.0,repair
DEV004557,tablet,budget,41900.0,23,72,screen_crack,0.5,partially_functional,20010.0,10970.0,sell
DEV004558,phone,mid,13800.0,19,82,battery_issue,0.29,fully_functional,6240.0,900.0,repair
DEV004559,tablet,budget,23700.0,21,81,dead_pixel,0.64,not_functional,10460.0,3170.0,sell
DEV004560,monitor,budget,12500.0,22,77,none,0.0,fully_functional,10030.0,0.0,sell
DEV004561,phone,budget,63200.0,27,79,dead_pixel,0.71,not_functional,17600.0,10150.0,sell
DEV004562,phone,mid,31200.0,43,57,screen_crack,0.42,fully_functional,6280.0,5640.0,recycle
DEV004563,pc,premium,275900.0,31,62,keyboard_damage,0.95,not_functional,96060.0,29830.0,sell
DEV004564,phone,budget,72400.0,3,100,dead_pixel,0.6,partially_functional,45830.0,6930.0,repair
DEV004565,tablet,budget,11700.0,2,100,body_damage,0.18,fully_functional,9940.0,1030.0,repair
DEV004566,pc,mid,79800.0,30,74,body_damage,0.35,fully_functional,36550.0,9440.0,repair
DEV004567,phone,budget,53300.0,39,72,screen_scratch,0.86,not_functional,9710.0,2180.0,upgrade
DEV004568,laptop,premium,137500.0,76,33,screen_scratch,0.44,partially_functional,21150.0,2740.0,repair
DEV004569,laptop,mid,132600.0,57,56,body_damage,0.75,partially_functional,26540.0,20290.0,upgrade
DEV004570,phone,mid,20700.0,35,67,screen_crack,0.76,partially_functional,4250.0,5330.0,recycle
DEV004571,pc,premium,150900.0,69,41,keyboard_damage,0.2,fully_functional,51840.0,7200.0,repair
DEV004572,phone,mid,61200.0,4,93,none,0.0,fully_functional,57160.0,0.0,sell
DEV004573,laptop,budget,126000.0,18,84,none,0.0,fully_functional,82190.0,0.0,recycle
DEV004574,pc,mid,149200.0,41,64,keyboard_damage,0.96,not_functional,41210.0,11750.0,sell
DEV004575,phone,mid,35800.0,25,73,port_damage,0.76,partially_functional,10320.0,2150.0,repair
DEV004576,pc,mid,77800.0,22,61,none,0.0,fully_functional,56380.0,0.0,sell
DEV004577,phone,premium,76300.0,15,82,none,0.0,fully_functional,47410.0,0.0,sell
DEV004578,laptop,budget,18400.0,62,36,none,0.0,fully_functional,4870.0,0.0,upgrade
DEV004579,phone,mid,104400.0,60,34,none,0.0,fully_functional,15500.0,0.0,upgrade
DEV004580,tablet,budget,25700.0,42,65,battery_issue,0.62,partially_functional,6500.0,2000.0,repair
DEV004581,pc,budget,116900.0,114,15,screen_crack,0.3,fully_functional,18270.0,18760.0,recycle
DEV004582,pc,mid,150700.0,88,19,body_damage,0.5,fully_functional,29300.0,17130.0,upgrade
DEV004583,monitor,mid,6600.0,47,61,none,0.0,fully_functional,3820.0,0.0,sell
DEV004584,tablet,mid,29700.0,31,67,dead_pixel,0.43,fully_functional,12240.0,2450.0,repair
DEV004585,pc,budget,79000.0,40,74,none,0.0,fully_functional,42900.0,0.0,sell
DEV004586,laptop,budget,51000.0,74,28,keyboard_damage,0.59,fully_functional,7620.0,3490.0,upgrade
DEV004587,monitor,mid,47100.0,59,70,screen_scratch,0.79,partially_functional,14490.0,1520.0,repair
DEV004588,tablet,mid,79500.0,6,81,none,0.0,fully_functional,64740.0,0.0,sell
DEV004589,pc,mid,135200.0,59,43,screen_crack,0.9,partially_functional,28790.0,39070.0,recycle
DEV004590,phone,mid,83600.0,10,84,none,0.0,fully_functional,60600.0,0.0,sell
DEV004591,laptop,premium,280100.0,107,15,none,0.0,fully_functional,29010.0,0.0,upgrade
DEV004592,tablet,mid,15700.0,30,78,screen_scratch,0.5,not_functional,6110.0,440.0,sell
DEV004593,phone,budget,101000.0,27,96,port_damage,0.22,not_functional,39190.0,3470.0,sell
DEV004594,phone,mid,122600.0,28,70,body_damage,0.22,fully_functional,42360.0,8840.0,repair
DEV004595,monitor,mid,59000.0,35,75,none,0.0,fully_functional,40450.0,0.0,sell
DEV004596,laptop,premium,338400.0,67,32,dead_pixel,0.49,partially_functional,60810.0,33740.0,upgrade
DEV004597,phone,mid,45100.0,23,80,screen_crack,0.4,fully_functional,17800.0,9380.0,sell
DEV004598,phone,mid,50400.0,8,100,battery_issue,0.48,partially_functional,29750.0,3970.0,repair
DEV004599,laptop,budget,91000.0,52,58,body_damage,0.22,fully_functional,28570.0,8080.0,repair
DEV004600,tablet,mid,64900.0,45,57,screen_crack,0.51,partially_functional,16810.0,17930.0,recycle
DEV004601,monitor,premium,28300.0,21,76,dead_pixel,0.52,partially_functional,16350.0,3120.0,repair
DEV004602,monitor,premium,23700.0,168,15,body_damage,0.37,partially_functional,2600.0,1810.0,recycle
DEV004603,tablet,budget,41600.0,27,85,screen_scratch,0.44,partially_functional,17010.0,1230.0,repair
DEV004604,tablet,budget,59700.0,9,100,none,0.0,fully_functional,47970.0,0.0,sell
DEV004605,phone,mid,119800.0,15,91,none,0.0,fully_functional,77740.0,0.0,sell
DEV004606,pc,mid,87100.0,30,77,body_damage,0.69,not_functional,35150.0,10270.0,sell
DEV004607,phone,premium,183700.0,24,73,screen_scratch,0.71,partially_functional,60070.0,7270.0,repair
DEV004608,phone,budget,49800.0,10,82,screen_scratch,0.24,fully_functional,29080.0,1270.0,repair
DEV004609,monitor,premium,67800.0,33,81,body_damage,0.66,partially_functional,30520.0,9680.0,repair
DEV004610,pc,mid,38600.0,38,77,dead_pixel,0.4,fully_functional,19250.0,3700.0,repair
DEV004611,phone,budget,91500.0,16,85,none,0.0,fully_functional,56270.0,0.0,sell
DEV004612,tablet,budget,28400.0,6,96,none,0.0,fully_functional,24420.0,0.0,sell
DEV004613,laptop,mid,52300.0,19,93,screen_crack,0.24,fully_functional,33740.0,7310.0,upgrade
DEV004614,phone,budget,40200.0,42,65,body_damage,0.71,partially_functional,6710.0,5620.0,recycle
DEV004615,phone,mid,82200.0,72,34,screen_crack,0.93,partially_functional,4500.0,26540.0,recycle
DEV004616,phone,mid,113400.0,14,98,none,0.0,fully_functional,69620.0,0.0,sell
DEV004617,laptop,mid,153400.0,59,21,screen_scratch,1.0,not_functional,20930.0,7700.0,upgrade
DEV004618,laptop,budget,147900.0,45,71,none,0.0,fully_functional,61300.0,0.0,sell
DEV004619,laptop,premium,352900.0,3,93,body_damage,0.37,fully_functional,274140.0,37860.0,repair
DEV004620,phone,mid,16000.0,18,85,body_damage,0.48,partially_functional,7010.0,1530.0,repair
DEV004621,monitor,mid,11400.0,90,24,screen_crack,0.19,fully_functional,3240.0,1530.0,upgrade
DEV004622,tablet,mid,53400.0,16,83,keyboard_damage,0.52,fully_functional,27290.0,3340.0,repair
DEV004623,pc,mid,165400.0,53,59,screen_crack,0.88,not_functional,43490.0,61170.0,recycle
DEV004624,phone,premium,179700.0,16,84,screen_scratch,0.58,fully_functional,77610.0,6390.0,repair
DEV004625,tablet,mid,78000.0,56,43,body_damage,0.95,not_functional,10440.0,11760.0,recycle
DEV004626,pc,mid,166200.0,31,71,body_damage,0.24,partially_functional,81470.0,13320.0,repair
DEV004627,phone,budget,29500.0,68,37,body_damage,0.69,partially_functional,2510.0,4030.0,recycle
DEV004628,phone,budget,30900.0,28,66,screen_scratch,0.2,fully_functional,10910.0,660.0,repair
DEV004629,phone,mid,136400.0,49,58,none,0.0,fully_functional,29390.0,0.0,upgrade
DEV004630,phone,budget,42800.0,14,100,battery_issue,0.78,not_functional,18520.0,3810.0,sell
DEV004631,laptop,mid,121800.0,84,23,none,0.0,fully_functional,20710.0,0.0,upgrade
DEV004632,phone,premium,77500.0,37,71,none,0.0,fully_functional,22970.0,0.0,upgrade
DEV004633,phone,mid,100100.0,15,89,body_damage,0.95,partially_functional,31260.0,17960.0,sell
DEV004634,tablet,budget,7600.0,96,21,none,0.0,fully_functional,870.0,0.0,upgrade
DEV004635,phone,mid,29200.0,56,55,screen_crack,0.95,not_functional,2780.0,9760.0,recycle
DEV004636,phone,budget,81700.0,42,49,none,0.0,fully_functional,20450.0,0.0,upgrade
DEV004637,tablet,mid,51800.0,17,89,screen_crack,0.76,partially_functional,21980.0,14800.0,sell
DEV004638,phone,mid,13300.0,12,96,body_damage,0.4,partially_functional,7490.0,1500.0,repair
DEV004639,phone,mid,145500.0,28,76,dead_pixel,0.99,partially_functional,31170.0,17220.0,sell
DEV004640,phone,mid,132900.0,13,76,screen_crack,0.95,partially_functional,45700.0,47080.0,recycle
DEV004641,phone,mid,124800.0,49,44,keyboard_damage,0.42,fully_functional,20000.0,6290.0,repair
DEV004642,laptop,budget,57600.0,48,53,battery_issue,0.44,partially_functional,16700.0,5030.0,repair
DEV004643,phone,budget,73800.0,31,72,none,0.0,fully_functional,28860.0,0.0,sell
DEV004644,phone,mid,141100.0,8,84,screen_crack,0.31,partially_functional,94380.0,22590.0,repair
DEV004645,monitor,premium,36800.0,18,72,keyboard_damage,0.28,fully_functional,25120.0,1560.0,repair
DEV004646,monitor,budget,15400.0,77,22,body_damage,0.37,partially_functional,4600.0,1740.0,upgrade
DEV004647,phone,budget,15500.0,5,95,screen_scratch,0.68,partially_functional,8540.0,440.0,repair
DEV004648,phone,budget,32400.0,20,78,dead_pixel,0.72,not_functional,10910.0,4010.0,sell
DEV004649,laptop,mid,51000.0,5,98,keyboard_damage,0.77,not_functional,27260.0,3720.0,sell
DEV004650,pc,budget,111700.0,20,99,none,0.0,fully_functional,88360.0,0.0,sell
DEV004651,pc,mid,98200.0,80,34,screen_scratch,0.6,fully_functional,20150.0,2260.0,repair
DEV004652,phone,budget,66000.0,29,79,screen_scratch,0.93,fully_functional,14860.0,3050.0,repair
DEV004653,phone,mid,16300.0,56,53,screen_crack,0.49,not_functional,2280.0,4860.0,recycle
DEV004654,laptop,budget,102500.0,44,61,none,0.0,fully_functional,40700.0,0.0,sell
DEV004655,pc,mid,182800.0,41,58,dead_pixel,0.29,fully_functional,81020.0,11320.0,repair
DEV004656,pc,budget,68800.0,31,65,keyboard_damage,0.86,not_functional,24740.0,6290.0,sell
DEV004657,phone,mid,118700.0,43,77,screen_scratch,0.92,partially_functional,18510.0,4400.0,repair
DEV004658,laptop,premium,327500.0,120,15,screen_scratch,0.86,partially_functional,15140.0,13420.0,recycle
DEV004659,phone,budget,12000.0,33,73,screen_crack,0.81,partially_functional,2590.0,3090.0,recycle
DEV004660,tablet,premium,85500.0,28,67,none,0.0,fully_functional,44440.0,0.0,sell
DEV004661,monitor,budget,18500.0,20,88,port_damage,0.55,partially_functional,10430.0,1020.0,repair
DEV004662,laptop,mid,125100.0,54,37,screen_scratch,0.69,partially_functional,25560.0,4000.0,repair
DEV004663,phone,mid,104600.0,55,48,port_damage,0.25,partially_functional,14870.0,2980.0,recycle
DEV004664,laptop,budget,125400.0,68,38,body_damage,0.26,fully_functional,26270.0,11940.0,upgrade
DEV004665,laptop,mid,161800.0,37,69,screen_crack,0.65,partially_functional,55120.0,58570.0,recycle
DEV004666,pc,budget,135800.0,22,80,body_damage,0.34,partially_functional,83510.0,15780.0,recycle
DEV004667,phone,mid,121700.0,27,82,dead_pixel,0.76,partially_functional,33220.0,15250.0,sell
DEV004668,pc,mid,125700.0,20,83,none,0.0,fully_functional,88000.0,0.0,sell
DEV004669,phone,premium,100600.0,28,66,screen_crack,0.91,not_functional,21850.0,22980.0,recycle
DEV004670,phone,budget,77000.0,32,90,none,0.0,fully_functional,30570.0,0.0,sell
DEV004671,phone,premium,148900.0,52,52,none,0.0,fully_functional,29240.0,0.0,upgrade
DEV004672,phone,budget,96500.0,47,64,screen_crack,0.36,partially_functional,17430.0,15470.0,recycle
DEV004673,phone,mid,148800.0,32,81,screen_scratch,0.15,fully_functional,52960.0,3030.0,repair
DEV004674,tablet,budget,11600.0,28,62,screen_crack,0.59,partially_functional,3940.0,2520.0,sell
DEV004675,phone,budget,52300.0,48,57,none,0.0,fully_functional,11320.0,0.0,upgrade
DEV004676,phone,budget,60100.0,2,81,screen_crack,0.44,partially_functional,43640.0,13190.0,repair
DEV004677,phone,mid,55100.0,55,48,port_damage,0.56,fully_functional,6940.0,2150.0,repair
DEV004678,phone,budget,100400.0,4,98,port_damage,0.16,fully_functional,79310.0,2810.0,repair
DEV004679,pc,mid,161000.0,144,15,body_damage,0.87,fully_functional,11330.0,26620.0,recycle
DEV004680,monitor,premium,62400.0,27,68,none,0.0,fully_functional,41470.0,0.0,sell
DEV004681,phone,budget,37500.0,8,100,none,0.0,fully_functional,29070.0,0.0,sell
DEV004682,pc,budget,90200.0,22,88,screen_crack,0.83,fully_functional,40680.0,20370.0,sell
DEV004683,tablet,budget,37400.0,6,100,port_damage,0.44,partially_functional,25800.0,1370.0,repair
DEV004684,monitor,budget,19000.0,42,65,none,0.0,fully_functional,11820.0,0.0,sell
DEV004685,phone,mid,54000.0,29,79,none,0.0,fully_functional,20910.0,0.0,sell
DEV004686,phone,mid,90800.0,25,75,dead_pixel,0.32,fully_functional,36930.0,7200.0,repair
DEV004687,laptop,budget,85400.0,89,31,none,0.0,fully_functional,13350.0,0.0,upgrade
DEV004688,pc,budget,62800.0,15,73,port_damage,0.71,not_functional,30710.0,3980.0,sell
DEV004689,tablet,mid,52600.0,76,35,port_damage,0.59,fully_functional,6350.0,2660.0,recycle
DEV004690,laptop,budget,33900.0,34,64,none,0.0,fully_functional,18150.0,0.0,sell
DEV004691,phone,mid,69900.0,43,61,body_damage,0.98,not_functional,9060.0,14360.0,recycle
DEV004692,tablet,premium,56300.0,52,64,screen_crack,0.88,not_functional,10850.0,15510.0,recycle
DEV004693,pc,budget,53300.0,78,27,battery_issue,0.82,partially_functional,9990.0,6760.0,upgrade
DEV004694,laptop,mid,98800.0,40,54,none,0.0,fully_functional,38910.0,0.0,sell
DEV004695,tablet,premium,118900.0,26,78,none,0.0,fully_functional,62520.0,0.0,sell
DEV004696,laptop,mid,158500.0,112,15,none,0.0,fully_functional,15590.0,0.0,upgrade
DEV004697,laptop,mid,115400.0,65,23,screen_crack,0.51,partially_functional,20410.0,27800.0,recycle
DEV004698,laptop,mid,115500.0,4,100,none,0.0,fully_functional,105270.0,0.0,sell
DEV004699,pc,mid,73800.0,49,65,none,0.0,fully_functional,35580.0,0.0,sell
DEV004700,monitor,mid,30600.0,36,66,none,0.0,fully_functional,20620.0,0.0,sell
DEV004701,laptop,mid,152800.0,27,74,none,0.0,fully_functional,86930.0,0.0,sell
DEV004702,phone,mid,47400.0,24,76,none,0.0,fully_functional,22770.0,0.0,sell
DEV004703,laptop,mid,36800.0,24,84,screen_crack,0.43,fully_functional,17890.0,7190.0,sell
DEV004704,phone,budget,67600.0,28,61,battery_issue,0.4,partially_functional,21610.0,3540.0,repair
DEV004705,phone,premium,173400.0,8,81,screen_crack,0.65,partially_functional,97420.0,48370.0,sell
DEV004706,phone,budget,93800.0,39,61,screen_scratch,0.7,partially_functional,18290.0,3800.0,repair
DEV004707,laptop,budget,122900.0,62,42,screen_crack,0.87,not_functional,21050.0,39830.0,recycle
DEV004708,phone,budget,87100.0,8,97,body_damage,0.81,not_functional,42510.0,13000.0,sell
DEV004709,phone,budget,31100.0,14,91,none,0.0,fully_functional,19670.0,0.0,sell
DEV004710,pc,mid,194500.0,26,88,screen_crack,0.17,fully_functional,133140.0,26390.0,repair
DEV004711,phone,budget,89000.0,24,88,dead_pixel,0.21,not_functional,38690.0,6480.0,sell
DEV004712,tablet,mid,29000.0,27,79,none,0.0,fully_functional,16950.0,0.0,sell
DEV004713,monitor,mid,52600.0,92,15,none,0.0,fully_functional,15020.0,0.0,upgrade
DEV004714,laptop,budget,129100.0,15,77,screen_scratch,0.72,not_functional,53940.0,4540.0,sell
DEV004715,phone,budget,84800.0,27,69,screen_crack,0.72,partially_functional,22980.0,19920.0,recycle
DEV004716,phone,mid,89800.0,38,72,body_damage,0.9,partially_functional,16500.0,13570.0,recycle
DEV004717,laptop,mid,63200.0,66,40,battery_issue,0.41,partially_functional,12030.0,5100.0,upgrade
DEV004718,laptop,budget,44700.0,36,67,none,0.0,fully_functional,21550.0,0.0,sell
DEV004719,phone,budget,46800.0,27,79,none,0.0,fully_functional,19680.0,0.0,sell
DEV004720,laptop,budget,153100.0,17,81,none,0.0,fully_functional,111020.0,0.0,sell
DEV004721,laptop,budget,19300.0,48,57,battery_issue,0.39,fully_functional,5560.0,1430.0,repair
DEV004722,phone,budget,85600.0,22,67,port_damage,0.22,fully_functional,37240.0,2650.0,repair
DEV004723,tablet,premium,19400.0,18,84,dead_pixel,0.69,not_functional,8270.0,2230.0,sell
DEV004724,phone,budget,81800.0,48,66,screen_scratch,0.81,not_functional,10760.0,2800.0,recycle
DEV004725,phone,budget,38800.0,20,70,none,0.0,fully_functional,18080.0,0.0,sell
DEV004726,pc,premium,71000.0,114,15,dead_pixel,0.67,not_functional,8310.0,6030.0,recycle
DEV004727,phone,mid,121500.0,72,32,body_damage,0.35,partially_functional,10180.0,12210.0,recycle
DEV004728,tablet,mid,17900.0,18,81,body_damage,0.18,fully_functional,10920.0,1170.0,repair
DEV004729,laptop,mid,175500.0,50,44,battery_issue,0.5,fully_functional,48250.0,12650.0,repair
DEV004730,phone,premium,179200.0,12,88,screen_scratch,0.95,partially_functional,62830.0,7390.0,repair
DEV004731,monitor,budget,15800.0,20,72,none,0.0,fully_functional,11460.0,0.0,sell
DEV004732,phone,budget,19800.0,16,88,battery_issue,0.26,fully_functional,9840.0,900.0,repair
DEV004733,phone,premium,204500.0,44,50,none,0.0,fully_functional,51950.0,0.0,upgrade
DEV004734,monitor,mid,41000.0,104,15,dead_pixel,0.71,partially_functional,7130.0,5790.0,recycle
DEV004735,tablet,premium,81500.0,35,71,dead_pixel,0.29,fully_functional,32070.0,6090.0,repair
DEV004736,tablet,budget,11200.0,23,62,body_damage,0.21,partially_functional,5680.0,700.0,repair
DEV004737,phone,premium,51800.0,46,55,none,0.0,fully_functional,11910.0,0.0,upgrade
DEV004738,phone,budget,39600.0,20,90,screen_scratch,0.84,not_functional,13480.0,1470.0,sell
DEV004739,tablet,mid,39000.0,69,25,screen_scratch,0.58,not_functional,5120.0,1150.0,recycle
DEV004740,phone,premium,84000.0,15,86,none,0.0,fully_functional,51310.0,0.0,sell
DEV004741,phone,budget,72500.0,28,81,screen_crack,0.27,partially_functional,25340.0,9130.0,sell
DEV004742,pc,budget,132200.0,88,28,screen_crack,0.79,not_functional,21530.0,37660.0,recycle
DEV004743,phone,mid,101900.0,16,76,battery_issue,0.64,partially_functional,39240.0,8610.0,repair
DEV004744,phone,premium,208300.0,63,51,screen_crack,0.83,partially_functional,16820.0,60170.0,recycle
DEV004745,phone,budget,48500.0,17,92,screen_crack,0.51,partially_functional,20460.0,12180.0,sell
DEV004746,laptop,premium,265900.0,32,82,none,0.0,fully_functional,133920.0,0.0,sell
DEV004747,tablet,budget,53700.0,28,80,body_damage,0.71,not_functional,17010.0,9620.0,sell
DEV004748,pc,mid,33000.0,144,15,battery_issue,0.91,partially_functional,2400.0,2640.0,recycle
DEV004749,phone,budget,11400.0,8,98,keyboard_damage,0.55,fully_functional,6260.0,750.0,repair
DEV004750,phone,premium,111500.0,44,58,dead_pixel,0.6,fully_functional,21130.0,13630.0,upgrade
DEV004751,laptop,budget,157800.0,12,98,screen_scratch,0.25,fully_functional,115590.0,3220.0,repair
DEV004752,laptop,mid,53400.0,101,15,keyboard_damage,0.47,partially_functional,4880.0,3080.0,recycle
DEV004753,laptop,budget,157900.0,20,72,screen_scratch,0.94,not_functional,54830.0,8150.0,sell
DEV004754,monitor,premium,55900.0,65,41,battery_issue,0.18,partially_functional,22720.0,2930.0,repair
DEV004755,laptop,mid,115800.0,55,58,battery_issue,0.41,partially_functional,28900.0,10030.0,recycle
DEV004756,laptop,budget,69900.0,28,90,screen_scratch,0.44,fully_functional,31480.0,1950.0,repair
DEV004757,monitor,budget,29700.0,89,15,screen_scratch,0.54,not_functional,6960.0,990.0,upgrade
DEV004758,phone,budget,59800.0,10,99,keyboard_damage,0.36,fully_functional,38900.0,3500.0,repair
DEV004759,monitor,mid,51400.0,64,48,screen_crack,0.58,fully_functional,15560.0,10150.0,sell
DEV004760,laptop,premium,340000.0,5,99,screen_crack,0.96,partially_functional,179440.0,115650.0,sell
DEV004761,laptop,mid,70100.0,47,48,body_damage,0.44,fully_functional,18320.0,7300.0,sell
DEV004762,monitor,mid,23200.0,55,45,screen_crack,0.2,not_functional,8880.0,4210.0,sell
DEV004763,laptop,mid,195400.0,55,43,none,0.0,fully_functional,64790.0,0.0,upgrade
DEV004764,laptop,mid,224300.0,55,47,none,0.0,fully_functional,71990.0,0.0,upgrade
DEV004765,phone,budget,63000.0,10,98,none,0.0,fully_functional,47580.0,0.0,sell
DEV004766,tablet,budget,55500.0,34,86,battery_issue,0.47,fully_functional,21290.0,4260.0,repair
DEV004767,laptop,budget,27300.0,53,44,keyboard_damage,0.7,not_functional,5450.0,2120.0,sell
DEV004768,phone,mid,105500.0,26,71,none,0.0,fully_functional,42030.0,0.0,sell
DEV004769,tablet,budget,62100.0,49,57,none,0.0,fully_functional,19650.0,0.0,upgrade
DEV004770,tablet,mid,59900.0,45,67,screen_scratch,0.26,partially_functional,18260.0,1270.0,repair
DEV004771,laptop,budget,17900.0,23,96,none,0.0,fully_functional,11070.0,0.0,sell
DEV004772,phone,mid,49400.0,15,84,body_damage,0.31,not_functional,25170.0,4710.0,sell
DEV004773,laptop,budget,26200.0,71,31,battery_issue,0.59,fully_functional,3910.0,2400.0,upgrade
DEV004774,phone,mid,40200.0,33,68,keyboard_damage,0.9,partially_functional,7640.0,2730.0,upgrade
DEV004775,phone,budget,77500.0,30,66,screen_scratch,0.26,partially_functional,26320.0,2110.0,repair
DEV004776,laptop,budget,103000.0,100,15,keyboard_damage,0.54,fully_functional,9360.0,6180.0,recycle
DEV004777,phone,budget,61100.0,31,67,dead_pixel,0.27,fully_functional,20040.0,5900.0,repair
DEV004778,phone,mid,17000.0,11,92,none,0.0,fully_functional,10600.0,0.0,sell
DEV004779,tablet,mid,29900.0,14,90,battery_issue,0.68,not_functional,13690.0,3100.0,sell
DEV004780,phone,budget,81900.0,18,84,dead_pixel,0.82,fully_functional,26210.0,10780.0,sell
DEV004781,monitor,mid,47300.0,44,61,none,0.0,fully_functional,28450.0,0.0,sell
DEV004782,monitor,mid,29000.0,8,87,body_damage,0.76,partially_functional,15270.0,3970.0,repair
DEV004783,laptop,mid,219600.0,49,50,none,0.0,fully_functional,69380.0,0.0,sell
DEV004784,monitor,mid,8200.0,74,34,screen_scratch,0.16,partially_functional,2980.0,140.0,repair
DEV004785,pc,budget,107400.0,12,89,none,0.0,fully_functional,90260.0,0.0,sell
DEV004786,phone,mid,44500.0,35,68,none,0.0,fully_functional,16760.0,0.0,upgrade
DEV004787,tablet,mid,16700.0,42,74,body_damage,0.49,fully_functional,4630.0,1520.0,repair
DEV004788,phone,mid,53400.0,43,53,body_damage,0.92,partially_functional,7220.0,8430.0,recycle
DEV004789,tablet,budget,42900.0,29,74,none,0.0,fully_functional,20870.0,0.0,sell
DEV004790,laptop,mid,152800.0,24,69,body_damage,0.33,fully_functional,70960.0,18550.0,repair
DEV004791,phone,budget,93300.0,29,75,screen_crack,0.48,fully_functional,27600.0,13790.0,sell
DEV004792,phone,mid,50300.0,20,98,dead_pixel,0.73,partially_functional,17000.0,7970.0,upgrade
DEV004793,monitor,budget,7500.0,134,15,none,0.0,fully_functional,1470.0,0.0,upgrade
DEV004794,phone,budget,78900.0,29,81,body_damage,0.94,not_functional,17360.0,8400.0,sell
DEV004795,phone,mid,142200.0,33,65,screen_scratch,0.28,not_functional,42810.0,3010.0,upgrade
DEV004796,phone,premium,108100.0,72,33,screen_crack,0.49,fully_functional,8970.0,25120.0,recycle
DEV004797,laptop,budget,110600.0,8,85,screen_crack,0.42,fully_functional,74170.0,20100.0,repair
DEV004798,pc,mid,147500.0,11,91,none,0.0,fully_functional,130920.0,0.0,sell
DEV004799,pc,mid,127600.0,125,15,body_damage,0.82,partially_functional,12500.0,27110.0,recycle
DEV004800,laptop,premium,288100.0,84,21,none,0.0,fully_functional,48540.0,0.0,repair
DEV004801,phone,mid,58600.0,12,92,body_damage,0.42,partially_functional,33620.0,5420.0,repair
DEV004802,phone,budget,49100.0,16,94,battery_issue,0.69,not_functional,18900.0,5320.0,sell
DEV004803,laptop,budget,173700.0,54,49,dead_pixel,0.43,fully_functional,41890.0,12760.0,repair
DEV004804,pc,mid,54700.0,28,66,keyboard_damage,0.47,fully_functional,26900.0,3520.0,repair
DEV004805,tablet,budget,49000.0,15,79,keyboard_damage,0.19,fully_functional,30750.0,2210.0,recycle
DEV004806,laptop,premium,113300.0,22,98,screen_crack,0.54,partially_functional,51210.0,33020.0,sell
DEV004807,laptop,premium,269900.0,31,68,none,0.0,fully_functional,144230.0,0.0,sell
DEV004808,laptop,premium,236300.0,80,31,none,0.0,fully_functional,46970.0,0.0,upgrade
DEV004809,laptop,budget,108000.0,5,100,screen_scratch,0.2,partially_functional,94810.0,2260.0,repair
DEV004810,laptop,mid,28500.0,62,28,none,0.0,fully_functional,6990.0,0.0,upgrade
DEV004811,tablet,mid,21000.0,46,55,screen_scratch,0.45,fully_functional,5790.0,600.0,repair
DEV004812,laptop,budget,100100.0,120,15,keyboard_damage,0.62,not_functional,5700.0,6510.0,recycle
DEV004813,monitor,budget,40600.0,118,15,body_damage,0.26,not_functional,8070.0,3670.0,recycle
DEV004814,laptop,budget,92700.0,49,58,port_damage,0.55,fully_functional,25450.0,5210.0,repair
DEV004815,phone,budget,35100.0,45,69,screen_scratch,0.19,not_functional,8560.0,690.0,upgrade
DEV004816,phone,premium,219700.0,6,92,none,0.0,fully_functional,176840.0,0.0,sell
DEV004817,laptop,premium,93700.0,18,86,none,0.0,fully_functional,63050.0,0.0,sell
DEV004818,laptop,budget,144400.0,28,66,none,0.0,fully_functional,83820.0,0.0,sell
DEV004819,laptop,mid,214300.0,69,37,screen_scratch,0.16,fully_functional,45430.0,4150.0,repair
DEV004820,tablet,budget,60700.0,2,99,port_damage,0.4,fully_functional,39520.0,2480.0,repair
DEV004821,phone,budget,64700.0,12,94,none,0.0,fully_functional,46180.0,0.0,sell
DEV004822,tablet,budget,54900.0,17,72,battery_issue,0.42,fully_functional,27050.0,3950.0,repair
DEV004823,tablet,mid,47300.0,41,62,none,0.0,fully_functional,18040.0,0.0,sell
DEV004824,laptop,mid,211500.0,39,71,battery_issue,0.46,fully_functional,75390.0,13900.0,repair
DEV004825,laptop,premium,171300.0,8,94,none,0.0,fully_functional,132020.0,0.0,sell
DEV004826,phone,premium,196500.0,24,85,none,0.0,fully_functional,98550.0,0.0,sell
DEV004827,laptop,budget,79500.0,23,89,none,0.0,fully_functional,46790.0,0.0,sell
DEV004828,pc,mid,150900.0,9,96,body_damage,0.43,partially_functional,101090.0,18700.0,repair
DEV004829,monitor,budget,32300.0,27,77,none,0.0,fully_functional,23290.0,0.0,sell
DEV004830,laptop,budget,107600.0,69,30,none,0.0,fully_functional,22780.0,0.0,upgrade
DEV004831,phone,mid,80700.0,42,61,none,0.0,fully_functional,20290.0,0.0,upgrade
DEV004832,tablet,budget,41000.0,7,91,none,0.0,fully_functional,35210.0,0.0,sell
DEV004833,tablet,budget,35100.0,43,57,keyboard_damage,0.82,fully_functional,7770.0,2620.0,repair
DEV004834,phone,budget,20500.0,41,56,screen_crack,0.64,not_functional,3740.0,6890.0,recycle
DEV004835,pc,budget,74500.0,25,78,none,0.0,fully_functional,53050.0,0.0,sell
DEV004836,phone,premium,219600.0,58,46,none,0.0,fully_functional,42580.0,0.0,upgrade
DEV004837,phone,budget,15000.0,33,63,port_damage,0.88,partially_functional,2710.0,1260.0,upgrade
DEV004838,phone,mid,126500.0,62,47,screen_crack,0.61,partially_functional,11290.0,26520.0,recycle
DEV004839,phone,premium,127200.0,5,85,screen_scratch,0.27,partially_functional,96290.0,2950.0,repair
DEV004840,pc,mid,153900.0,59,47,screen_crack,0.82,partially_functional,35240.0,42030.0,recycle
DEV004841,laptop,mid,174400.0,34,72,screen_crack,0.75,not_functional,54840.0,54660.0,recycle
DEV004842,phone,premium,12100.0,13,80,dead_pixel,0.23,fully_functional,7170.0,950.0,repair
DEV004843,laptop,budget,69100.0,42,58,none,0.0,fully_functional,28110.0,0.0,sell
DEV004844,laptop,budget,42900.0,38,56,screen_crack,0.38,not_functional,15340.0,8560.0,sell
DEV004845,phone,mid,34800.0,21,72,screen_scratch,0.44,partially_functional,14870.0,1100.0,repair
DEV004846,phone,mid,62100.0,21,82,none,0.0,fully_functional,31370.0,0.0,sell
DEV004847,tablet,mid,29800.0,51,55,none,0.0,fully_functional,9790.0,0.0,upgrade
DEV004848,phone,budget,63800.0,24,75,port_damage,0.57,fully_functional,19950.0,3760.0,repair
DEV004849,pc,mid,101800.0,68,44,screen_crack,0.35,partially_functional,31290.0,19460.0,upgrade
DEV004850,phone,mid,13600.0,7,96,body_damage,0.98,not_functional,5750.0,2620.0,sell
DEV004851,tablet,premium,126800.0,20,67,none,0.0,fully_functional,75980.0,0.0,upgrade
DEV004852,pc,budget,47600.0,105,15,screen_crack,0.82,partially_functional,6180.0,14520.0,recycle
DEV004853,phone,budget,51300.0,2,87,keyboard_damage,0.37,partially_functional,38040.0,3010.0,repair
DEV004854,phone,premium,95000.0,52,48,none,0.0,fully_functional,18620.0,0.0,upgrade
DEV004855,monitor,mid,21000.0,74,33,battery_issue,0.26,fully_functional,6690.0,1250.0,repair
DEV004856,laptop,budget,114500.0,13,78,port_damage,1.0,fully_functional,40120.0,7810.0,repair
DEV004857,tablet,budget,56800.0,7,92,body_damage,0.43,partially_functional,35850.0,8220.0,upgrade
DEV004858,phone,mid,108500.0,42,74,none,0.0,fully_functional,29420.0,0.0,upgrade
DEV004859,phone,mid,58700.0,53,55,dead_pixel,0.8,partially_functional,6330.0,7960.0,recycle
DEV004860,laptop,mid,221100.0,3,100,none,0.0,fully_functional,228930.0,0.0,sell
DEV004861,pc,premium,70900.0,41,78,none,0.0,fully_functional,39750.0,0.0,sell
DEV004862,phone,budget,26700.0,2,82,screen_crack,0.19,fully_functional,21590.0,4250.0,sell
DEV004863,pc,budget,95700.0,144,15,keyboard_damage,0.97,not_functional,6080.0,7260.0,recycle
DEV004864,tablet,mid,79600.0,96,15,dead_pixel,0.33,fully_functional,7850.0,7340.0,recycle
DEV004865,phone,premium,26000.0,12,88,dead_pixel,0.68,not_functional,11620.0,2950.0,sell
DEV004866,phone,budget,5900.0,14,75,keyboard_damage,0.64,partially_functional,2420.0,270.0,repair
DEV004867,phone,mid,17400.0,48,54,screen_scratch,0.98,not_functional,1910.0,710.0,recycle
DEV004868,laptop,budget,131200.0,17,67,screen_scratch,0.64,not_functional,58410.0,5140.0,sell
DEV004869,tablet,budget,38700.0,37,64,screen_scratch,0.49,partially_functional,12150.0,990.0,repair
DEV004870,laptop,premium,100800.0,49,55,keyboard_damage,0.92,fully_functional,18030.0,11700.0,sell
DEV004871,phone,budget,18200.0,20,82,screen_scratch,0.48,partially_functional,7730.0,570.0,repair
DEV004872,tablet,budget,37500.0,33,71,screen_crack,0.51,fully_functional,12370.0,11130.0,recycle
DEV004873,laptop,mid,108200.0,24,77,port_damage,0.39,partially_functional,54560.0,4020.0,repair
DEV004874,laptop,budget,66400.0,27,78,screen_crack,0.2,fully_functional,31910.0,8370.0,repair
DEV004875,laptop,budget,161200.0,25,55,dead_pixel,0.96,fully_functional,46440.0,22690.0,sell
DEV004876,phone,mid,23400.0,26,81,body_damage,0.63,partially_functional,6850.0,2570.0,sell
DEV004877,tablet,budget,10500.0,22,81,screen_scratch,0.72,fully_functional,3920.0,360.0,repair
DEV004878,laptop,mid,240200.0,30,72,none,0.0,fully_functional,130660.0,0.0,sell
DEV004879,laptop,budget,100000.0,120,15,screen_scratch,0.32,not_functional,7490.0,2350.0,recycle
DEV004880,phone,budget,95500.0,20,79,body_damage,0.44,fully_functional,43160.0,8200.0,repair
DEV004881,laptop,mid,232900.0,35,75,screen_scratch,0.5,fully_functional,87160.0,7300.0,repair
DEV004882,tablet,budget,8000.0,40,60,body_damage,0.33,partially_functional,2620.0,950.0,sell
DEV004883,phone,premium,22500.0,32,63,screen_scratch,0.18,fully_functional,6980.0,330.0,repair
DEV004884,pc,premium,269100.0,70,35,dead_pixel,0.45,fully_functional,65660.0,20390.0,repair
DEV004885,pc,premium,192000.0,18,82,none,0.0,fully_functional,150690.0,0.0,sell
DEV004886,phone,budget,58100.0,43,55,dead_pixel,0.72,partially_functional,9360.0,5820.0,upgrade
DEV004887,tablet,budget,40600.0,26,73,port_damage,0.27,not_functional,19100.0,1520.0,upgrade
DEV004888,laptop,premium,238700.0,39,68,none,0.0,fully_functional,104140.0,0.0,sell
DEV004889,monitor,mid,21400.0,76,28,none,0.0,fully_functional,7540.0,0.0,upgrade
DEV004890,phone,mid,109500.0,52,47,screen_scratch,0.61,partially_functional,15110.0,3900.0,repair
DEV004891,phone,premium,99300.0,16,85,screen_crack,0.49,fully_functional,49330.0,23340.0,sell
DEV004892,laptop,budget,126600.0,50,48,keyboard_damage,0.99,not_functional,20450.0,9970.0,sell
DEV004893,phone,budget,31400.0,13,84,port_damage,0.62,partially_functional,12920.0,1480.0,repair
DEV004894,tablet,mid,25600.0,21,80,screen_crack,0.17,fully_functional,14240.0,4340.0,repair
DEV004895,laptop,mid,240900.0,46,51,screen_crack,0.61,not_functional,59710.0,59260.0,recycle
DEV004896,phone,budget,94800.0,59,40,none,0.0,fully_functional,15410.0,0.0,upgrade
DEV004897,laptop,mid,123900.0,105,15,none,0.0,fully_functional,14050.0,0.0,upgrade
DEV004898,pc,mid,154800.0,13,86,screen_crack,0.95,fully_functional,72860.0,48430.0,sell
DEV004899,pc,budget,67400.0,100,15,port_damage,0.8,not_functional,9490.0,4510.0,recycle
DEV004900,laptop,budget,47000.0,33,63,screen_scratch,0.92,not_functional,12450.0,1670.0,sell
DEV004901,phone,mid,55200.0,45,73,screen_crack,0.19,fully_functional,12880.0,8870.0,upgrade
DEV004902,phone,mid,65400.0,43,55,port_damage,0.53,not_functional,12500.0,2860.0,upgrade
DEV004903,pc,premium,136400.0,78,34,dead_pixel,0.92,fully_functional,21990.0,26130.0,recycle
DEV004904,tablet,budget,56400.0,24,78,none,0.0,fully_functional,33140.0,0.0,sell
DEV004905,laptop,premium,90800.0,21,85,none,0.0,fully_functional,63270.0,0.0,sell
DEV004906,pc,mid,50100.0,65,51,body_damage,0.59,fully_functional,13310.0,5510.0,upgrade
DEV004907,phone,mid,65900.0,39,75,screen_scratch,0.24,partially_functional,17510.0,1710.0,repair
DEV004908,tablet,budget,18500.0,35,61,none,0.0,fully_functional,8320.0,0.0,sell
DEV004909,phone,budget,20800.0,34,65,port_damage,0.63,not_functional,5220.0,1280.0,upgrade
DEV004910,phone,mid,37100.0,5,100,dead_pixel,0.92,partially_functional,16740.0,4740.0,repair
DEV004911,laptop,budget,130200.0,40,57,body_damage,0.85,fully_functional,31920.0,15030.0,sell
DEV004912,laptop,budget,104400.0,48,51,screen_crack,0.52,fully_functional,27510.0,28840.0,recycle
DEV004913,monitor,premium,37000.0,31,88,screen_scratch,0.86,fully_functional,14680.0,1640.0,repair
DEV004914,phone,budget,72900.0,38,84,none,0.0,fully_functional,21400.0,0.0,upgrade
DEV004915,pc,premium,187400.0,53,35,dead_pixel,0.4,partially_functional,61280.0,21840.0,sell
DEV004916,tablet,mid,47100.0,31,65,body_damage,0.91,not_functional,11530.0,7950.0,sell
DEV004917,tablet,premium,87300.0,96,15,battery_issue,0.52,partially_functional,6870.0,8420.0,recycle
DEV004918,monitor,budget,23000.0,168,15,screen_scratch,0.9,not_functional,1700.0,730.0,recycle
DEV004919,laptop,mid,190100.0,29,63,battery_issue,0.29,partially_functional,80250.0,11420.0,repair
DEV004920,laptop,mid,225800.0,24,85,none,0.0,fully_functional,137590.0,0.0,sell
DEV004921,phone,premium,47100.0,20,91,none,0.0,fully_functional,28390.0,0.0,sell
DEV004922,phone,budget,36300.0,28,67,body_damage,0.74,partially_functional,8990.0,4680.0,sell
DEV004923,pc,budget,86400.0,63,41,screen_crack,0.66,partially_functional,21840.0,22540.0,recycle
DEV004924,laptop,premium,183300.0,24,84,battery_issue,0.92,partially_functional,60250.0,20280.0,repair
DEV004925,phone,budget,43600.0,19,77,screen_crack,0.3,fully_functional,19380.0,7450.0,sell
DEV004926,phone,mid,149000.0,34,59,screen_crack,0.68,not_functional,30250.0,35720.0,recycle
DEV004927,laptop,budget,40400.0,120,15,screen_crack,0.97,not_functional,1910.0,15070.0,recycle
DEV004928,tablet,budget,47800.0,60,43,keyboard_damage,0.85,partially_functional,6160.0,3150.0,upgrade
DEV004929,phone,mid,12500.0,37,78,body_damage,0.64,partially_functional,2540.0,1720.0,upgrade
DEV004930,pc,mid,195800.0,59,39,screen_crack,0.59,fully_functional,57390.0,43780.0,sell
DEV004931,tablet,mid,34500.0,9,98,keyboard_damage,0.97,partially_functional,13220.0,2800.0,repair
DEV004932,pc,mid,181400.0,58,38,none,0.0,fully_functional,76140.0,0.0,sell
DEV004933,phone,mid,86900.0,31,75,screen_scratch,0.38,partially_functional,28160.0,2280.0,repair
DEV004934,tablet,premium,32800.0,96,15,none,0.0,fully_functional,3370.0,0.0,upgrade
DEV004935,phone,budget,23700.0,9,100,battery_issue,0.9,not_functional,10120.0,2760.0,sell
DEV004936,laptop,budget,71400.0,5,81,none,0.0,fully_functional,61330.0,0.0,sell
DEV004937,tablet,budget,41700.0,61,52,none,0.0,fully_functional,9990.0,0.0,upgrade
DEV004938,tablet,mid,63100.0,22,77,screen_scratch,0.47,fully_functional,27930.0,1960.0,repair
DEV004939,phone,budget,47000.0,6,90,screen_scratch,0.34,partially_functional,31660.0,1050.0,repair
DEV004940,pc,mid,88000.0,5,100,screen_crack,0.23,fully_functional,71610.0,14500.0,repair
DEV004941,phone,mid,106400.0,29,82,screen_crack,0.34,partially_functional,37720.0,19330.0,sell
DEV004942,laptop,mid,176000.0,19,75,screen_crack,0.7,partially_functional,74370.0,40700.0,sell
DEV004943,monitor,premium,72900.0,32,70,battery_issue,0.61,partially_functional,34180.0,5590.0,repair
DEV004944,laptop,mid,200400.0,97,15,screen_crack,0.59,fully_functional,17720.0,51470.0,recycle
DEV004945,pc,mid,199900.0,144,15,screen_crack,0.53,fully_functional,19860.0,40720.0,recycle
DEV004946,laptop,budget,49300.0,78,41,dead_pixel,0.93,partially_functional,5500.0,6050.0,recycle
DEV004947,pc,mid,36100.0,50,46,screen_crack,0.67,partially_functional,9910.0,11130.0,recycle
DEV004948,tablet,budget,51600.0,9,87,none,0.0,fully_functional,42130.0,0.0,sell
DEV004949,tablet,premium,48700.0,15,93,battery_issue,0.91,partially_functional,18520.0,4730.0,repair
DEV004950,phone,budget,46700.0,13,85,none,0.0,fully_functional,30150.0,0.0,sell
DEV004951,tablet,budget,19700.0,9,100,screen_scratch,0.72,partially_functional,10680.0,540.0,repair
DEV004952,phone,budget,75700.0,33,61,screen_crack,0.4,fully_functional,21080.0,12850.0,upgrade
DEV004953,monitor,mid,53000.0,168,15,body_damage,0.34,partially_functional,5990.0,4370.0,recycle
DEV004954,phone,premium,69700.0,14,92,screen_crack,0.84,fully_functional,27390.0,19000.0,sell
DEV004955,phone,budget,16200.0,10,87,none,0.0,fully_functional,11820.0,0.0,sell
DEV004956,pc,budget,81400.0,38,64,none,0.0,fully_functional,44150.0,0.0,sell
DEV004957,phone,mid,19600.0,37,76,battery_issue,0.52,fully_functional,4960.0,1490.0,repair
DEV004958,laptop,premium,337000.0,31,77,port_damage,0.88,partially_functional,105380.0,19950.0,repair
DEV004959,tablet,premium,41300.0,2,100,screen_crack,0.17,fully_functional,36320.0,6300.0,repair
DEV004960,phone,budget,70100.0,48,63,body_damage,0.7,partially_functional,10070.0,10270.0,recycle
DEV004961,phone,mid,11400.0,37,66,body_damage,0.63,partially_functional,2360.0,1870.0,upgrade
DEV004962,laptop,mid,141900.0,20,74,none,0.0,fully_functional,98590.0,0.0,sell
DEV004963,phone,mid,34800.0,72,33,body_damage,0.64,not_functional,2420.0,5570.0,recycle
DEV004964,phone,mid,79500.0,46,57,dead_pixel,0.74,partially_functional,11900.0,11540.0,recycle
DEV004965,phone,mid,93800.0,20,92,screen_scratch,0.66,partially_functional,35490.0,3000.0,repair
DEV004966,laptop,mid,184900.0,57,48,body_damage,0.23,partially_functional,42270.0,15290.0,upgrade
DEV004967,phone,budget,56100.0,36,69,keyboard_damage,0.62,partially_functional,12050.0,3950.0,repair
DEV004968,phone,budget,13000.0,38,61,none,0.0,fully_functional,4330.0,0.0,upgrade
DEV004969,tablet,budget,44700.0,46,63,screen_crack,0.71,not_functional,8700.0,8230.0,recycle
DEV004970,tablet,budget,33400.0,9,79,none,0.0,fully_functional,24140.0,0.0,sell
DEV004971,phone,budget,40300.0,41,48,screen_crack,0.68,partially_functional,6850.0,11140.0,recycle
DEV004972,phone,premium,82300.0,26,84,screen_crack,0.57,fully_functional,25440.0,19560.0,sell
DEV004973,pc,premium,156000.0,9,100,none,0.0,fully_functional,134680.0,0.0,sell
DEV004974,laptop,budget,172800.0,102,15,none,0.0,fully_functional,19020.0,0.0,upgrade
DEV004975,laptop,budget,73700.0,7,100,none,0.0,fully_functional,64340.0,0.0,sell
DEV004976,laptop,mid,41100.0,62,42,battery_issue,0.84,partially_functional,6500.0,4150.0,upgrade
DEV004977,phone,mid,148800.0,34,81,dead_pixel,0.22,not_functional,48500.0,9280.0,upgrade
DEV004978,pc,budget,106300.0,68,22,keyboard_damage,0.85,not_functional,19760.0,10040.0,upgrade
DEV004979,monitor,premium,12400.0,143,15,body_damage,0.47,fully_functional,1760.0,1360.0,recycle
DEV004980,monitor,budget,41600.0,101,17,none,0.0,fully_functional,11400.0,0.0,upgrade
DEV004981,phone,budget,59900.0,25,78,keyboard_damage,0.84,not_functional,16810.0,6230.0,sell
DEV004982,phone,mid,96200.0,44,66,body_damage,0.68,not_functional,16580.0,14530.0,recycle
DEV004983,phone,mid,88800.0,28,78,dead_pixel,0.73,partially_functional,23470.0,11180.0,sell
DEV004984,phone,budget,83200.0,16,77,screen_scratch,0.16,partially_functional,44700.0,1610.0,repair
DEV004985,phone,mid,42300.0,72,34,port_damage,0.57,partially_functional,3190.0,2030.0,recycle
DEV004986,tablet,premium,50000.0,41,59,port_damage,0.58,partially_functional,14460.0,2360.0,repair
DEV004987,phone,budget,30300.0,15,96,none,0.0,fully_functional,19670.0,0.0,upgrade
DEV004988,monitor,mid,6100.0,76,19,battery_issue,0.96,fully_functional,1130.0,680.0,upgrade
DEV004989,phone,budget,95000.0,21,70,screen_scratch,0.55,partially_functional,35500.0,2310.0,repair
DEV004990,phone,mid,94000.0,10,85,port_damage,0.64,partially_functional,41870.0,6080.0,repair
DEV004991,pc,mid,186100.0,55,49,none,0.0,fully_functional,75340.0,0.0,sell
DEV004992,tablet,budget,61700.0,21,70,body_damage,0.4,partially_functional,29710.0,7520.0,repair
DEV004993,laptop,budget,113800.0,47,74,screen_scratch,0.98,not_functional,21700.0,4420.0,sell
DEV004994,laptop,premium,184600.0,38,63,screen_crack,0.29,fully_functional,69430.0,33940.0,sell
DEV004995,phone,budget,39600.0,13,83,screen_scratch,0.95,partially_functional,13630.0,1360.0,repair
DEV004996,phone,premium,20100.0,20,84,none,0.0,fully_functional,12150.0,0.0,sell
DEV004997,laptop,budget,30500.0,20,80,screen_crack,0.41,partially_functional,15710.0,5630.0,sell
DEV004998,laptop,premium,315300.0,58,42,screen_scratch,0.71,not_functional,52380.0,11870.0,upgrade
DEV004999,tablet,mid,52000.0,27,67,screen_crack,0.37,fully_functional,22360.0,8070.0,sell
DEV005000,phone,budget,52700.0,12,80,screen_scratch,0.71,not_functional,23880.0,2330.0,sell
DEV005001,tablet,mid,51100.0,19,89,keyboard_damage,0.78,not_functional,21080.0,3910.0,sell
DEV005002,pc,mid,177700.0,62,43,screen_scratch,0.41,fully_functional,56690.0,4800.0,repair
DEV005003,phone,mid,99200.0,11,100,screen_crack,0.3,fully_functional,59420.0,13650.0,repair
DEV005004,phone,mid,64200.0,40,60,none,0.0,fully_functional,17760.0,0.0,upgrade
DEV005005,laptop,mid,222000.0,118,15,none,0.0,fully_functional,18570.0,0.0,upgrade
DEV005006,pc,mid,75100.0,52,54,screen_scratch,0.46,fully_functional,25630.0,1860.0,repair
DEV005007,tablet,mid,46300.0,89,15,screen_scratch,0.68,not_functional,3730.0,1490.0,recycle
DEV005008,tablet,mid,72500.0,6,91,battery_issue,0.86,not_functional,37260.0,7580.0,sell
DEV005009,laptop,budget,68900.0,26,75,none,0.0,fully_functional,45470.0,0.0,sell
DEV005010,phone,mid,118300.0,17,90,screen_scratch,0.49,not_functional,53850.0,3010.0,sell
DEV005011,laptop,mid,164100.0,120,15,screen_crack,0.27,partially_functional,12280.0,29450.0,recycle
DEV005012,phone,premium,23700.0,32,76,body_damage,0.49,fully_functional,5880.0,3310.0,sell
DEV005013,tablet,budget,10500.0,27,69,battery_issue,0.61,partially_functional,3750.0,920.0,repair
DEV005014,phone,budget,83600.0,4,79,screen_crack,0.21,not_functional,67370.0,11290.0,sell
DEV005015,phone,budget,13900.0,41,74,screen_crack,0.67,partially_functional,2670.0,2980.0,recycle
DEV005016,laptop,mid,201300.0,113,15,screen_scratch,0.82,partially_functional,11300.0,10870.0,recycle
DEV005017,laptop,mid,228500.0,96,15,none,0.0,fully_functional,34090.0,0.0,upgrade
DEV005018,tablet,budget,52700.0,15,99,keyboard_damage,0.31,fully_functional,34740.0,2750.0,repair
DEV005019,laptop,budget,102900.0,46,59,keyboard_damage,0.55,partially_functional,29470.0,4860.0,repair
DEV005020,monitor,premium,84000.0,58,45,battery_issue,0.46,partially_functional,30050.0,5720.0,repair
DEV005021,pc,mid,120100.0,32,85,screen_crack,0.16,fully_functional,72680.0,20250.0,repair
DEV005022,pc,mid,94400.0,138,15,body_damage,0.72,not_functional,9420.0,11990.0,recycle
DEV005023,tablet,budget,33000.0,17,92,keyboard_damage,0.72,not_functional,16250.0,2120.0,sell
DEV005024,tablet,budget,12300.0,69,28,body_damage,0.66,partially_functional,1560.0,1800.0,recycle
DEV005025,tablet,budget,54800.0,42,51,screen_crack,0.56,partially_functional,13240.0,11510.0,recycle
DEV005026,laptop,budget,74600.0,83,28,screen_crack,0.28,fully_functional,11170.0,13840.0,recycle
DEV005027,phone,mid,100400.0,39,53,screen_scratch,0.5,partially_functional,22180.0,2710.0,repair
DEV005028,laptop,budget,17800.0,50,50,none,0.0,fully_functional,6650.0,0.0,sell
DEV005029,phone,budget,56700.0,47,49,screen_scratch,0.59,fully_functional,8870.0,2030.0,repair
DEV005030,phone,budget,79500.0,35,67,battery_issue,0.85,partially_functional,14980.0,7990.0,upgrade
DEV005031,pc,budget,57400.0,87,26,none,0.0,fully_functional,16490.0,0.0,upgrade
DEV005032,phone,budget,90300.0,20,81,screen_crack,0.78,partially_functional,28080.0,23760.0,recycle
DEV005033,laptop,budget,162200.0,42,57,screen_crack,0.88,partially_functional,36450.0,41890.0,recycle
DEV005034,tablet,budget,21600.0,47,45,none,0.0,fully_functional,6980.0,0.0,upgrade
DEV005035,phone,mid,19200.0,4,93,none,0.0,fully_functional,16720.0,0.0,recycle
DEV005036,pc,premium,152600.0,67,35,screen_crack,0.19,fully_functional,52680.0,23180.0,upgrade
DEV005037,phone,mid,28700.0,54,54,screen_crack,0.6,not_functional,3840.0,7890.0,recycle
DEV005038,pc,budget,102900.0,21,83,body_damage,0.62,partially_functional,50880.0,12200.0,repair
DEV005039,pc,premium,95100.0,13,91,port_damage,0.91,not_functional,42600.0,6680.0,sell
DEV005040,phone,premium,104800.0,19,88,body_damage,0.21,fully_functional,60090.0,10760.0,repair
DEV005041,phone,mid,33900.0,40,63,screen_crack,0.86,partially_functional,5120.0,10640.0,recycle
DEV005042,phone,budget,24200.0,10,100,body_damage,0.58,fully_functional,11720.0,3580.0,repair
DEV005043,laptop,mid,178800.0,38,52,port_damage,0.95,partially_functional,37790.0,12850.0,repair
DEV005044,phone,premium,135600.0,18,94,screen_crack,0.27,partially_functional,70130.0,25740.0,sell
DEV005045,monitor,mid,30100.0,94,15,none,0.0,fully_functional,9210.0,0.0,upgrade
DEV005046,phone,mid,8000.0,70,43,none,0.0,fully_functional,900.0,0.0,upgrade
DEV005047,pc,mid,163500.0,88,16,screen_crack,0.75,not_functional,25670.0,49310.0,recycle
DEV005048,phone,premium,144000.0,72,42,none,0.0,fully_functional,14830.0,0.0,upgrade
DEV005049,monitor,budget,34200.0,138,15,screen_crack,0.72,not_functional,3720.0,9230.0,recycle
DEV005050,phone,budget,80800.0,29,74,screen_scratch,0.61,not_functional,24540.0,2310.0,sell
DEV005051,laptop,premium,211500.0,44,53,keyboard_damage,0.87,partially_functional,45690.0,21440.0,repair
DEV005052,laptop,budget,40000.0,96,15,none,0.0,fully_functional,5270.0,0.0,upgrade
DEV005053,phone,budget,78700.0,69,45,body_damage,0.67,not_functional,6420.0,10000.0,recycle
DEV005054,pc,budget,137800.0,49,48,screen_crack,0.95,fully_functional,36140.0,53330.0,recycle
DEV005055,phone,budget,45200.0,45,70,screen_scratch,0.79,partially_functional,6850.0,2110.0,repair
DEV005056,laptop,budget,120400.0,50,55,none,0.0,fully_functional,40080.0,0.0,sell
DEV005057,laptop,mid,176900.0,10,93,dead_pixel,0.4,partially_functional,115410.0,13880.0,repair
DEV005058,tablet,mid,68800.0,26,68,screen_scratch,0.92,partially_functional,19730.0,3140.0,repair
DEV005059,phone,mid,43800.0,15,81,screen_scratch,0.26,partially_functional,22810.0,970.0,repair
DEV005060,phone,budget,81700.0,22,89,screen_scratch,0.71,partially_functional,25560.0,4160.0,repair
DEV005061,phone,premium,35500.0,9,96,body_damage,0.34,not_functional,22980.0,3020.0,sell
DEV005062,phone,mid,69200.0,31,78,screen_crack,0.83,not_functional,16720.0,25000.0,recycle
DEV005063,phone,premium,69000.0,29,80,screen_crack,0.72,partially_functional,19810.0,17390.0,recycle
DEV005064,monitor,budget,22400.0,54,52,none,0.0,fully_functional,10720.0,0.0,sell
DEV005065,laptop,budget,52400.0,79,28,keyboard_damage,0.76,not_functional,6600.0,3460.0,recycle
DEV005066,tablet,mid,25200.0,8,94,screen_crack,0.41,fully_functional,15820.0,5130.0,repair
DEV005067,laptop,premium,63000.0,15,89,screen_crack,0.73,not_functional,29680.0,14810.0,sell
DEV005068,phone,budget,89500.0,32,74,dead_pixel,0.88,partially_functional,19600.0,11920.0,sell
DEV005069,laptop,mid,173000.0,20,98,none,0.0,fully_functional,122880.0,0.0,sell
DEV005070,phone,mid,131900.0,18,80,port_damage,0.56,fully_functional,57320.0,4900.0,repair
DEV005071,phone,budget,51500.0,28,81,body_damage,0.2,partially_functional,18720.0,4180.0,repair
DEV005072,laptop,mid,28200.0,59,42,screen_crack,0.54,not_functional,5770.0,7710.0,recycle
DEV005073,laptop,budget,71400.0,12,79,none,0.0,fully_functional,53250.0,0.0,sell
DEV005074,monitor,budget,13000.0,24,80,screen_scratch,0.34,fully_functional,8420.0,320.0,upgrade
DEV005075,phone,premium,101500.0,31,74,body_damage,0.98,partially_functional,19560.0,25080.0,recycle
DEV005076,laptop,mid,197100.0,28,73,none,0.0,fully_functional,110200.0,0.0,sell
DEV005077,phone,mid,76100.0,65,26,none,0.0,fully_functional,9230.0,0.0,upgrade
DEV005078,phone,mid,75400.0,23,77,screen_scratch,0.84,not_functional,21570.0,2630.0,sell
DEV005079,tablet,premium,77200.0,41,78,none,0.0,fully_functional,30310.0,0.0,sell
DEV005080,phone,mid,8400.0,32,72,screen_scratch,0.63,not_functional,2010.0,250.0,sell
DEV005081,laptop,mid,28900.0,43,59,none,0.0,fully_functional,11320.0,0.0,sell
DEV005082,laptop,budget,174800.0,72,45,screen_crack,0.94,not_functional,19960.0,57570.0,recycle
DEV005083,phone,mid,130800.0,39,60,none,0.0,fully_functional,37640.0,0.0,upgrade
DEV005084,monitor,mid,55100.0,135,15,dead_pixel,0.71,not_functional,7080.0,5930.0,recycle
DEV005085,laptop,mid,176600.0,49,56,none,0.0,fully_functional,58740.0,0.0,sell
DEV005086,pc,budget,92000.0,48,70,none,0.0,fully_functional,45930.0,0.0,sell
DEV005087,laptop,budget,144000.0,120,15,dead_pixel,0.58,partially_functional,9550.0,14980.0,recycle
DEV005088,monitor,premium,67700.0,48,35,dead_pixel,0.17,fully_functional,28020.0,3690.0,repair
DEV005089,phone,premium,142700.0,20,77,none,0.0,fully_functional,71080.0,0.0,sell
DEV005090,laptop,budget,172000.0,23,91,none,0.0,fully_functional,111870.0,0.0,sell
DEV005091,pc,mid,139100.0,6,96,none,0.0,fully_functional,117580.0,0.0,sell
DEV005092,phone,mid,86600.0,12,88,screen_scratch,0.99,partially_functional,29790.0,3960.0,repair
DEV005093,laptop,mid,41700.0,48,51,none,0.0,fully_functional,16120.0,0.0,sell
DEV005094,monitor,budget,11500.0,135,15,screen_crack,0.56,fully_functional,1540.0,3000.0,recycle
DEV005095,laptop,mid,95700.0,50,38,none,0.0,fully_functional,30010.0,0.0,sell
DEV005096,tablet,budget,17500.0,82,24,screen_scratch,0.92,fully_functional,1280.0,560.0,recycle
DEV005097,tablet,budget,43300.0,15,85,screen_crack,0.88,fully_functional,16350.0,16330.0,recycle
DEV005098,pc,mid,94300.0,46,63,none,0.0,fully_functional,47530.0,0.0,sell
DEV005099,pc,budget,108700.0,42,60,none,0.0,fully_functional,63760.0,0.0,sell
DEV005100,laptop,budget,69100.0,4,100,none,0.0,fully_functional,63660.0,0.0,sell
DEV005101,phone,budget,97700.0,44,82,dead_pixel,0.23,partially_functional,23280.0,5740.0,repair
DEV005102,phone,mid,137600.0,17,97,dead_pixel,0.27,fully_functional,72610.0,12870.0,repair
DEV005103,tablet,mid,17800.0,13,78,dead_pixel,0.74,not_functional,7700.0,2290.0,sell
DEV005104,pc,budget,89100.0,22,94,screen_crack,0.75,not_functional,36980.0,29060.0,sell
DEV005105,laptop,mid,165800.0,26,62,body_damage,0.32,partially_functional,82500.0,13310.0,repair
DEV005106,phone,premium,92600.0,30,83,screen_crack,0.63,partially_functional,26450.0,18740.0,sell
DEV005107,phone,budget,81300.0,15,87,none,0.0,fully_functional,53860.0,0.0,sell
DEV005108,laptop,premium,90600.0,37,56,body_damage,0.65,fully_functional,27420.0,7290.0,repair
DEV005109,pc,budget,59800.0,35,63,body_damage,0.86,not_functional,21010.0,8990.0,sell
DEV005110,phone,mid,97700.0,30,73,screen_crack,0.96,not_functional,18380.0,22560.0,recycle
DEV005111,tablet,budget,38700.0,15,74,none,0.0,fully_functional,26420.0,0.0,sell
DEV005112,pc,budget,107200.0,144,15,none,0.0,fully_functional,14400.0,0.0,upgrade
DEV005113,monitor,budget,16700.0,11,89,screen_crack,0.47,fully_functional,11790.0,3080.0,repair
DEV005114,phone,budget,83900.0,12,81,none,0.0,fully_functional,57440.0,0.0,sell
DEV005115,monitor,premium,71600.0,32,61,body_damage,0.56,fully_functional,33690.0,9320.0,repair
DEV005116,tablet,mid,32700.0,8,86,none,0.0,fully_functional,26950.0,0.0,sell
DEV005117,pc,premium,258000.0,72,25,none,0.0,fully_functional,77640.0,0.0,upgrade
DEV005118,phone,mid,146200.0,11,97,screen_scratch,0.41,fully_functional,81780.0,4070.0,repair
DEV005119,laptop,mid,240100.0,11,87,none,0.0,fully_functional,184180.0,0.0,sell
DEV005120,tablet,budget,62400.0,69,30,screen_scratch,0.25,fully_functional,11150.0,1530.0,repair
DEV005121,phone,mid,79400.0,13,79,screen_scratch,0.77,not_functional,32440.0,3900.0,sell
DEV005122,laptop,budget,104200.0,18,94,none,0.0,fully_functional,79340.0,0.0,sell
DEV005123,laptop,premium,150800.0,22,74,battery_issue,0.86,fully_functional,54440.0,15010.0,repair
DEV005124,laptop,premium,109900.0,15,73,none,0.0,fully_functional,76090.0,0.0,sell
DEV005125,phone,budget,102000.0,11,97,dead_pixel,0.41,fully_functional,62570.0,8410.0,repair
DEV005126,laptop,mid,159500.0,47,52,body_damage,0.44,not_functional,42530.0,16950.0,sell
DEV005127,phone,mid,26700.0,39,60,none,0.0,fully_functional,7650.0,0.0,upgrade
DEV005128,monitor,mid,22400.0,73,43,dead_pixel,0.35,fully_functional,7010.0,2020.0,repair
DEV005129,monitor,budget,6500.0,49,53,none,0.0,fully_functional,3220.0,0.0,sell
DEV005130,phone,mid,18900.0,18,87,screen_crack,0.34,fully_functional,8550.0,3490.0,sell
DEV005131,phone,mid,138600.0,40,69,none,0.0,fully_functional,39030.0,0.0,upgrade
DEV005132,phone,budget,47700.0,8,88,screen_crack,0.53,partially_functional,27180.0,13690.0,sell
DEV005133,laptop,mid,58800.0,57,45,screen_scratch,0.82,partially_functional,10110.0,2450.0,repair
DEV005134,pc,budget,126900.0,69,43,screen_scratch,0.32,fully_functional,38920.0,2500.0,repair
DEV005135,laptop,premium,189400.0,15,86,none,0.0,fully_functional,139700.0,0.0,upgrade
DEV005136,phone,budget,67400.0,45,56,none,0.0,fully_functional,14390.0,0.0,upgrade
DEV005137,phone,budget,31700.0,5,82,none,0.0,fully_functional,26220.0,0.0,sell
DEV005138,phone,budget,79500.0,17,67,none,0.0,fully_functional,42540.0,0.0,sell
DEV005139,pc,premium,95400.0,144,15,screen_scratch,0.29,fully_functional,9810.0,1910.0,repair
DEV005140,tablet,mid,34400.0,48,74,dead_pixel,0.72,not_functional,7780.0,3480.0,upgrade
DEV005141,laptop,budget,51200.0,120,15,dead_pixel,0.2,fully_functional,3890.0,3270.0,recycle
DEV005142,phone,budget,74400.0,17,89,body_damage,0.7,not_functional,29070.0,9720.0,sell
DEV005143,monitor,mid,19400.0,168,15,body_damage,0.39,partially_functional,2220.0,1830.0,recycle
DEV005144,phone,mid,131700.0,27,76,port_damage,0.49,partially_functional,41400.0,7370.0,repair
DEV005145,pc,budget,70600.0,14,80,battery_issue,0.83,partially_functional,31160.0,7180.0,repair
DEV005146,pc,premium,279900.0,14,93,dead_pixel,0.83,not_functional,135100.0,36770.0,sell
DEV005147,laptop,budget,146000.0,7,78,screen_crack,0.3,partially_functional,99710.0,28580.0,repair
DEV005148,pc,mid,119600.0,49,56,none,0.0,fully_functional,65210.0,0.0,sell
DEV005149,phone,budget,31500.0,4,100,battery_issue,0.2,fully_functional,25100.0,1600.0,repair
DEV005150,tablet,mid,61800.0,52,58,none,0.0,fully_functional,18860.0,0.0,upgrade
DEV005151,phone,mid,15000.0,18,82,screen_crack,0.9,partially_functional,4470.0,4600.0,recycle
DEV005152,laptop,budget,36500.0,120,15,screen_crack,0.95,partially_functional,1530.0,10610.0,recycle
DEV005153,phone,mid,109600.0,18,83,screen_scratch,0.99,not_functional,28800.0,5570.0,sell
DEV005154,phone,premium,129200.0,36,78,none,0.0,fully_functional,42560.0,0.0,upgrade
DEV005155,phone,premium,204200.0,14,90,battery_issue,0.34,not_functional,108960.0,14330.0,sell
DEV005156,phone,mid,58700.0,15,95,none,0.0,fully_functional,39700.0,0.0,sell
DEV005157,laptop,mid,181100.0,84,29,port_damage,0.79,not_functional,18450.0,11680.0,recycle
DEV005158,laptop,premium,169900.0,3,88,battery_issue,0.65,partially_functional,102160.0,13920.0,repair
DEV005159,phone,budget,79100.0,31,54,none,0.0,fully_functional,28490.0,0.0,sell
DEV005160,monitor,budget,14900.0,36,54,body_damage,0.5,partially_functional,6640.0,1680.0,repair
DEV005161,monitor,budget,32000.0,78,31,screen_scratch,0.39,fully_functional,9730.0,890.0,repair
DEV005162,phone,premium,114400.0,34,61,keyboard_damage,0.46,fully_functional,31600.0,8110.0,repair
DEV005163,laptop,budget,95500.0,44,52,none,0.0,fully_functional,36510.0,0.0,sell
DEV005164,tablet,budget,43300.0,67,31,none,0.0,fully_functional,8390.0,0.0,upgrade
DEV005165,tablet,mid,33300.0,28,82,screen_scratch,0.51,not_functional,13170.0,1030.0,sell
DEV005166,laptop,budget,90800.0,100,28,none,0.0,fully_functional,11640.0,0.0,upgrade
DEV005167,tablet,budget,20200.0,20,80,battery_issue,0.63,partially_functional,8050.0,2290.0,repair
DEV005168,phone,mid,68900.0,19,84,dead_pixel,1.0,fully_functional,18740.0,9540.0,sell
DEV005169,phone,budget,90600.0,2,96,none,0.0,fully_functional,77800.0,0.0,sell
DEV005170,tablet,premium,53700.0,62,44,screen_crack,0.29,partially_functional,11090.0,7590.0,upgrade
DEV005171,tablet,budget,9400.0,19,80,port_damage,0.54,not_functional,4130.0,560.0,sell
DEV005172,pc,premium,257800.0,144,15,none,0.0,fully_functional,33040.0,0.0,upgrade
DEV005173,phone,mid,41500.0,21,88,screen_scratch,0.52,fully_functional,16100.0,1080.0,repair
DEV005174,phone,budget,104200.0,63,46,keyboard_damage,0.65,partially_functional,9170.0,8920.0,recycle
DEV005175,phone,budget,8300.0,12,93,screen_crack,0.59,partially_functional,4060.0,1900.0,sell
DEV005176,phone,mid,100300.0,7,88,body_damage,0.16,partially_functional,68620.0,7520.0,repair
DEV005177,phone,budget,93600.0,54,26,screen_crack,0.95,partially_functional,8820.0,28550.0,recycle
DEV005178,laptop,budget,73100.0,55,52,none,0.0,fully_functional,24470.0,0.0,upgrade
DEV005179,laptop,premium,291700.0,31,74,screen_crack,0.94,partially_functional,85570.0,81800.0,recycle
DEV005180,tablet,mid,68000.0,16,93,screen_crack,0.42,fully_functional,38170.0,16410.0,sell
DEV005181,laptop,premium,373700.0,55,59,screen_scratch,0.75,partially_functional,76360.0,15200.0,repair
DEV005182,phone,budget,63400.0,58,46,none,0.0,fully_functional,10100.0,0.0,upgrade
DEV005183,tablet,budget,52100.0,3,100,body_damage,0.26,partially_functional,43610.0,5300.0,repair
DEV005184,phone,mid,95600.0,11,97,dead_pixel,0.73,not_functional,47420.0,12380.0,sell
DEV005185,pc,budget,78500.0,43,78,screen_scratch,0.84,not_functional,23950.0,3490.0,sell
DEV005186,phone,budget,45100.0,7,100,screen_crack,0.65,not_functional,25390.0,11570.0,sell
DEV005187,laptop,budget,138700.0,41,58,screen_scratch,0.29,partially_functional,44780.0,2940.0,repair
DEV005188,pc,budget,45400.0,30,74,dead_pixel,0.29,partially_functional,24290.0,3940.0,repair
DEV005189,laptop,mid,219300.0,21,84,body_damage,0.58,fully_functional,100450.0,28120.0,repair
DEV005190,tablet,budget,48900.0,7,85,none,0.0,fully_functional,41000.0,0.0,sell
DEV005191,tablet,premium,132800.0,42,68,battery_issue,0.61,partially_functional,36760.0,13960.0,sell
DEV005192,phone,budget,11600.0,13,98,body_damage,0.95,partially_functional,4440.0,2200.0,sell
DEV005193,tablet,budget,42100.0,33,60,keyboard_damage,0.21,not_functional,15760.0,2060.0,sell
DEV005194,pc,budget,33400.0,10,91,screen_scratch,0.7,partially_functional,19450.0,1290.0,repair
DEV005195,monitor,mid,35300.0,74,25,battery_issue,0.99,not_functional,7130.0,4520.0,sell
DEV005196,laptop,premium,102100.0,120,15,dead_pixel,0.61,partially_functional,5840.0,10260.0,recycle
DEV005197,phone,premium,92800.0,32,78,none,0.0,fully_functional,33900.0,0.0,sell
DEV005198,pc,budget,88600.0,93,15,none,0.0,fully_functional,21610.0,0.0,upgrade
DEV005199,laptop,mid,143500.0,10,93,screen_scratch,0.92,partially_functional,62780.0,6450.0,repair
DEV005200,phone,premium,183300.0,7,95,screen_scratch,0.4,fully_functional,117110.0,5150.0,repair
DEV005201,phone,budget,33400.0,15,96,keyboard_damage,0.9,partially_functional,12700.0,2890.0,repair
DEV005202,phone,mid,70800.0,24,81,dead_pixel,0.22,not_functional,33630.0,6690.0,sell
DEV005203,laptop,budget,131600.0,7,84,dead_pixel,0.33,partially_functional,90620.0,11150.0,repair
DEV005204,phone,mid,25400.0,72,35,none,0.0,fully_functional,2950.0,0.0,upgrade
DEV005205,phone,mid,27100.0,54,62,screen_scratch,0.85,not_functional,2930.0,1100.0,recycle
DEV005206,phone,budget,52500.0,22,78,battery_issue,0.35,partially_functional,22480.0,3750.0,repair
DEV005207,monitor,premium,51200.0,55,39,body_damage,0.42,fully_functional,18020.0,4940.0,repair
DEV005208,phone,mid,46000.0,12,95,body_damage,0.6,fully_functional,21560.0,5550.0,repair
DEV005209,phone,premium,168700.0,39,67,none,0.0,fully_functional,49400.0,0.0,upgrade
DEV005210,laptop,mid,105600.0,72,37,battery_issue,0.27,partially_functional,20860.0,5160.0,repair
DEV005211,phone,budget,46300.0,8,87,screen_crack,0.27,partially_functional,30980.0,8010.0,repair
DEV005212,monitor,mid,9000.0,55,60,screen_crack,0.25,partially_functional,3660.0,1290.0,sell
DEV005213,monitor,budget,26600.0,168,15,keyboard_damage,0.5,fully_functional,2560.0,1340.0,recycle
DEV005214,laptop,premium,241700.0,36,65,screen_crack,0.18,partially_functional,93520.0,47950.0,sell
DEV005215,laptop,budget,85000.0,50,59,body_damage,0.48,fully_functional,23210.0,11760.0,upgrade
DEV005216,laptop,premium,44700.0,15,94,body_damage,0.99,partially_functional,17000.0,10490.0,sell
DEV005217,phone,mid,145000.0,16,76,none,0.0,fully_functional,85970.0,0.0,sell
DEV005218,phone,mid,10700.0,17,90,none,0.0,fully_functional,6440.0,0.0,sell
DEV005219,phone,mid,16200.0,20,89,screen_scratch,0.45,partially_functional,6620.0,490.0,repair
DEV005220,phone,mid,37800.0,11,87,battery_issue,0.53,fully_functional,19700.0,3320.0,repair
DEV005221,laptop,mid,65600.0,44,57,port_damage,0.69,not_functional,18030.0,3740.0,sell
DEV005222,phone,mid,33300.0,11,85,port_damage,0.33,not_functional,19980.0,1240.0,sell
DEV005223,phone,budget,83800.0,9,97,screen_scratch,0.6,not_functional,42390.0,3040.0,sell
DEV005224,laptop,mid,112500.0,16,99,screen_crack,0.42,partially_functional,65150.0,17570.0,repair
DEV005225,laptop,budget,163700.0,71,39,screen_crack,0.19,fully_functional,32280.0,27250.0,recycle
DEV005226,phone,mid,54800.0,18,84,screen_crack,0.96,not_functional,16990.0,16970.0,repair
DEV005227,phone,mid,93500.0,20,87,keyboard_damage,0.71,not_functional,31100.0,7640.0,sell
DEV005228,phone,budget,15700.0,48,59,none,0.0,fully_functional,3550.0,0.0,repair
DEV005229,phone,mid,46600.0,30,71,port_damage,0.34,fully_functional,14800.0,2140.0,repair
DEV005230,pc,mid,189000.0,30,72,screen_crack,0.74,not_functional,72970.0,42990.0,sell
DEV005231,monitor,mid,6900.0,55,61,battery_issue,0.39,partially_functional,2850.0,380.0,repair
DEV005232,laptop,mid,42400.0,113,15,none,0.0,fully_functional,4010.0,0.0,upgrade
DEV005233,laptop,mid,43100.0,41,60,none,0.0,fully_functional,18680.0,0.0,sell
DEV005234,tablet,mid,24700.0,43,37,none,0.0,fully_functional,8200.0,0.0,sell
DEV005235,tablet,budget,36800.0,35,69,none,0.0,fully_functional,15480.0,0.0,sell
DEV005236,phone,budget,42200.0,49,59,screen_crack,0.84,partially_functional,5280.0,10820.0,recycle
DEV005237,phone,mid,89600.0,49,54,screen_crack,0.67,fully_functional,12930.0,21170.0,recycle
DEV005238,laptop,budget,84300.0,6,87,battery_issue,0.22,partially_functional,66630.0,4860.0,repair
DEV005239,laptop,budget,34200.0,55,45,port_damage,0.89,partially_functional,5780.0,2520.0,upgrade
DEV005240,phone,budget,38500.0,4,96,body_damage,0.31,partially_functional,29900.0,3300.0,repair
DEV005241,phone,budget,31700.0,39,84,screen_crack,0.77,partially_functional,5720.0,8310.0,recycle
DEV005242,phone,premium,118000.0,5,92,none,0.0,fully_functional,104820.0,0.0,sell
DEV005243,phone,budget,50800.0,46,61,battery_issue,0.36,fully_functional,10240.0,3440.0,repair
DEV005244,laptop,budget,90500.0,29,68,screen_scratch,0.66,partially_functional,31650.0,3080.0,repair
DEV005245,tablet,premium,54400.0,66,28,screen_crack,0.67,partially_functional,7870.0,15450.0,recycle
DEV005246,laptop,premium,283100.0,120,15,none,0.0,fully_functional,24220.0,0.0,upgrade
DEV005247,phone,budget,55000.0,43,62,screen_scratch,0.23,fully_functional,13530.0,1360.0,repair
DEV005248,phone,premium,125600.0,3,91,none,0.0,fully_functional,107870.0,0.0,sell
DEV005249,pc,budget,69300.0,39,74,none,0.0,fully_functional,38540.0,0.0,sell
DEV005250,laptop,mid,174600.0,24,95,screen_scratch,0.47,not_functional,87420.0,4740.0,sell
DEV005251,phone,budget,93300.0,15,87,screen_crack,0.94,partially_functional,31140.0,23160.0,sell
DEV005252,phone,mid,18800.0,15,94,screen_crack,0.63,partially_functional,7660.0,4330.0,sell
DEV005253,pc,budget,33300.0,43,48,none,0.0,fully_functional,18290.0,0.0,sell
DEV005254,pc,mid,180500.0,12,84,body_damage,0.96,partially_functional,84070.0,31080.0,sell
DEV005255,pc,budget,45800.0,7,93,screen_crack,0.79,fully_functional,25170.0,12900.0,sell
DEV005256,tablet,mid,85300.0,65,51,battery_issue,0.82,not_functional,11150.0,8860.0,recycle
DEV005257,laptop,mid,50600.0,108,15,dead_pixel,0.78,partially_functional,3130.0,6000.0,recycle
DEV005258,laptop,budget,81900.0,55,61,screen_crack,0.74,partially_functional,17100.0,22150.0,recycle
DEV005259,phone,premium,179400.0,63,52,battery_issue,0.28,partially_functional,23650.0,9840.0,recycle
DEV005260,tablet,budget,35000.0,2,100,screen_scratch,0.74,partially_functional,23980.0,1320.0,repair
DEV005261,laptop,budget,51000.0,19,82,battery_issue,0.54,partially_functional,24560.0,4340.0,repair
DEV005262,phone,budget,8300.0,37,70,screen_scratch,0.31,fully_functional,2190.0,240.0,repair
DEV005263,pc,budget,84400.0,53,56,screen_scratch,0.26,not_functional,33330.0,1700.0,sell
DEV005264,laptop,budget,39500.0,51,59,none,0.0,fully_functional,14000.0,0.0,sell
DEV005265,phone,mid,31200.0,26,82,none,0.0,fully_functional,13500.0,0.0,sell
DEV005266,phone,mid,134900.0,7,84,battery_issue,0.42,fully_functional,77500.0,9560.0,repair
DEV005267,pc,mid,77900.0,59,38,screen_scratch,0.84,partially_functional,17830.0,2820.0,repair
DEV005268,monitor,mid,27300.0,35,71,dead_pixel,0.41,not_functional,14160.0,2980.0,sell
DEV005269,laptop,mid,249200.0,63,30,dead_pixel,0.65,not_functional,45940.0,23070.0,upgrade
DEV005270,monitor,budget,27300.0,57,62,screen_scratch,0.76,partially_functional,8000.0,910.0,repair
DEV005271,pc,mid,51900.0,52,49,screen_scratch,0.3,fully_functional,21070.0,1050.0,repair
DEV005272,pc,premium,283700.0,15,89,none,0.0,fully_functional,227730.0,0.0,sell
DEV005273,pc,budget,87300.0,9,89,screen_crack,0.92,not_functional,40390.0,26310.0,sell
DEV005274,laptop,mid,177400.0,6,84,battery_issue,0.51,fully_functional,104070.0,17520.0,repair
DEV005275,pc,premium,220400.0,21,85,dead_pixel,0.76,partially_functional,103260.0,26020.0,repair
DEV005276,laptop,mid,215600.0,49,58,port_damage,0.16,partially_functional,72170.0,9360.0,repair
DEV005277,tablet,premium,127900.0,96,15,none,0.0,fully_functional,15250.0,0.0,upgrade
DEV005278,phone,budget,38700.0,53,48,body_damage,0.69,fully_functional,4690.0,5110.0,recycle
DEV005279,tablet,mid,19900.0,6,97,screen_scratch,0.16,fully_functional,17320.0,360.0,repair
DEV005280,monitor,budget,10000.0,40,69,none,0.0,fully_functional,5980.0,0.0,sell
DEV005281,phone,budget,37500.0,32,88,none,0.0,fully_functional,14320.0,0.0,sell
DEV005282,monitor,premium,50500.0,9,96,none,0.0,fully_functional,41750.0,0.0,sell
DEV005283,laptop,budget,93300.0,44,56,screen_crack,0.51,fully_functional,28690.0,18460.0,sell
DEV005284,phone,premium,133200.0,12,79,none,0.0,fully_functional,89380.0,0.0,sell
DEV005285,phone,mid,59200.0,23,80,screen_crack,0.45,partially_functional,22440.0,15640.0,sell
DEV005286,pc,premium,236900.0,93,15,dead_pixel,0.56,partially_functional,40750.0,25640.0,upgrade
DEV005287,laptop,premium,95600.0,53,34,none,0.0,fully_functional,29620.0,0.0,sell
DEV005288,phone,mid,76400.0,5,93,none,0.0,fully_functional,62590.0,0.0,sell
DEV005289,tablet,premium,59500.0,10,87,screen_scratch,0.72,fully_functional,30570.0,2000.0,repair
DEV005290,phone,mid,37300.0,6,100,dead_pixel,0.37,fully_functional,24410.0,2530.0,repair
DEV005291,laptop,mid,131800.0,50,57,dead_pixel,0.8,fully_functional,27590.0,17550.0,sell
DEV005292,pc,mid,54100.0,35,82,screen_scratch,0.62,partially_functional,23720.0,2030.0,repair
DEV005293,tablet,budget,33900.0,11,85,none,0.0,fully_functional,27750.0,0.0,sell
DEV005294,pc,budget,52700.0,6,98,body_damage,0.76,partially_functional,30530.0,8920.0,repair
DEV005295,laptop,budget,146200.0,120,15,none,0.0,fully_functional,13110.0,0.0,upgrade
DEV005296,monitor,mid,41100.0,110,15,port_damage,0.29,fully_functional,8660.0,1910.0,repair
DEV005297,phone,budget,26800.0,13,66,none,0.0,fully_functional,15860.0,0.0,sell
DEV005298,phone,mid,68500.0,14,82,battery_issue,0.34,partially_functional,39900.0,3680.0,repair
DEV005299,phone,mid,133900.0,32,74,none,0.0,fully_functional,49470.0,0.0,sell
DEV005300,laptop,mid,93900.0,84,15,dead_pixel,0.16,fully_functional,14660.0,5530.0,recycle
DEV005301,tablet,premium,114700.0,73,34,screen_scratch,0.2,partially_functional,18360.0,2380.0,repair
DEV005302,tablet,premium,113400.0,4,100,none,0.0,fully_functional,107320.0,0.0,sell
DEV005303,phone,premium,214900.0,12,83,screen_crack,0.84,partially_functional,85570.0,74310.0,recycle
DEV005304,phone,mid,69100.0,18,81,none,0.0,fully_functional,39080.0,0.0,sell
DEV005305,tablet,budget,40600.0,47,55,dead_pixel,0.6,partially_functional,10480.0,3530.0,repair
DEV005306,monitor,premium,46400.0,72,36,screen_crack,0.38,not_functional,15040.0,9120.0,sell
DEV005307,phone,budget,46600.0,20,72,body_damage,0.9,partially_functional,13060.0,9050.0,sell
DEV005308,phone,budget,13700.0,15,83,dead_pixel,0.81,fully_functional,5450.0,1760.0,repair
DEV005309,phone,budget,74500.0,60,42,body_damage,0.55,partially_functional,7380.0,9370.0,recycle
DEV005310,laptop,mid,27300.0,9,98,none,0.0,fully_functional,21360.0,0.0,sell
DEV005311,phone,mid,85900.0,72,34,keyboard_damage,0.8,partially_functional,5580.0,6430.0,recycle
DEV005312,phone,budget,75600.0,35,75,battery_issue,0.75,fully_functional,16360.0,7460.0,upgrade
DEV005313,tablet,mid,73500.0,29,75,none,0.0,fully_functional,36810.0,0.0,sell
DEV005314,phone,budget,70800.0,9,78,screen_scratch,0.94,not_functional,27670.0,2600.0,sell
DEV005315,laptop,budget,86900.0,110,15,none,0.0,fully_functional,9250.0,0.0,upgrade
DEV005316,phone,budget,5700.0,7,85,none,0.0,fully_functional,4230.0,0.0,sell
DEV005317,monitor,budget,17600.0,36,75,screen_crack,0.94,fully_functional,5980.0,7250.0,recycle
DEV005318,laptop,mid,213100.0,120,15,none,0.0,fully_functional,17990.0,0.0,upgrade
DEV005319,phone,budget,31600.0,19,89,dead_pixel,0.8,partially_functional,10850.0,4760.0,sell
DEV005320,phone,budget,63700.0,15,88,battery_issue,0.44,fully_functional,32290.0,3930.0,repair
DEV005321,tablet,budget,45600.0,31,71,none,0.0,fully_functional,20070.0,0.0,sell
DEV005322,pc,mid,83500.0,94,22,screen_crack,0.53,fully_functional,15520.0,18090.0,recycle
DEV005323,phone,premium,154800.0,26,75,body_damage,0.4,fully_functional,49520.0,20170.0,sell
DEV005324,phone,mid,9700.0,41,70,screen_scratch,0.33,partially_functional,2300.0,230.0,repair
DEV005325,phone,mid,55600.0,29,74,dead_pixel,0.33,partially_functional,17790.0,3860.0,repair
DEV005326,tablet,premium,133500.0,28,67,body_damage,0.17,partially_functional,63130.0,12480.0,repair
DEV005327,monitor,budget,10800.0,48,39,none,0.0,fully_functional,5630.0,0.0,sell
DEV005328,laptop,budget,128900.0,36,59,keyboard_damage,0.34,partially_functional,48930.0,5350.0,repair
DEV005329,phone,mid,126800.0,39,64,screen_crack,0.43,fully_functional,28370.0,19540.0,sell
DEV005330,pc,budget,101700.0,0,87,body_damage,0.38,fully_functional,73960.0,11410.0,repair
DEV005331,tablet,mid,37400.0,21,77,screen_crack,0.94,not_functional,12050.0,11800.0,recycle
DEV005332,phone,mid,13300.0,72,39,none,0.0,fully_functional,1380.0,0.0,upgrade
DEV005333,phone,budget,46500.0,19,85,body_damage,0.4,partially_functional,21060.0,5200.0,repair
DEV005334,laptop,mid,34100.0,61,59,none,0.0,fully_functional,9660.0,0.0,upgrade
DEV005335,pc,budget,57000.0,78,36,port_damage,0.23,fully_functional,17010.0,2200.0,repair
DEV005336,tablet,budget,40800.0,90,35,port_damage,0.43,not_functional,4190.0,2100.0,repair
DEV005337,tablet,premium,72100.0,9,91,none,0.0,fully_functional,61180.0,0.0,sell
DEV005338,pc,mid,59400.0,75,32,screen_crack,0.61,not_functional,12960.0,15640.0,recycle
DEV005339,phone,budget,104700.0,18,76,body_damage,0.94,partially_functional,32020.0,19650.0,sell
DEV005340,phone,budget,49500.0,21,71,none,0.0,fully_functional,25670.0,0.0,sell
DEV005341,phone,budget,21700.0,32,74,screen_crack,0.68,partially_functional,5140.0,3750.0,sell
DEV005342,pc,budget,52100.0,13,89,battery_issue,0.95,partially_functional,20920.0,5650.0,repair
DEV005343,laptop,budget,143300.0,72,23,port_damage,0.89,not_functional,17590.0,10780.0,upgrade
DEV005344,phone,budget,51500.0,19,78,body_damage,0.44,not_functional,21410.0,7640.0,sell
DEV005345,phone,premium,65300.0,15,76,screen_crack,0.97,not_functional,19720.0,24860.0,recycle
DEV005346,tablet,premium,58300.0,13,95,dead_pixel,0.95,partially_functional,22840.0,9980.0,sell
DEV005347,tablet,mid,74900.0,65,33,keyboard_damage,0.61,fully_functional,10660.0,6980.0,recycle
DEV005348,tablet,mid,11900.0,5,85,screen_scratch,0.58,fully_functional,7520.0,380.0,repair
DEV005349,phone,mid,133400.0,72,39,none,0.0,fully_functional,14100.0,0.0,upgrade
DEV005350,monitor,mid,52500.0,93,15,screen_crack,0.53,fully_functional,11320.0,13120.0,recycle
DEV005351,pc,premium,153500.0,75,32,screen_crack,0.69,partially_functional,34200.0,34280.0,recycle
DEV005352,tablet,mid,68400.0,17,83,screen_scratch,0.29,fully_functional,39560.0,1210.0,repair
DEV005353,tablet,mid,88000.0,74,41,screen_scratch,0.76,partially_functional,10860.0,3210.0,repair
DEV005354,monitor,premium,79000.0,89,15,none,0.0,fully_functional,24040.0,0.0,upgrade
DEV005355,monitor,mid,40400.0,35,79,screen_scratch,0.35,fully_functional,20310.0,990.0,repair
DEV005356,laptop,budget,77600.0,40,49,keyboard_damage,0.48,partially_functional,23080.0,4640.0,repair
DEV005357,laptop,budget,22200.0,18,85,body_damage,0.47,fully_functional,11270.0,3330.0,repair
DEV005358,laptop,mid,201400.0,31,79,none,0.0,fully_functional,108070.0,0.0,sell
DEV005359,pc,budget,31700.0,39,53,none,0.0,fully_functional,18300.0,0.0,sell
DEV005360,tablet,budget,24600.0,90,30,screen_scratch,0.99,fully_functional,1610.0,1230.0,recycle
DEV005361,phone,budget,28100.0,14,87,port_damage,0.74,not_functional,11300.0,2020.0,sell
DEV005362,phone,budget,52400.0,33,76,body_damage,0.73,not_functional,11910.0,7470.0,upgrade
DEV005363,monitor,premium,75900.0,53,48,screen_scratch,0.53,fully_functional,28390.0,2320.0,repair
DEV005364,pc,budget,44400.0,144,15,screen_scratch,0.47,fully_functional,4540.0,1300.0,repair
DEV005365,monitor,budget,16000.0,74,36,battery_issue,0.58,fully_functional,4540.0,1360.0,repair
DEV005366,laptop,mid,112800.0,67,35,battery_issue,0.2,fully_functional,23350.0,6930.0,repair
DEV005367,pc,budget,28200.0,25,75,screen_scratch,0.91,not_functional,11700.0,1420.0,sell
DEV005368,pc,mid,124100.0,7,85,screen_crack,0.81,fully_functional,63690.0,48980.0,sell
DEV005369,phone,mid,56100.0,33,74,keyboard_damage,0.88,not_functional,10990.0,4160.0,upgrade
DEV005370,phone,budget,88600.0,14,100,none,0.0,fully_functional,63090.0,0.0,sell
DEV005371,monitor,mid,33200.0,64,37,keyboard_damage,0.74,partially_functional,9320.0,2840.0,repair
DEV005372,phone,budget,80700.0,62,40,body_damage,0.72,partially_functional,7050.0,11920.0,recycle
DEV005373,laptop,mid,119400.0,72,45,port_damage,0.74,partially_functional,17560.0,5960.0,repair
DEV005374,tablet,premium,86200.0,10,86,port_damage,0.29,fully_functional,56460.0,3810.0,repair
DEV005375,tablet,premium,57100.0,10,91,none,0.0,fully_functional,46350.0,0.0,sell
DEV005376,phone,budget,102300.0,72,28,keyboard_damage,0.3,fully_functional,8930.0,5050.0,recycle
DEV005377,tablet,mid,72000.0,18,79,screen_scratch,0.91,partially_functional,28810.0,3830.0,repair
DEV005378,phone,mid,29200.0,12,93,screen_scratch,0.41,fully_functional,17290.0,880.0,repair
DEV005379,pc,premium,71500.0,144,15,screen_scratch,0.92,not_functional,5330.0,3330.0,recycle
DEV005380,phone,budget,65200.0,4,100,screen_scratch,0.25,partially_functional,52870.0,1800.0,repair
DEV005381,tablet,mid,43500.0,19,71,none,0.0,fully_functional,25360.0,0.0,sell
DEV005382,pc,budget,33700.0,84,15,screen_scratch,0.85,not_functional,5280.0,1430.0,upgrade
DEV005383,phone,budget,73900.0,7,87,battery_issue,0.81,partially_functional,33880.0,7540.0,repair
DEV005384,phone,mid,140200.0,18,84,none,0.0,fully_functional,79850.0,0.0,sell
DEV005385,pc,mid,51600.0,66,29,none,0.0,fully_functional,18380.0,0.0,upgrade
DEV005386,phone,budget,103800.0,10,91,screen_scratch,0.2,fully_functional,62560.0,1890.0,sell
DEV005387,phone,premium,208300.0,10,100,keyboard_damage,0.99,not_functional,78060.0,18710.0,sell
DEV005388,laptop,mid,42300.0,18,86,battery_issue,0.7,not_functional,19120.0,4430.0,sell
DEV005389,monitor,premium,42200.0,79,35,body_damage,0.74,not_functional,10120.0,8070.0,upgrade
DEV005390,laptop,mid,26000.0,82,38,screen_crack,0.25,fully_functional,4010.0,3710.0,recycle
DEV005391,laptop,premium,323900.0,31,70,none,0.0,fully_functional,161210.0,0.0,sell
DEV005392,monitor,mid,24000.0,35,74,none,0.0,fully_functional,14900.0,0.0,sell
DEV005393,laptop,budget,152000.0,43,54,screen_crack,0.33,fully_functional,49300.0,22970.0,sell
DEV005394,laptop,budget,90700.0,32,73,keyboard_damage,0.74,not_functional,27710.0,5990.0,sell
DEV005395,laptop,premium,95200.0,21,80,screen_crack,0.62,not_functional,44960.0,17140.0,sell
DEV005396,phone,budget,103800.0,72,31,screen_crack,0.73,not_functional,7030.0,30420.0,recycle
DEV005397,phone,budget,48900.0,34,52,dead_pixel,0.35,partially_functional,14930.0,3650.0,repair
DEV005398,tablet,mid,13500.0,4,75,none,0.0,fully_functional,11210.0,0.0,sell
DEV005399,phone,budget,81900.0,37,69,body_damage,0.33,fully_functional,22620.0,8670.0,upgrade
DEV005400,tablet,budget,38700.0,24,81,none,0.0,fully_functional,21110.0,0.0,sell
DEV005401,phone,mid,136300.0,12,87,dead_pixel,0.93,partially_functional,53500.0,17300.0,sell
DEV005402,laptop,budget,18600.0,26,83,screen_scratch,0.19,fully_functional,9850.0,410.0,repair
DEV005403,phone,mid,62700.0,16,82,body_damage,0.3,partially_functional,31870.0,5790.0,repair
DEV005404,laptop,budget,151000.0,29,72,screen_scratch,0.56,fully_functional,62560.0,5190.0,repair
DEV005405,tablet,mid,74400.0,62,35,screen_scratch,0.43,partially_functional,14250.0,2440.0,repair
DEV005406,laptop,budget,98800.0,4,86,screen_scratch,0.88,partially_functional,46870.0,3620.0,repair
DEV005407,phone,mid,44800.0,18,94,battery_issue,0.47,fully_functional,20080.0,3250.0,repair
DEV005408,phone,budget,76700.0,41,55,dead_pixel,0.88,fully_functional,12420.0,12620.0,recycle
DEV005409,pc,budget,104600.0,52,49,screen_crack,0.56,fully_functional,33420.0,29480.0,recycle
DEV005410,phone,premium,124700.0,61,48,none,0.0,fully_functional,18900.0,0.0,upgrade
DEV005411,pc,budget,38600.0,41,51,port_damage,0.81,partially_functional,12260.0,2210.0,repair
DEV005412,phone,mid,92400.0,47,60,screen_crack,0.42,partially_functional,18100.0,16320.0,recycle
DEV005413,phone,budget,89900.0,27,76,port_damage,0.81,not_functional,23830.0,6100.0,sell
DEV005414,tablet,budget,26100.0,54,58,port_damage,0.66,not_functional,5070.0,1200.0,upgrade
DEV005415,laptop,budget,22500.0,28,80,screen_crack,0.4,not_functional,9180.0,4480.0,sell
DEV005416,phone,premium,127000.0,67,36,battery_issue,0.78,not_functional,9660.0,12930.0,recycle
DEV005417,monitor,budget,34200.0,66,41,none,0.0,fully_functional,14620.0,0.0,sell
DEV005418,phone,budget,102900.0,46,75,screen_crack,0.17,partially_functional,25680.0,15370.0,upgrade
DEV005419,laptop,mid,100400.0,11,85,battery_issue,0.51,fully_functional,60180.0,8220.0,repair
DEV005420,laptop,budget,121200.0,37,68,screen_crack,0.5,fully_functional,40770.0,25240.0,sell
DEV005421,laptop,mid,186100.0,45,65,screen_crack,0.49,not_functional,52070.0,50750.0,recycle
DEV005422,pc,premium,46100.0,21,81,none,0.0,fully_functional,33450.0,0.0,sell
DEV005423,phone,mid,61500.0,13,67,none,0.0,fully_functional,39000.0,0.0,sell
DEV005424,monitor,mid,19900.0,95,15,none,0.0,fully_functional,5740.0,0.0,upgrade
DEV005425,tablet,budget,21400.0,30,68,screen_scratch,0.87,not_functional,5590.0,1010.0,sell
DEV005426,monitor,premium,56700.0,15,81,dead_pixel,0.91,not_functional,21570.0,6630.0,sell
DEV005427,pc,mid,198500.0,31,65,battery_issue,0.17,fully_functional,106460.0,10880.0,repair
DEV005428,monitor,budget,38700.0,81,37,none,0.0,fully_functional,12210.0,0.0,upgrade
DEV005429,tablet,premium,128300.0,5,95,port_damage,0.91,not_functional,59200.0,6720.0,sell
DEV005430,laptop,premium,155000.0,39,72,battery_issue,0.26,partially_functional,61560.0,8480.0,repair
DEV005431,laptop,mid,86600.0,31,78,screen_scratch,0.6,not_functional,34570.0,2590.0,sell
DEV005432,tablet,budget,47000.0,35,57,none,0.0,fully_functional,17710.0,0.0,sell
DEV005433,laptop,mid,190500.0,45,62,body_damage,0.59,partially_functional,49850.0,21760.0,sell
DEV005434,tablet,premium,69200.0,23,84,body_damage,0.68,not_functional,27860.0,6750.0,sell
DEV005435,phone,mid,131100.0,29,87,screen_crack,0.25,partially_functional,47290.0,15180.0,repair
DEV005436,pc,budget,28300.0,23,75,battery_issue,0.98,fully_functional,10200.0,3430.0,repair
DEV005437,phone,budget,29000.0,30,72,none,0.0,fully_functional,11550.0,0.0,sell
DEV005438,monitor,budget,38200.0,35,72,screen_scratch,0.53,fully_functional,17720.0,1210.0,repair
DEV005439,phone,budget,69700.0,26,68,none,0.0,fully_functional,31920.0,0.0,sell
DEV005440,phone,mid,27300.0,18,89,screen_crack,0.5,partially_functional,13320.0,6290.0,sell
DEV005441,pc,budget,129200.0,28,73,port_damage,0.39,fully_functional,64530.0,4160.0,repair
DEV005442,pc,budget,59700.0,144,15,battery_issue,0.5,fully_functional,6140.0,3330.0,recycle
DEV005443,tablet,premium,104000.0,49,56,dead_pixel,0.4,partially_functional,29660.0,7310.0,repair
DEV005444,monitor,mid,29000.0,53,60,none,0.0,fully_functional,16070.0,0.0,upgrade
DEV005445,phone,budget,71100.0,16,86,none,0.0,fully_functional,41750.0,0.0,sell
DEV005446,pc,premium,252400.0,58,45,none,0.0,fully_functional,102920.0,0.0,sell
DEV005447,laptop,budget,59600.0,41,81,dead_pixel,0.2,fully_functional,21940.0,3610.0,repair
DEV005448,laptop,premium,107300.0,43,66,none,0.0,fully_functional,42870.0,0.0,sell
DEV005449,laptop,budget,145900.0,80,19,screen_scratch,0.32,fully_functional,21110.0,3360.0,repair
DEV005450,phone,mid,46800.0,38,60,dead_pixel,0.54,partially_functional,10450.0,5000.0,upgrade
DEV005451,laptop,mid,133400.0,30,71,none,0.0,fully_functional,66610.0,0.0,sell
DEV005452,tablet,budget,52400.0,15,95,none,0.0,fully_functional,38260.0,0.0,sell
DEV005453,phone,mid,33800.0,22,83,screen_crack,0.95,partially_functional,9110.0,13680.0,recycle
DEV005454,monitor,budget,30000.0,134,15,screen_crack,0.62,partially_functional,3920.0,6410.0,recycle
DEV005455,laptop,mid,37300.0,34,66,keyboard_damage,0.9,not_functional,10350.0,4030.0,sell
DEV005456,phone,budget,94900.0,18,85,screen_crack,0.66,partially_functional,35600.0,26200.0,sell
DEV005457,tablet,mid,25900.0,21,86,none,0.0,fully_functional,16500.0,0.0,sell
DEV005458,phone,mid,139800.0,10,99,none,0.0,fully_functional,98110.0,0.0,sell
DEV005459,phone,mid,16600.0,72,44,body_damage,0.47,not_functional,1310.0,2030.0,recycle
DEV005460,tablet,budget,62100.0,43,64,dead_pixel,0.98,partially_functional,12420.0,9080.0,sell
DEV005461,phone,mid,97000.0,35,70,screen_crack,0.47,fully_functional,22900.0,19990.0,recycle
DEV005462,phone,mid,100000.0,56,44,screen_scratch,0.18,partially_functional,16010.0,1640.0,repair
DEV005463,tablet,budget,38700.0,10,93,dead_pixel,0.18,fully_functional,27710.0,2980.0,repair
DEV005464,phone,mid,31700.0,3,96,none,0.0,fully_functional,25840.0,0.0,sell
DEV005465,pc,budget,110600.0,40,60,screen_crack,0.69,partially_functional,38460.0,21520.0,sell
DEV005466,pc,budget,133700.0,104,15,battery_issue,0.4,fully_functional,23540.0,8760.0,recycle
DEV005467,phone,mid,30800.0,30,91,keyboard_damage,0.62,not_functional,9840.0,1980.0,sell
DEV005468,laptop,budget,21100.0,13,77,dead_pixel,0.66,not_functional,11360.0,2570.0,sell
DEV005469,phone,budget,31800.0,68,42,screen_crack,0.49,not_functional,2740.0,7070.0,recycle
DEV005470,tablet,mid,36800.0,93,23,dead_pixel,0.93,partially_functional,2410.0,5210.0,recycle
DEV005471,phone,mid,8900.0,11,91,none,0.0,fully_functional,6190.0,0.0,sell
DEV005472,monitor,budget,37900.0,37,61,none,0.0,fully_functional,22370.0,0.0,sell
DEV005473,phone,budget,48600.0,35,77,screen_crack,0.55,fully_functional,12750.0,10730.0,recycle
DEV005474,tablet,mid,38000.0,54,38,dead_pixel,0.55,fully_functional,7620.0,4610.0,upgrade
DEV005475,phone,mid,99600.0,21,75,body_damage,0.18,fully_functional,46710.0,10260.0,repair
DEV005476,phone,mid,134300.0,44,69,none,0.0,fully_functional,31990.0,0.0,upgrade
DEV005477,laptop,mid,116200.0,120,15,none,0.0,fully_functional,9320.0,0.0,upgrade
DEV005478,laptop,mid,61700.0,23,84,screen_crack,0.19,fully_functional,33430.0,10290.0,repair
DEV005479,monitor,premium,72400.0,166,15,none,0.0,fully_functional,10430.0,0.0,upgrade
DEV005480,phone,budget,70200.0,34,63,screen_scratch,0.73,partially_functional,15640.0,3250.0,repair
DEV005481,phone,budget,6000.0,16,100,dead_pixel,0.32,fully_functional,3480.0,460.0,repair
DEV005482,laptop,budget,159000.0,47,50,battery_issue,0.6,not_functional,38390.0,13210.0,sell
DEV005483,laptop,budget,37400.0,62,53,port_damage,0.55,fully_functional,8220.0,1770.0,repair
DEV005484,pc,budget,73100.0,77,32,battery_issue,0.38,partially_functional,18360.0,7030.0,upgrade
DEV005485,monitor,premium,61300.0,48,50,screen_crack,0.31,not_functional,27290.0,13440.0,upgrade
DEV005486,pc,budget,118000.0,36,55,screen_scratch,0.61,partially_functional,45670.0,3570.0,repair
DEV005487,phone,budget,50400.0,72,28,dead_pixel,0.81,partially_functional,3080.0,5410.0,recycle
DEV005488,laptop,mid,247100.0,27,83,screen_scratch,0.37,fully_functional,121110.0,6260.0,repair
DEV005489,tablet,premium,37200.0,18,72,screen_scratch,0.63,not_functional,17070.0,1270.0,sell
DEV005490,phone,budget,21700.0,11,81,none,0.0,fully_functional,14790.0,0.0,sell
DEV005491,tablet,mid,73700.0,30,73,body_damage,0.18,fully_functional,33770.0,4630.0,repair
DEV005492,phone,premium,28200.0,34,73,screen_scratch,0.57,not_functional,6730.0,800.0,upgrade
DEV005493,phone,mid,136000.0,13,77,screen_scratch,0.34,partially_functional,75110.0,4050.0,repair
DEV005494,pc,mid,189500.0,5,100,screen_scratch,0.71,fully_functional,116600.0,7510.0,repair
DEV005495,phone,mid,118800.0,29,68,none,0.0,fully_functional,45300.0,0.0,sell
DEV005496,monitor,budget,6600.0,71,34,screen_crack,0.26,fully_functional,2120.0,1260.0,sell
DEV005497,phone,mid,8400.0,64,37,none,0.0,fully_functional,1120.0,0.0,upgrade
DEV005498,phone,budget,104500.0,10,74,screen_crack,0.2,fully_functional,69540.0,21460.0,repair
DEV005499,phone,mid,125800.0,22,71,dead_pixel,0.58,fully_functional,47120.0,13150.0,repair
DEV005500,phone,premium,64800.0,47,66,dead_pixel,0.92,fully_functional,7740.0,8270.0,recycle
DEV005501,laptop,budget,159900.0,44,72,body_damage,0.81,partially_functional,41020.0,24570.0,sell
DEV005502,phone,mid,88800.0,13,79,screen_scratch,0.17,partially_functional,54730.0,2030.0,repair
DEV005503,tablet,budget,52500.0,21,77,screen_crack,0.23,fully_functional,30260.0,6850.0,repair
DEV005504,pc,budget,110600.0,60,47,none,0.0,fully_functional,46150.0,0.0,sell
DEV005505,laptop,mid,171000.0,36,68,none,0.0,fully_functional,79040.0,0.0,sell
DEV005506,phone,budget,40000.0,66,42,battery_issue,0.95,partially_functional,2770.0,5560.0,recycle
DEV005507,laptop,mid,249600.0,4,83,body_damage,0.77,not_functional,118010.0,34970.0,sell
DEV005508,pc,budget,35400.0,15,85,dead_pixel,0.55,fully_functional,19440.0,3640.0,repair
DEV005509,laptop,premium,253700.0,32,70,screen_crack,0.66,not_functional,82740.0,69820.0,recycle
DEV005510,phone,budget,48100.0,13,81,dead_pixel,0.9,not_functional,16670.0,6110.0,sell
DEV005511,laptop,budget,149400.0,39,59,dead_pixel,0.61,not_functional,41430.0,14600.0,sell
DEV005512,laptop,mid,77800.0,10,92,body_damage,0.94,not_functional,32610.0,17220.0,sell
DEV005513,phone,mid,139100.0,12,91,body_damage,0.76,not_functional,58030.0,22790.0,sell
DEV005514,phone,budget,20000.0,36,89,body_damage,0.59,fully_functional,4840.0,3090.0,upgrade
DEV005515,monitor,premium,37200.0,43,57,port_damage,0.66,partially_functional,14290.0,2390.0,repair
DEV005516,phone,budget,56400.0,8,84,screen_crack,0.85,not_functional,23060.0,16460.0,sell
DEV005517,phone,budget,61000.0,23,86,battery_issue,0.23,fully_functional,26300.0,3240.0,repair
DEV005518,phone,mid,73500.0,13,91,none,0.0,fully_functional,49210.0,0.0,sell
DEV005519,laptop,mid,52300.0,79,27,screen_crack,0.37,partially_functional,7190.0,8910.0,recycle
DEV005520,laptop,mid,235900.0,52,38,none,0.0,fully_functional,74400.0,0.0,sell
DEV005521,phone,premium,205600.0,25,84,dead_pixel,0.65,partially_functional,65730.0,20880.0,repair
DEV005522,laptop,mid,244700.0,93,15,screen_scratch,0.66,fully_functional,23410.0,9510.0,recycle
DEV005523,tablet,budget,12700.0,27,72,screen_crack,0.96,fully_functional,3270.0,3490.0,recycle
DEV005524,phone,budget,42600.0,23,83,none,0.0,fully_functional,20880.0,0.0,sell
DEV005525,monitor,budget,37700.0,60,47,screen_crack,0.95,partially_functional,9670.0,13390.0,recycle
DEV005526,phone,mid,91100.0,16,82,screen_scratch,0.16,fully_functional,45960.0,1990.0,repair
DEV005527,phone,budget,61100.0,11,70,none,0.0,fully_functional,40670.0,0.0,sell
DEV005528,monitor,mid,43300.0,24,78,none,0.0,fully_functional,29360.0,0.0,sell
DEV005529,pc,mid,174200.0,46,48,none,0.0,fully_functional,82560.0,0.0,sell
DEV005530,phone,mid,141400.0,21,93,keyboard_damage,0.66,partially_functional,49030.0,8600.0,repair
DEV005531,pc,budget,45700.0,122,15,none,0.0,fully_functional,7950.0,0.0,upgrade
DEV005532,laptop,budget,117900.0,71,31,screen_crack,0.75,partially_functional,15850.0,26040.0,recycle
DEV005533,phone,premium,46400.0,49,47,screen_scratch,0.8,not_functional,5450.0,1930.0,recycle
DEV005534,pc,mid,184900.0,60,28,screen_scratch,0.5,fully_functional,56700.0,4720.0,repair
DEV005535,pc,mid,114400.0,144,15,screen_scratch,0.77,partially_functional,9300.0,4780.0,recycle
DEV005536,phone,mid,78700.0,40,58,screen_scratch,0.38,partially_functional,18770.0,2290.0,repair
DEV005537,tablet,premium,74500.0,5,93,screen_scratch,0.86,partially_functional,35520.0,3160.0,repair
DEV005538,laptop,budget,166600.0,16,91,screen_crack,0.98,not_functional,60610.0,50120.0,recycle
DEV005539,phone,premium,86400.0,14,87,dead_pixel,0.51,partially_functional,43640.0,7620.0,repair
DEV005540,monitor,budget,34300.0,165,15,keyboard_damage,0.83,partially_functional,2740.0,2440.0,recycle
DEV005541,laptop,premium,160100.0,29,74,body_damage,0.34,fully_functional,72330.0,13900.0,repair
DEV005542,laptop,budget,127400.0,35,65,battery_issue,0.29,not_functional,51460.0,8040.0,sell
DEV005543,laptop,budget,88200.0,34,58,dead_pixel,0.5,fully_functional,27490.0,8670.0,repair
DEV005544,laptop,budget,107800.0,61,52,screen_crack,0.72,not_functional,19430.0,37210.0,recycle
DEV005545,phone,premium,223200.0,36,85,keyboard_damage,1.0,fully_functional,37540.0,25690.0,upgrade
DEV005546,monitor,premium,57600.0,77,35,keyboard_damage,0.3,fully_functional,18030.0,3400.0,repair
DEV005547,tablet,budget,56700.0,96,19,dead_pixel,0.34,fully_functional,4940.0,4620.0,recycle
DEV005548,tablet,budget,30500.0,96,19,screen_crack,0.38,fully_functional,2520.0,4650.0,recycle
DEV005549,laptop,budget,116200.0,21,76,keyboard_damage,0.64,not_functional,48040.0,8170.0,sell
DEV005550,phone,budget,42600.0,44,66,screen_crack,0.35,fully_functional,8810.0,7670.0,recycle
DEV005551,phone,mid,43400.0,43,69,screen_scratch,0.49,fully_functional,9030.0,1300.0,repair
DEV005552,laptop,budget,132400.0,70,26,screen_crack,0.69,partially_functional,18390.0,36910.0,recycle
DEV005553,phone,premium,25900.0,31,78,screen_scratch,0.48,partially_functional,7660.0,840.0,repair
DEV005554,tablet,premium,74700.0,36,56,none,0.0,fully_functional,31650.0,0.0,sell
DEV005555,pc,budget,122200.0,78,36,screen_crack,0.94,not_functional,19860.0,46240.0,recycle
DEV005556,phone,mid,107800.0,33,75,screen_crack,0.86,partially_functional,23350.0,36890.0,recycle
DEV005557,phone,premium,192300.0,19,83,screen_scratch,0.19,fully_functional,94480.0,3640.0,repair
DEV005558,tablet,premium,99500.0,12,88,none,0.0,fully_functional,73160.0,0.0,sell
DEV005559,phone,mid,50600.0,38,65,screen_crack,0.62,fully_functional,11210.0,12000.0,recycle
DEV005560,monitor,budget,4800.0,112,15,dead_pixel,0.91,not_functional,640.0,680.0,recycle
DEV005561,laptop,budget,73200.0,35,72,none,0.0,fully_functional,31260.0,0.0,sell
DEV005562,phone,mid,10700.0,42,47,screen_scratch,0.56,fully_functional,1700.0,300.0,repair
DEV005563,phone,budget,59500.0,13,98,battery_issue,0.45,partially_functional,34210.0,3670.0,repair
DEV005564,monitor,mid,56900.0,45,49,screen_scratch,0.52,fully_functional,22780.0,2460.0,repair
DEV005565,phone,mid,132500.0,14,81,none,0.0,fully_functional,83230.0,0.0,sell
DEV005566,tablet,mid,38400.0,37,55,dead_pixel,0.55,fully_functional,10140.0,4120.0,sell
DEV005567,phone,budget,10900.0,18,68,screen_scratch,0.16,partially_functional,5400.0,270.0,repair
DEV005568,phone,budget,43700.0,20,75,body_damage,0.86,partially_functional,12370.0,5330.0,sell
DEV005569,pc,premium,131800.0,33,77,screen_crack,0.34,fully_functional,67300.0,23460.0,repair
DEV005570,phone,budget,100700.0,24,91,none,0.0,fully_functional,47760.0,0.0,sell
DEV005571,phone,budget,51900.0,11,68,none,0.0,fully_functional,33830.0,0.0,sell
DEV005572,laptop,premium,128400.0,6,91,screen_scratch,0.94,not_functional,59950.0,5570.0,sell
DEV005573,pc,mid,146800.0,114,15,battery_issue,0.83,partially_functional,16460.0,14590.0,recycle
DEV005574,phone,mid,38200.0,7,93,dead_pixel,0.28,partially_functional,26280.0,2180.0,repair
DEV005575,phone,premium,205900.0,12,84,none,0.0,fully_functional,140150.0,0.0,sell
DEV005576,monitor,mid,22100.0,89,15,screen_crack,0.67,partially_functional,4080.0,4900.0,recycle
DEV005577,tablet,premium,132600.0,28,71,body_damage,0.79,fully_functional,41430.0,19160.0,sell
DEV005578,pc,premium,172400.0,38,59,battery_issue,0.87,not_functional,54550.0,16190.0,sell
DEV005579,pc,budget,48700.0,59,45,screen_crack,0.9,not_functional,10930.0,14600.0,recycle
DEV005580,tablet,budget,8000.0,39,60,dead_pixel,0.92,partially_functional,1860.0,1110.0,sell
DEV005581,laptop,budget,132300.0,80,21,none,0.0,fully_functional,23290.0,0.0,upgrade
DEV005582,phone,mid,128300.0,24,87,screen_scratch,0.37,fully_functional,47460.0,2810.0,repair
DEV005583,tablet,mid,47900.0,32,65,none,0.0,fully_functional,22460.0,0.0,sell
DEV005584,tablet,mid,58300.0,85,19,none,0.0,fully_functional,7700.0,0.0,upgrade
DEV005585,monitor,premium,53400.0,25,76,dead_pixel,0.61,partially_functional,24480.0,4360.0,repair
DEV005586,laptop,mid,86300.0,10,86,dead_pixel,0.17,fully_functional,62120.0,6480.0,repair
DEV005587,phone,mid,11900.0,21,80,screen_crack,0.86,partially_functional,3770.0,3880.0,recycle
DEV005588,laptop,mid,148000.0,77,35,screen_crack,0.38,fully_functional,23390.0,38670.0,recycle
DEV005589,tablet,mid,48700.0,31,66,battery_issue,0.7,not_functional,16020.0,5910.0,sell
DEV005590,laptop,budget,107800.0,11,83,keyboard_damage,0.81,partially_functional,51630.0,7390.0,repair
DEV005591,pc,mid,61300.0,46,61,screen_scratch,0.45,fully_functional,26920.0,1710.0,repair
DEV005592,laptop,mid,140700.0,96,16,body_damage,0.68,not_functional,12420.0,20020.0,recycle
DEV005593,phone,budget,97700.0,3,92,battery_issue,0.92,partially_functional,47470.0,13220.0,repair
DEV005594,laptop,mid,246100.0,13,81,screen_crack,0.67,not_functional,122410.0,60630.0,sell
DEV005595,tablet,mid,70300.0,35,66,screen_scratch,0.64,partially_functional,21460.0,2890.0,repair
DEV005596,monitor,budget,16800.0,110,15,keyboard_damage,0.28,partially_functional,3520.0,820.0,repair
DEV005597,laptop,premium,165800.0,53,56,keyboard_damage,0.51,fully_functional,39900.0,8840.0,repair
DEV005598,laptop,budget,150400.0,23,80,screen_scratch,0.58,fully_functional,67620.0,4010.0,repair
DEV005599,laptop,mid,213000.0,40,67,none,0.0,fully_functional,89870.0,0.0,sell
DEV005600,laptop,mid,190300.0,45,58,screen_crack,0.94,partially_functional,35290.0,69040.0,recycle
DEV005601,phone,budget,78200.0,52,61,screen_scratch,0.8,partially_functional,8840.0,3550.0,recycle
DEV005602,pc,mid,182000.0,64,52,screen_scratch,0.62,partially_functional,53730.0,3750.0,repair
DEV005603,monitor,budget,22900.0,17,80,keyboard_damage,0.17,partially_functional,16340.0,900.0,repair
DEV005604,laptop,budget,19100.0,33,74,keyboard_damage,0.41,not_functional,7980.0,1240.0,sell
DEV005605,laptop,mid,67400.0,29,67,screen_scratch,0.52,fully_functional,25610.0,1620.0,repair
DEV005606,phone,budget,40400.0,42,78,none,0.0,fully_functional,11960.0,0.0,upgrade
DEV005607,laptop,premium,107900.0,21,76,none,0.0,fully_functional,69750.0,0.0,sell
DEV005608,laptop,budget,88500.0,48,55,body_damage,0.99,not_functional,17780.0,13590.0,sell
DEV005609,tablet,budget,49900.0,7,100,dead_pixel,0.57,fully_functional,33010.0,4760.0,repair
DEV005610,phone,premium,106500.0,71,33,screen_scratch,0.79,not_functional,7110.0,5100.0,recycle
DEV005611,tablet,mid,89500.0,45,67,body_damage,0.69,not_functional,20650.0,14500.0,upgrade
DEV005612,phone,mid,9800.0,43,60,screen_crack,0.74,not_functional,1510.0,2630.0,upgrade
DEV005613,tablet,mid,67000.0,65,40,none,0.0,fully_functional,14670.0,0.0,upgrade
DEV005614,tablet,premium,69900.0,25,65,none,0.0,fully_functional,37790.0,0.0,repair
DEV005615,phone,budget,40100.0,12,84,none,0.0,fully_functional,26600.0,0.0,sell
DEV005616,laptop,budget,165100.0,13,87,none,0.0,fully_functional,129710.0,0.0,sell
DEV005617,pc,premium,171600.0,82,15,none,0.0,fully_functional,47690.0,0.0,upgrade
DEV005618,tablet,budget,34400.0,31,73,screen_crack,0.79,partially_functional,10220.0,9460.0,recycle
DEV005619,phone,mid,12700.0,16,97,port_damage,0.72,not_functional,5500.0,760.0,sell
DEV005620,laptop,mid,169500.0,65,40,dead_pixel,0.22,partially_functional,38180.0,11370.0,repair
DEV005621,phone,mid,125900.0,2,93,screen_scratch,0.26,fully_functional,94450.0,3270.0,repair
DEV005622,tablet,mid,20100.0,44,57,port_damage,0.75,not_functional,4730.0,1100.0,upgrade
DEV005623,tablet,premium,47700.0,9,96,screen_scratch,0.22,not_functional,35340.0,1450.0,sell
DEV005624,phone,budget,26800.0,10,100,none,0.0,fully_functional,19900.0,0.0,sell
DEV005625,tablet,mid,32400.0,96,18,battery_issue,0.78,partially_functional,2040.0,4160.0,recycle
DEV005626,tablet,mid,58600.0,96,17,dead_pixel,0.96,not_functional,3500.0,9610.0,recycle
DEV005627,pc,budget,135200.0,54,57,screen_crack,0.71,not_functional,42920.0,32310.0,sell
DEV005628,phone,premium,122200.0,39,70,dead_pixel,0.69,partially_functional,23250.0,15100.0,upgrade
DEV005629,phone,mid,18500.0,22,70,battery_issue,0.84,not_functional,5310.0,2230.0,sell
DEV005630,laptop,budget,87900.0,10,88,screen_crack,0.42,not_functional,57050.0,19460.0,sell
DEV005631,phone,premium,211100.0,19,80,none,0.0,fully_functional,105600.0,0.0,sell
DEV005632,laptop,premium,209100.0,79,35,none,0.0,fully_functional,40000.0,0.0,upgrade
DEV005633,phone,budget,29700.0,39,75,none,0.0,fully_functional,8290.0,0.0,upgrade
DEV005634,phone,mid,138200.0,72,36,keyboard_damage,0.28,partially_functional,12420.0,7480.0,recycle
DEV005635,tablet,budget,33400.0,19,87,body_damage,0.89,partially_functional,13510.0,6470.0,sell
DEV005636,phone,budget,73700.0,72,31,screen_crack,0.77,fully_functional,4310.0,16360.0,recycle
DEV005637,tablet,budget,43800.0,24,77,battery_issue,0.33,not_functional,22930.0,2050.0,sell
DEV005638,phone,premium,89500.0,46,49,keyboard_damage,0.79,not_functional,13520.0,6610.0,upgrade
DEV005639,laptop,budget,133400.0,47,50,none,0.0,fully_functional,48270.0,0.0,sell
DEV005640,laptop,budget,150300.0,17,83,screen_crack,0.62,not_functional,74130.0,37080.0,sell
DEV005641,pc,mid,107600.0,9,100,battery_issue,0.77,partially_functional,58520.0,11620.0,repair
DEV005642,pc,mid,61100.0,102,17,none,0.0,fully_functional,13090.0,0.0,upgrade
DEV005643,laptop,budget,131900.0,30,61,none,0.0,fully_functional,68220.0,0.0,sell
DEV005644,tablet,budget,40800.0,40,57,screen_scratch,0.47,fully_functional,11650.0,1040.0,repair
DEV005645,phone,mid,100400.0,30,72,screen_scratch,0.6,not_functional,28110.0,2800.0,sell
DEV005646,laptop,mid,206700.0,45,66,none,0.0,fully_functional,82140.0,0.0,sell
DEV005647,phone,mid,133800.0,25,72,body_damage,0.26,partially_functional,49630.0,13150.0,repair
DEV005648,laptop,budget,25500.0,21,90,screen_scratch,0.3,partially_functional,14870.0,580.0,repair
DEV005649,phone,mid,58400.0,34,47,screen_crack,0.93,partially_functional,10370.0,15470.0,recycle
DEV005650,pc,mid,68200.0,28,71,none,0.0,fully_functional,46900.0,0.0,sell
DEV005651,laptop,budget,104200.0,51,60,none,0.0,fully_functional,35440.0,0.0,sell
DEV005652,laptop,budget,73700.0,37,71,battery_issue,0.66,partially_functional,24210.0,8010.0,repair
DEV005653,laptop,budget,160100.0,106,15,battery_issue,0.17,partially_functional,17640.0,9400.0,recycle
DEV005654,phone,budget,71800.0,9,99,none,0.0,fully_functional,55520.0,0.0,sell
DEV005655,phone,budget,83400.0,54,55,screen_crack,0.58,not_functional,11120.0,23620.0,recycle
DEV005656,monitor,premium,48500.0,155,15,battery_issue,0.34,fully_functional,6530.0,3540.0,recycle
DEV005657,pc,mid,137000.0,39,77,keyboard_damage,0.81,not_functional,42260.0,9110.0,sell
DEV005658,phone,mid,19900.0,22,82,screen_crack,0.53,partially_functional,6900.0,4990.0,sell
DEV005659,tablet,budget,43800.0,42,68,body_damage,0.26,fully_functional,14340.0,3690.0,repair
DEV005660,laptop,mid,115200.0,27,76,body_damage,0.78,not_functional,39250.0,19900.0,sell
DEV005661,phone,mid,39000.0,4,97,keyboard_damage,0.96,not_functional,18040.0,4000.0,sell
DEV005662,laptop,premium,373300.0,45,53,screen_scratch,0.99,partially_functional,72460.0,17990.0,repair
DEV005663,phone,mid,85200.0,5,84,none,0.0,fully_functional,65540.0,0.0,sell
DEV005664,phone,mid,54500.0,17,97,none,0.0,fully_functional,35250.0,0.0,upgrade
DEV005665,tablet,budget,57900.0,64,50,screen_crack,0.26,partially_functional,11950.0,10500.0,recycle
DEV005666,phone,mid,109500.0,10,91,body_damage,0.9,fully_functional,44240.0,16460.0,sell
DEV005667,pc,premium,147900.0,117,15,none,0.0,fully_functional,27490.0,0.0,upgrade
DEV005668,tablet,mid,58600.0,37,52,screen_crack,0.91,partially_functional,12550.0,23370.0,recycle
DEV005669,pc,mid,38300.0,113,15,none,0.0,fully_functional,7210.0,0.0,upgrade
DEV005670,tablet,premium,105100.0,5,100,none,0.0,fully_functional,89860.0,0.0,recycle
DEV005671,pc,premium,87500.0,30,72,none,0.0,fully_functional,49650.0,0.0,sell
DEV005672,laptop,budget,78700.0,20,94,body_damage,0.5,fully_functional,39830.0,11540.0,repair
DEV005673,laptop,budget,44500.0,54,51,none,0.0,fully_functional,15460.0,0.0,sell
DEV005674,laptop,mid,169400.0,43,73,dead_pixel,0.63,not_functional,47440.0,23660.0,sell
DEV005675,monitor,premium,57600.0,80,25,none,0.0,fully_functional,18420.0,0.0,upgrade
DEV005676,phone,mid,99000.0,20,84,dead_pixel,0.76,not_functional,34050.0,13730.0,sell
DEV005677,laptop,budget,110200.0,71,41,screen_scratch,0.22,fully_functional,21700.0,2050.0,repair
DEV005678,pc,mid,94600.0,64,44,screen_crack,0.81,fully_functional,22100.0,31680.0,recycle
DEV005679,laptop,budget,81900.0,44,64,screen_crack,0.88,not_functional,19000.0,22690.0,sell
DEV005680,pc,budget,23600.0,85,15,none,0.0,fully_functional,6140.0,0.0,upgrade
DEV005681,laptop,budget,23000.0,75,39,none,0.0,fully_functional,4910.0,0.0,upgrade
DEV005682,phone,budget,88200.0,10,99,none,0.0,fully_functional,66080.0,0.0,sell
DEV005683,laptop,mid,71700.0,50,64,screen_crack,0.66,partially_functional,15580.0,20310.0,recycle
DEV005684,laptop,budget,66500.0,27,44,battery_issue,0.92,not_functional,17820.0,6590.0,sell
DEV005685,phone,budget,12600.0,18,88,none,0.0,fully_functional,6980.0,0.0,sell
DEV005686,phone,mid,147700.0,12,97,dead_pixel,0.68,fully_functional,63520.0,18870.0,repair
DEV005687,phone,budget,39000.0,15,90,battery_issue,0.79,partially_functional,14310.0,3810.0,repair
DEV005688,pc,budget,76900.0,42,56,none,0.0,fully_functional,41550.0,0.0,sell
DEV005689,pc,budget,86100.0,38,63,none,0.0,fully_functional,48410.0,0.0,sell
DEV005690,laptop,budget,73000.0,51,44,none,0.0,fully_functional,21820.0,0.0,sell
DEV005691,phone,mid,59600.0,12,93,screen_scratch,0.65,partially_functional,26460.0,1970.0,upgrade
DEV005692,laptop,budget,65700.0,4,95,screen_crack,0.26,not_functional,52400.0,10170.0,sell
DEV005693,pc,budget,47600.0,62,47,screen_crack,0.65,partially_functional,12780.0,10560.0,recycle
DEV005694,tablet,budget,43100.0,35,71,none,0.0,fully_functional,19090.0,0.0,sell
DEV005695,phone,budget,54400.0,15,92,dead_pixel,0.9,partially_functional,19790.0,9230.0,sell
DEV005696,phone,budget,70000.0,51,55,none,0.0,fully_functional,14490.0,0.0,upgrade
DEV005697,monitor,budget,5500.0,17,83,none,0.0,fully_functional,4270.0,0.0,sell
DEV005698,pc,budget,47500.0,50,55,keyboard_damage,0.37,partially_functional,17690.0,1810.0,repair
DEV005699,phone,budget,33800.0,14,73,screen_scratch,0.61,not_functional,14360.0,1030.0,sell
DEV005700,pc,premium,223000.0,144,15,keyboard_damage,0.79,partially_functional,15830.0,22360.0,recycle
DEV005701,phone,budget,70500.0,15,86,none,0.0,fully_functional,44760.0,0.0,sell
DEV005702,phone,budget,23400.0,15,84,keyboard_damage,0.91,partially_functional,7430.0,2160.0,repair
DEV005703,pc,mid,46800.0,62,41,battery_issue,0.7,not_functional,12560.0,3710.0,sell
DEV005704,laptop,budget,113200.0,72,45,screen_scratch,0.85,not_functional,13440.0,4110.0,upgrade
DEV005705,laptop,mid,135300.0,72,40,none,0.0,fully_functional,30560.0,0.0,upgrade
DEV005706,monitor,budget,8700.0,59,38,none,0.0,fully_functional,3520.0,0.0,repair
DEV005707,pc,mid,112700.0,31,87,none,0.0,fully_functional,72090.0,0.0,sell
DEV005708,phone,premium,191500.0,72,37,battery_issue,0.94,not_functional,10860.0,22090.0,recycle
DEV005709,tablet,budget,14100.0,30,69,none,0.0,fully_functional,7300.0,0.0,sell
DEV005710,pc,budget,133100.0,54,51,screen_scratch,0.96,not_functional,32090.0,5190.0,sell
DEV005711,laptop,mid,163100.0,65,36,none,0.0,fully_functional,41860.0,0.0,upgrade
DEV005712,monitor,premium,50400.0,4,100,none,0.0,fully_functional,50350.0,0.0,sell
DEV005713,tablet,budget,26400.0,16,89,dead_pixel,0.62,not_functional,13310.0,3670.0,sell
DEV005714,phone,mid,96100.0,53,49,screen_crack,0.55,partially_functional,12730.0,18380.0,recycle
DEV005715,phone,budget,79700.0,14,83,port_damage,0.39,not_functional,40120.0,4330.0,sell
DEV005716,pc,mid,68500.0,25,89,dead_pixel,0.86,partially_functional,28850.0,12700.0,sell
DEV005717,monitor,budget,14500.0,39,77,body_damage,0.9,partially_functional,5290.0,1920.0,sell
DEV005718,phone,mid,61200.0,6,98,screen_crack,0.58,partially_functional,36120.0,11120.0,repair
DEV005719,phone,budget,48300.0,21,74,screen_scratch,0.89,not_functional,13230.0,2510.0,sell
DEV005720,pc,mid,164800.0,144,15,none,0.0,fully_functional,20950.0,0.0,upgrade
DEV005721,phone,budget,87600.0,42,56,screen_crack,0.63,not_functional,15130.0,21280.0,recycle
DEV005722,phone,mid,38800.0,6,100,keyboard_damage,0.57,fully_functional,23920.0,2960.0,repair
DEV005723,pc,mid,141200.0,50,61,port_damage,0.47,fully_functional,55040.0,6010.0,repair
DEV005724,pc,premium,212900.0,16,87,dead_pixel,0.48,partially_functional,131120.0,21940.0,repair
DEV005725,pc,premium,155500.0,53,57,none,0.0,fully_functional,71270.0,0.0,sell
DEV005726,tablet,mid,17400.0,8,95,keyboard_damage,0.59,partially_functional,11250.0,1300.0,repair
DEV005727,phone,mid,75500.0,72,29,dead_pixel,0.96,fully_functional,3990.0,12590.0,recycle
DEV005728,monitor,budget,14600.0,25,71,body_damage,0.18,fully_functional,10080.0,1240.0,repair
DEV005729,phone,premium,41700.0,12,85,none,0.0,fully_functional,26770.0,0.0,sell
DEV005730,phone,mid,78500.0,13,80,port_damage,0.79,not_functional,31180.0,5120.0,sell
DEV005731,pc,mid,58500.0,66,43,keyboard_damage,0.61,not_functional,14440.0,3850.0,upgrade
DEV005732,tablet,mid,56300.0,24,80,body_damage,0.69,partially_functional,20360.0,8060.0,sell
DEV005733,pc,mid,138900.0,1,97,body_damage,0.37,fully_functional,106330.0,16590.0,repair
DEV005734,phone,premium,115800.0,35,77,port_damage,1.0,partially_functional,20010.0,6480.0,repair
DEV005735,monitor,premium,86800.0,74,41,none,0.0,fully_functional,33170.0,0.0,sell
DEV005736,tablet,mid,78300.0,25,80,body_damage,0.86,partially_functional,22700.0,13310.0,sell
DEV005737,tablet,budget,32000.0,16,88,body_damage,0.23,fully_functional,19330.0,3790.0,repair
DEV005738,monitor,premium,87000.0,83,21,none,0.0,fully_functional,27920.0,0.0,upgrade
DEV005739,laptop,mid,88600.0,24,94,none,0.0,fully_functional,51340.0,0.0,sell
DEV005740,tablet,mid,30600.0,61,44,none,0.0,fully_functional,7590.0,0.0,upgrade
DEV005741,tablet,mid,11500.0,16,84,dead_pixel,0.32,not_functional,6880.0,780.0,sell
DEV005742,pc,mid,111700.0,69,35,battery_issue,0.26,fully_functional,35060.0,5790.0,repair
DEV005743,pc,mid,75600.0,47,60,body_damage,0.32,partially_functional,34380.0,7310.0,repair
DEV005744,tablet,mid,16500.0,26,71,screen_scratch,0.28,partially_functional,7230.0,400.0,repair
DEV005745,phone,premium,224200.0,61,52,keyboard_damage,0.19,fully_functional,29030.0,10840.0,recycle
DEV005746,phone,premium,88600.0,43,56,none,0.0,fully_functional,22640.0,0.0,sell
DEV005747,monitor,mid,44900.0,70,32,screen_crack,0.78,partially_functional,10720.0,15570.0,recycle
DEV005748,monitor,budget,30500.0,27,64,none,0.0,fully_functional,20880.0,0.0,sell
DEV005749,monitor,mid,11500.0,47,54,screen_scratch,0.82,partially_functional,3800.0,580.0,repair
DEV005750,phone,mid,52700.0,35,68,dead_pixel,0.75,partially_functional,10880.0,6270.0,upgrade
DEV005751,laptop,mid,144200.0,24,76,screen_crack,0.57,fully_functional,65070.0,37870.0,sell
DEV005752,pc,premium,199200.0,44,62,screen_scratch,0.34,fully_functional,82800.0,5990.0,repair
DEV005753,pc,budget,99200.0,31,72,screen_scratch,0.21,fully_functional,54520.0,1720.0,repair
DEV005754,phone,budget,24000.0,30,68,screen_scratch,0.18,partially_functional,7950.0,600.0,repair
DEV005755,tablet,premium,18400.0,32,73,none,0.0,fully_functional,7350.0,0.0,sell
DEV005756,phone,premium,136100.0,10,88,none,0.0,fully_functional,90120.0,0.0,sell
DEV005757,laptop,mid,29200.0,75,33,none,0.0,fully_functional,6240.0,0.0,upgrade
DEV005758,phone,budget,25700.0,72,34,screen_scratch,0.91,fully_functional,1530.0,1100.0,recycle
DEV005759,phone,mid,65600.0,35,62,keyboard_damage,0.7,partially_functional,13090.0,4260.0,repair
DEV005760,phone,mid,115500.0,35,58,body_damage,0.92,not_functional,21110.0,17860.0,recycle
DEV005761,monitor,mid,54700.0,137,15,battery_issue,0.69,not_functional,5920.0,5230.0,recycle
DEV005762,tablet,budget,19000.0,69,48,dead_pixel,0.49,fully_functional,2850.0,2070.0,recycle
DEV005763,monitor,budget,29800.0,43,76,body_damage,0.24,partially_functional,15430.0,2980.0,repair
DEV005764,laptop,mid,186600.0,39,83,none,0.0,fully_functional,91800.0,0.0,sell
DEV005765,laptop,mid,71300.0,35,77,screen_crack,0.41,fully_functional,30470.0,14250.0,sell
DEV005766,laptop,mid,128400.0,55,62,screen_scratch,0.63,fully_functional,28030.0,4560.0,repair
DEV005767,tablet,budget,41300.0,42,58,none,0.0,fully_functional,15400.0,0.0,sell
DEV005768,laptop,budget,24500.0,23,64,none,0.0,fully_functional,15140.0,0.0,sell
DEV005769,tablet,budget,9900.0,72,43,dead_pixel,0.24,fully_functional,1880.0,710.0,recycle
DEV005770,pc,premium,218700.0,144,15,screen_crack,0.35,not_functional,25030.0,41500.0,recycle
DEV005771,pc,budget,88700.0,33,77,battery_issue,0.64,not_functional,35420.0,9960.0,sell
DEV005772,phone,mid,21800.0,25,79,battery_issue,0.41,partially_functional,8330.0,1370.0,repair
DEV005773,laptop,mid,26900.0,32,80,battery_issue,0.64,partially_functional,9300.0,2160.0,repair
DEV005774,phone,premium,94900.0,13,100,none,0.0,fully_functional,70200.0,0.0,sell
DEV005775,phone,budget,14100.0,2,100,screen_scratch,0.67,not_functional,9140.0,500.0,sell
DEV005776,tablet,mid,31700.0,39,54,screen_crack,0.75,partially_functional,7370.0,10240.0,recycle
DEV005777,laptop,premium,180600.0,7,100,screen_scratch,0.16,fully_functional,154400.0,2480.0,repair
DEV005778,tablet,budget,11000.0,56,44,none,0.0,fully_functional,3030.0,0.0,upgrade
DEV005779,phone,mid,103000.0,5,100,none,0.0,fully_functional,91150.0,0.0,sell
DEV005780,monitor,budget,35700.0,65,49,battery_issue,0.86,partially_functional,8980.0,3650.0,sell
DEV005781,monitor,premium,42800.0,14,86,port_damage,0.94,not_functional,18380.0,2900.0,sell
DEV005782,laptop,mid,175600.0,44,58,dead_pixel,0.32,partially_functional,59760.0,14880.0,repair
DEV005783,pc,budget,124700.0,11,92,none,0.0,fully_functional,118300.0,0.0,sell
DEV005784,phone,premium,198800.0,10,85,dead_pixel,0.62,not_functional,108020.0,22630.0,sell
DEV005785,tablet,mid,69900.0,60,37,screen_scratch,0.57,fully_functional,11950.0,2350.0,repair
DEV005786,pc,mid,95800.0,26,66,screen_scratch,0.44,partially_functional,43870.0,2920.0,repair
DEV005787,pc,budget,93600.0,80,34,screen_scratch,0.35,fully_functional,22930.0,1710.0,repair
DEV005788,pc,budget,132400.0,85,24,screen_scratch,0.5,partially_functional,27670.0,4210.0,repair
DEV005789,laptop,mid,183800.0,104,15,screen_crack,0.33,fully_functional,17540.0,26140.0,recycle
DEV005790,pc,mid,63700.0,36,77,screen_scratch,0.84,partially_functional,23270.0,2600.0,repair
DEV005791,tablet,premium,93100.0,40,79,screen_scratch,0.61,not_functional,28000.0,3640.0,sell
DEV005792,phone,budget,51100.0,66,52,dead_pixel,0.8,not_functional,4180.0,6290.0,recycle
DEV005793,phone,mid,81100.0,35,82,battery_issue,0.19,partially_functional,24880.0,5240.0,repair
DEV005794,pc,budget,98200.0,97,21,screen_crack,0.88,partially_functional,12670.0,22390.0,recycle
DEV005795,tablet,mid,34600.0,45,70,screen_scratch,0.33,fully_functional,10020.0,910.0,repair
DEV005796,laptop,budget,151400.0,11,86,keyboard_damage,0.19,not_functional,108890.0,6610.0,sell
DEV005797,monitor,budget,10800.0,36,62,screen_scratch,0.16,fully_functional,6400.0,130.0,repair
DEV005798,tablet,budget,49000.0,15,89,dead_pixel,0.67,partially_functional,24520.0,6230.0,repair
DEV005799,laptop,mid,137400.0,45,50,battery_issue,0.69,partially_functional,29540.0,7350.0,repair
DEV005800,laptop,budget,31400.0,86,15,body_damage,0.51,fully_functional,3740.0,3940.0,recycle
DEV005801,tablet,mid,19000.0,14,95,screen_scratch,0.88,fully_functional,7490.0,850.0,repair
DEV005802,pc,budget,52800.0,44,54,body_damage,0.16,fully_functional,25340.0,3950.0,repair
DEV005803,laptop,mid,245600.0,84,22,screen_crack,0.56,fully_functional,27910.0,59250.0,recycle
DEV005804,laptop,mid,105600.0,52,48,screen_crack,0.83,partially_functional,21020.0,41680.0,recycle
DEV005805,tablet,budget,20900.0,43,61,keyboard_damage,0.42,fully_functional,5920.0,1070.0,repair
DEV005806,tablet,budget,32100.0,18,85,port_damage,0.74,not_functional,13000.0,1660.0,sell
DEV005807,pc,budget,71800.0,39,65,screen_scratch,0.77,partially_functional,25670.0,3600.0,repair
DEV005808,phone,mid,9700.0,55,57,none,0.0,fully_functional,1720.0,0.0,upgrade
DEV005809,pc,premium,204700.0,28,79,screen_scratch,0.81,fully_functional,85290.0,9510.0,repair
DEV005810,laptop,budget,115900.0,59,37,body_damage,0.73,not_functional,21200.0,13040.0,upgrade
DEV005811,phone,mid,37400.0,23,79,screen_scratch,0.22,fully_functional,16140.0,510.0,repair
DEV005812,tablet,mid,10000.0,45,61,body_damage,0.52,partially_functional,2570.0,1070.0,upgrade
DEV005813,tablet,mid,72800.0,6,100,none,0.0,fully_functional,68600.0,0.0,sell
DEV005814,laptop,mid,50700.0,13,86,body_damage,0.15,not_functional,36950.0,3660.0,sell
DEV005815,pc,premium,128000.0,50,58,none,0.0,fully_functional,66200.0,0.0,sell
DEV005816,phone,mid,114700.0,2,97,screen_crack,0.42,fully_functional,77450.0,16800.0,repair
DEV005817,phone,premium,124100.0,27,76,none,0.0,fully_functional,52720.0,0.0,sell
DEV005818,laptop,budget,122900.0,39,70,port_damage,0.33,fully_functional,44940.0,4920.0,repair
DEV005819,laptop,premium,52400.0,48,48,screen_crack,0.56,partially_functional,13660.0,8230.0,sell
DEV005820,tablet,premium,118800.0,40,65,dead_pixel,0.24,not_functional,39720.0,8420.0,sell
DEV005821,pc,premium,144500.0,29,81,none,0.0,fully_functional,92130.0,0.0,sell
DEV005822,tablet,budget,34400.0,9,84,none,0.0,fully_functional,27360.0,0.0,sell
DEV005823,phone,premium,89200.0,60,45,battery_issue,0.18,not_functional,11180.0,4480.0,recycle
DEV005824,laptop,budget,97900.0,16,79,port_damage,0.79,not_functional,37330.0,7260.0,sell
DEV005825,phone,mid,36000.0,26,79,none,0.0,fully_functional,16030.0,0.0,sell
DEV005826,tablet,budget,16700.0,56,47,none,0.0,fully_functional,5130.0,0.0,upgrade
DEV005827,phone,mid,149100.0,21,81,port_damage,0.96,fully_functional,40500.0,12020.0,repair
DEV005828,laptop,mid,248400.0,18,71,body_damage,0.21,fully_functional,143610.0,24860.0,repair
DEV005829,pc,budget,27800.0,109,15,screen_scratch,0.96,not_functional,2950.0,1420.0,recycle
DEV005830,tablet,budget,50200.0,22,87,body_damage,0.97,partially_functional,16390.0,9350.0,sell
DEV005831,phone,budget,104500.0,72,25,port_damage,0.75,fully_functional,6510.0,6440.0,recycle
DEV005832,phone,mid,122200.0,28,83,none,0.0,fully_functional,50590.0,0.0,sell
DEV005833,tablet,premium,115900.0,38,75,none,0.0,fully_functional,45850.0,0.0,sell
DEV005834,laptop,mid,161100.0,29,73,none,0.0,fully_functional,91360.0,0.0,sell
DEV005835,phone,mid,112400.0,2,100,screen_scratch,0.44,fully_functional,80880.0,3100.0,repair
DEV005836,pc,premium,143500.0,5,100,none,0.0,fully_functional,138300.0,0.0,sell
DEV005837,laptop,budget,38700.0,22,84,screen_crack,0.83,fully_functional,15220.0,9640.0,sell
DEV005838,laptop,mid,90400.0,76,22,none,0.0,fully_functional,17150.0,0.0,upgrade
DEV005839,phone,mid,61400.0,31,80,body_damage,0.26,partially_functional,19290.0,4280.0,upgrade
DEV005840,laptop,budget,21500.0,49,57,screen_crack,0.81,partially_functional,4520.0,5860.0,recycle
DEV005841,phone,mid,27800.0,7,94,none,0.0,fully_functional,22200.0,0.0,sell
DEV005842,phone,mid,130200.0,8,93,none,0.0,fully_functional,104070.0,0.0,sell
DEV005843,laptop,mid,188500.0,36,73,screen_crack,0.61,partially_functional,60820.0,50010.0,recycle
DEV005844,laptop,mid,200900.0,6,96,port_damage,0.8,partially_functional,103470.0,14360.0,repair
DEV005845,pc,budget,107800.0,49,62,none,0.0,fully_functional,51840.0,0.0,sell
DEV005846,monitor,mid,7300.0,10,87,body_damage,0.69,partially_functional,4230.0,1090.0,recycle
DEV005847,phone,budget,62900.0,18,88,screen_crack,0.67,partially_functional,25270.0,15090.0,sell
DEV005848,phone,premium,110100.0,6,100,screen_scratch,0.71,fully_functional,66880.0,3790.0,repair
DEV005849,pc,budget,57900.0,27,78,body_damage,0.61,not_functional,29750.0,6380.0,sell
DEV005850,monitor,mid,58000.0,72,37,screen_scratch,0.6,not_functional,15860.0,1770.0,sell
DEV005851,pc,mid,74800.0,115,15,none,0.0,fully_functional,13400.0,0.0,recycle
DEV005852,phone,budget,19300.0,40,67,battery_issue,0.49,fully_functional,4080.0,2010.0,upgrade
DEV005853,phone,budget,76500.0,32,71,none,0.0,fully_functional,26300.0,0.0,sell
DEV005854,phone,budget,96200.0,25,64,none,0.0,fully_functional,42450.0,0.0,sell
DEV005855,pc,mid,165800.0,18,86,screen_crack,0.29,partially_functional,103870.0,33740.0,repair
DEV005856,laptop,premium,211900.0,24,81,port_damage,0.74,partially_functional,76900.0,13760.0,repair
DEV005857,laptop,budget,73600.0,25,78,none,0.0,fully_functional,41380.0,0.0,sell
DEV005858,laptop,mid,84100.0,102,15,screen_crack,0.23,fully_functional,9080.0,15630.0,upgrade
DEV005859,phone,premium,100500.0,23,76,none,0.0,fully_functional,48330.0,0.0,sell
DEV005860,tablet,mid,78800.0,5,100,none,0.0,fully_functional,66380.0,0.0,sell
DEV005861,phone,premium,37700.0,18,81,body_damage,0.48,fully_functional,16920.0,4810.0,repair
DEV005862,tablet,mid,65200.0,54,66,screen_crack,0.69,fully_functional,13650.0,17500.0,recycle
DEV005863,tablet,mid,72500.0,29,70,battery_issue,0.97,fully_functional,18480.0,8450.0,sell
DEV005864,tablet,budget,10600.0,31,77,none,0.0,fully_functional,5070.0,0.0,sell
DEV005865,phone,budget,95900.0,12,98,keyboard_damage,0.35,not_functional,53490.0,5240.0,sell
DEV005866,pc,mid,75200.0,65,35,port_damage,0.27,fully_functional,24210.0,2470.0,repair
DEV005867,tablet,premium,93100.0,24,90,body_damage,0.78,partially_functional,35470.0,16410.0,sell
DEV005868,phone,budget,5700.0,36,63,screen_crack,0.32,fully_functional,1540.0,810.0,upgrade
DEV005869,phone,premium,144800.0,15,85,screen_crack,0.5,fully_functional,63180.0,34250.0,sell
DEV005870,tablet,budget,40700.0,31,73,none,0.0,fully_functional,21060.0,0.0,sell
DEV005871,phone,mid,13400.0,15,90,battery_issue,0.38,fully_functional,6860.0,840.0,repair
DEV005872,phone,premium,47900.0,65,39,screen_scratch,0.89,partially_functional,3390.0,2380.0,recycle
DEV005873,phone,premium,63000.0,27,82,body_damage,0.19,partially_functional,25590.0,3750.0,repair
DEV005874,phone,mid,122600.0,12,93,none,0.0,fully_functional,89820.0,0.0,sell
DEV005875,laptop,budget,131000.0,115,15,keyboard_damage,0.54,fully_functional,8320.0,8430.0,recycle
DEV005876,tablet,budget,21400.0,45,58,none,0.0,fully_functional,7030.0,0.0,upgrade
DEV005877,phone,budget,11400.0,19,80,none,0.0,fully_functional,6230.0,0.0,sell
DEV005878,tablet,mid,11400.0,66,43,screen_crack,0.28,fully_functional,2140.0,1310.0,recycle
DEV005879,phone,budget,35000.0,40,59,none,0.0,fully_functional,10300.0,0.0,upgrade
DEV005880,phone,mid,98800.0,15,80,battery_issue,0.8,partially_functional,38700.0,12780.0,repair
DEV005881,phone,budget,103200.0,9,100,screen_scratch,0.91,partially_functional,42460.0,4260.0,repair
DEV005882,pc,mid,89500.0,8,96,body_damage,0.31,partially_functional,68950.0,7250.0,repair
DEV005883,monitor,budget,13900.0,23,79,screen_scratch,0.35,partially_functional,8720.0,350.0,repair
DEV005884,laptop,mid,46000.0,43,59,screen_crack,0.99,partially_functional,9590.0,18870.0,recycle
DEV005885,phone,mid,58400.0,18,79,none,0.0,fully_functional,30160.0,0.0,sell
DEV005886,phone,premium,175900.0,24,87,port_damage,0.71,partially_functional,56590.0,8970.0,repair
DEV005887,phone,premium,100700.0,29,68,body_damage,0.19,fully_functional,34650.0,8050.0,repair
DEV005888,pc,mid,150100.0,66,42,screen_crack,0.18,fully_functional,52310.0,20270.0,upgrade
DEV005889,phone,budget,59600.0,29,81,none,0.0,fully_functional,23240.0,0.0,sell
DEV005890,monitor,premium,29500.0,43,57,screen_crack,0.7,partially_functional,10870.0,7380.0,sell
DEV005891,laptop,premium,350100.0,83,23,body_damage,0.4,fully_functional,46960.0,39810.0,recycle
DEV005892,laptop,premium,185700.0,64,35,screen_crack,0.79,not_functional,31290.0,65580.0,recycle
DEV005893,pc,mid,62800.0,70,36,none,0.0,fully_functional,20820.0,0.0,upgrade
DEV005894,phone,budget,39900.0,35,66,screen_crack,0.2,partially_functional,11350.0,7100.0,upgrade
DEV005895,pc,mid,127300.0,10,87,none,0.0,fully_functional,116360.0,0.0,sell
DEV005896,phone,budget,100200.0,54,51,battery_issue,0.32,partially_functional,16150.0,5350.0,repair
DEV005897,pc,budget,85800.0,76,28,body_damage,0.68,not_functional,17950.0,14660.0,recycle
DEV005898,laptop,budget,163400.0,45,63,dead_pixel,0.93,not_functional,33430.0,19060.0,upgrade
DEV005899,phone,mid,122000.0,19,77,none,0.0,fully_functional,62270.0,0.0,sell
DEV005900,pc,budget,62400.0,40,60,screen_scratch,0.61,not_functional,22990.0,1820.0,sell
DEV005901,phone,mid,51900.0,5,86,screen_crack,0.77,not_functional,25760.0,12750.0,sell
DEV005902,phone,mid,89300.0,72,33,battery_issue,0.37,fully_functional,7240.0,5890.0,recycle
DEV005903,pc,mid,54200.0,6,87,none,0.0,fully_functional,47100.0,0.0,sell
DEV005904,laptop,budget,38700.0,10,91,screen_scratch,0.71,partially_functional,19640.0,1520.0,repair
DEV005905,pc,premium,76800.0,22,73,battery_issue,0.35,not_functional,46700.0,5120.0,sell
DEV005906,tablet,mid,23900.0,9,92,none,0.0,fully_functional,18050.0,0.0,sell
DEV005907,tablet,mid,52800.0,24,75,screen_crack,0.29,fully_functional,26170.0,10110.0,sell
DEV005908,phone,mid,30600.0,72,29,port_damage,0.42,fully_functional,2490.0,1730.0,recycle
DEV005909,phone,budget,40400.0,31,79,port_damage,0.93,partially_functional,8350.0,2700.0,repair
DEV005910,monitor,mid,22200.0,168,15,none,0.0,fully_functional,3150.0,0.0,upgrade
DEV005911,phone,budget,83700.0,34,68,body_damage,0.69,fully_functional,19240.0,13390.0,upgrade
DEV005912,laptop,premium,102200.0,57,40,battery_issue,0.99,partially_functional,15070.0,14480.0,recycle
DEV005913,phone,budget,13400.0,9,84,screen_crack,0.75,partially_functional,6500.0,3730.0,sell
DEV005914,phone,premium,203100.0,25,78,battery_issue,0.16,fully_functional,75090.0,10840.0,repair
DEV005915,laptop,mid,93600.0,43,68,none,0.0,fully_functional,42910.0,0.0,sell
DEV005916,pc,budget,137000.0,54,52,keyboard_damage,0.8,partially_functional,38740.0,9700.0,repair
DEV005917,pc,mid,88900.0,144,15,none,0.0,fully_functional,12620.0,0.0,upgrade
DEV005918,pc,budget,109800.0,40,64,port_damage,0.85,partially_functional,33160.0,7320.0,repair
DEV005919,phone,premium,120000.0,7,88,keyboard_damage,0.88,not_functional,53200.0,10920.0,sell
DEV005920,laptop,mid,125800.0,39,78,dead_pixel,0.59,fully_functional,41360.0,15440.0,sell
DEV005921,phone,mid,35000.0,45,63,none,0.0,fully_functional,8490.0,0.0,upgrade
DEV005922,tablet,mid,10900.0,26,91,keyboard_damage,0.95,not_functional,3320.0,960.0,sell
DEV005923,phone,premium,74200.0,36,74,battery_issue,0.36,fully_functional,20420.0,4560.0,repair
DEV005924,laptop,mid,164000.0,16,80,screen_crack,0.93,not_functional,57890.0,49610.0,recycle
DEV005925,phone,mid,140400.0,54,54,keyboard_damage,0.41,not_functional,21500.0,7820.0,recycle
DEV005926,pc,budget,79300.0,25,81,none,0.0,fully_functional,57050.0,0.0,sell
DEV005927,pc,budget,55600.0,133,15,screen_crack,0.72,fully_functional,5140.0,14610.0,recycle
DEV005928,pc,mid,108100.0,42,69,screen_crack,0.85,partially_functional,31710.0,34250.0,recycle
DEV005929,phone,mid,103200.0,15,59,body_damage,0.59,partially_functional,41890.0,11330.0,repair
DEV005930,monitor,premium,66000.0,35,65,battery_issue,0.27,fully_functional,34430.0,3370.0,repair
DEV005931,phone,mid,110300.0,1,85,none,0.0,fully_functional,103760.0,0.0,sell
DEV005932,phone,mid,84100.0,39,63,body_damage,0.3,partially_functional,20160.0,12110.0,upgrade
DEV005933,phone,mid,29900.0,48,50,none,0.0,fully_functional,6990.0,0.0,upgrade
DEV005934,phone,mid,116600.0,6,92,body_damage,0.28,fully_functional,79700.0,11160.0,repair
DEV005935,laptop,mid,174900.0,84,18,none,0.0,fully_functional,27390.0,0.0,upgrade
DEV005936,phone,premium,125700.0,33,68,dead_pixel,0.51,not_functional,33200.0,12760.0,upgrade
DEV005937,laptop,budget,70400.0,44,64,screen_crack,0.76,not_functional,16110.0,17760.0,recycle
DEV005938,tablet,mid,24000.0,16,94,keyboard_damage,0.45,not_functional,12650.0,1480.0,sell
DEV005939,pc,premium,287000.0,85,15,none,0.0,fully_functional,70280.0,0.0,upgrade
DEV005940,tablet,mid,25800.0,13,98,screen_scratch,0.31,partially_functional,16840.0,660.0,repair
DEV005941,laptop,budget,35600.0,17,69,port_damage,0.9,partially_functional,13650.0,2270.0,repair
DEV005942,phone,mid,92600.0,11,83,screen_crack,0.57,fully_functional,44990.0,25060.0,sell
DEV005943,pc,budget,139000.0,23,72,none,0.0,fully_functional,102500.0,0.0,sell
DEV005944,phone,budget,47700.0,24,85,dead_pixel,0.47,partially_functional,16880.0,4550.0,repair
DEV005945,phone,mid,100000.0,43,65,none,0.0,fully_functional,25780.0,0.0,upgrade
DEV005946,phone,premium,19400.0,13,97,screen_scratch,0.21,not_functional,12430.0,460.0,sell
DEV005947,tablet,budget,14000.0,19,81,battery_issue,0.89,not_functional,5170.0,1750.0,sell
DEV005948,laptop,premium,355800.0,51,63,screen_scratch,0.52,fully_functional,94800.0,6600.0,repair
DEV005949,tablet,mid,75700.0,18,100,dead_pixel,0.2,fully_functional,49990.0,4310.0,repair
DEV005950,phone,premium,65400.0,71,37,none,0.0,fully_functional,7040.0,0.0,upgrade
DEV005951,laptop,mid,243800.0,36,55,body_damage,0.59,fully_functional,78480.0,31250.0,sell
DEV005952,laptop,premium,58900.0,4,100,body_damage,0.31,fully_functional,44710.0,6250.0,repair
DEV005953,phone,premium,199800.0,16,77,battery_issue,0.44,partially_functional,100980.0,14990.0,repair
DEV005954,laptop,premium,367500.0,37,66,port_damage,0.93,partially_functional,88130.0,26910.0,repair
DEV005955,tablet,mid,26300.0,16,79,dead_pixel,0.89,not_functional,9790.0,4200.0,sell
DEV005956,laptop,budget,85500.0,32,78,none,0.0,fully_functional,45120.0,0.0,sell
DEV005957,phone,budget,25200.0,19,82,port_damage,0.98,not_functional,7320.0,1740.0,sell
DEV005958,tablet,mid,84500.0,31,72,screen_crack,0.74,fully_functional,26920.0,19470.0,sell
DEV005959,phone,budget,101600.0,18,93,port_damage,0.86,fully_functional,29400.0,7190.0,repair
DEV005960,phone,premium,77900.0,30,70,none,0.0,fully_functional,32910.0,0.0,sell
DEV005961,phone,budget,35800.0,6,83,none,0.0,fully_functional,30960.0,0.0,upgrade
DEV005962,laptop,premium,284300.0,84,16,none,0.0,fully_functional,49140.0,0.0,sell
DEV005963,phone,mid,53900.0,22,77,screen_crack,0.47,fully_functional,20700.0,12380.0,sell
DEV005964,tablet,premium,15100.0,11,92,none,0.0,fully_functional,12540.0,0.0,sell
DEV005965,phone,premium,105800.0,12,66,battery_issue,0.23,not_functional,60580.0,6930.0,sell
DEV005966,pc,mid,60400.0,11,79,keyboard_damage,0.98,partially_functional,25590.0,6320.0,recycle
DEV005967,phone,mid,117300.0,10,100,screen_crack,0.5,partially_functional,68540.0,28750.0,sell
DEV005968,tablet,budget,26900.0,96,20,none,0.0,fully_functional,3020.0,0.0,upgrade
DEV005969,pc,premium,170700.0,35,68,none,0.0,fully_functional,106310.0,0.0,sell
DEV005970,laptop,premium,271800.0,30,62,screen_scratch,0.63,not_functional,85370.0,10170.0,repair
DEV005971,phone,budget,34200.0,29,71,battery_issue,0.95,partially_functional,7160.0,3590.0,sell
DEV005972,laptop,budget,162700.0,22,73,none,0.0,fully_functional,94150.0,0.0,sell
DEV005973,monitor,mid,35800.0,168,15,screen_crack,0.39,fully_functional,4150.0,8630.0,recycle
DEV005974,monitor,budget,20700.0,148,15,none,0.0,fully_functional,3330.0,0.0,upgrade
DEV005975,phone,premium,67500.0,32,73,dead_pixel,0.42,not_functional,19470.0,5350.0,sell
DEV005976,pc,budget,128400.0,127,15,dead_pixel,0.65,not_functional,14590.0,14480.0,recycle
DEV005977,phone,premium,40300.0,43,61,screen_scratch,0.46,fully_functional,8610.0,920.0,repair
DEV005978,phone,premium,135200.0,20,76,none,0.0,fully_functional,74240.0,0.0,sell
DEV005979,tablet,premium,62300.0,2,93,body_damage,0.2,fully_functional,54700.0,5810.0,repair
DEV005980,laptop,mid,126900.0,35,69,none,0.0,fully_functional,57330.0,0.0,sell
DEV005981,laptop,budget,77000.0,50,39,port_damage,0.44,fully_functional,18780.0,3230.0,repair
DEV005982,pc,premium,172300.0,91,28,none,0.0,fully_functional,42010.0,0.0,upgrade
DEV005983,phone,mid,65400.0,17,77,none,0.0,fully_functional,35590.0,0.0,sell
DEV005984,tablet,premium,48800.0,42,60,none,0.0,fully_functional,18530.0,0.0,sell
DEV005985,laptop,budget,79000.0,10,83,none,0.0,fully_functional,65660.0,0.0,sell
DEV005986,phone,budget,22400.0,35,83,none,0.0,fully_functional,8260.0,0.0,upgrade
DEV005987,laptop,premium,118800.0,10,85,none,0.0,fully_functional,85850.0,0.0,sell
DEV005988,monitor,premium,58100.0,28,72,screen_scratch,0.49,partially_functional,30270.0,2140.0,repair
DEV005989,laptop,budget,55200.0,40,63,screen_crack,0.19,not_functional,21180.0,8480.0,sell
DEV005990,phone,mid,18900.0,13,87,keyboard_damage,0.65,not_functional,7490.0,1330.0,sell
DEV005991,tablet,budget,52000.0,96,15,screen_crack,0.34,partially_functional,4820.0,9780.0,recycle
DEV005992,monitor,mid,31500.0,24,76,none,0.0,fully_functional,23890.0,0.0,sell
DEV005993,monitor,budget,40100.0,148,15,screen_crack,0.58,partially_functional,4650.0,7720.0,recycle
DEV005994,laptop,budget,97700.0,23,98,dead_pixel,0.2,fully_functional,56660.0,8850.0,repair
DEV005995,laptop,budget,158600.0,34,79,screen_crack,0.84,not_functional,46820.0,38480.0,recycle
DEV005996,laptop,budget,20600.0,21,93,screen_scratch,0.52,partially_functional,10400.0,750.0,repair
DEV005997,pc,mid,100800.0,91,15,screen_crack,0.33,not_functional,20220.0,23180.0,recycle
DEV005998,pc,budget,87400.0,41,65,screen_scratch,0.38,not_functional,36960.0,2060.0,sell
DEV005999,pc,mid,67000.0,88,27,none,0.0,fully_functional,17100.0,0.0,upgrade
DEV006000,laptop,mid,189900.0,43,53,keyboard_damage,0.19,fully_functional,72630.0,8680.0,repair
DEV006001,phone,mid,52500.0,2,100,dead_pixel,0.77,not_functional,32360.0,7360.0,sell
DEV006002,laptop,mid,48600.0,44,76,body_damage,0.79,partially_functional,11600.0,6810.0,sell
DEV006003,phone,budget,102500.0,56,48,port_damage,0.93,fully_functional,9010.0,6900.0,recycle
DEV006004,phone,budget,78600.0,13,80,none,0.0,fully_functional,48370.0,0.0,sell
DEV006005,laptop,premium,115200.0,39,64,body_damage,0.87,not_functional,26470.0,14280.0,sell
DEV006006,tablet,premium,129900.0,96,22,port_damage,0.53,fully_functional,11540.0,4680.0,recycle
DEV006007,pc,premium,179300.0,141,15,body_damage,0.82,fully_functional,13840.0,28840.0,recycle
DEV006008,pc,premium,167300.0,20,75,keyboard_damage,0.74,not_functional,79490.0,12210.0,sell
DEV006009,pc,mid,143300.0,44,62,body_damage,0.22,not_functional,65310.0,12670.0,sell
DEV006010,pc,premium,45900.0,21,85,screen_scratch,0.39,partially_functional,27080.0,1090.0,repair
DEV006011,tablet,mid,76800.0,55,50,none,0.0,fully_functional,21180.0,0.0,upgrade
DEV006012,phone,mid,101200.0,54,47,battery_issue,0.63,partially_functional,12810.0,10310.0,recycle
DEV006013,tablet,premium,132400.0,12,86,screen_scratch,0.73,fully_functional,62620.0,5010.0,repair
DEV006014,phone,mid,48200.0,22,76,battery_issue,0.46,fully_functional,19130.0,2970.0,repair
DEV006015,phone,mid,51800.0,24,78,screen_scratch,0.54,fully_functional,18900.0,1870.0,repair
DEV006016,phone,budget,43700.0,44,77,body_damage,0.26,fully_functional,9830.0,2940.0,repair
DEV006017,pc,budget,98200.0,82,24,body_damage,0.94,fully_functional,15080.0,13760.0,recycle
DEV006018,tablet,budget,55500.0,12,85,none,0.0,fully_functional,38190.0,0.0,sell
DEV006019,monitor,premium,45200.0,31,64,screen_crack,0.59,partially_functional,20270.0,9010.0,sell
DEV006020,monitor,mid,9800.0,26,68,screen_scratch,0.88,not_functional,3820.0,360.0,sell
DEV006021,pc,budget,36800.0,19,78,dead_pixel,0.25,not_functional,23670.0,2820.0,sell
DEV006022,phone,mid,143700.0,38,64,none,0.0,fully_functional,43330.0,0.0,upgrade
DEV006023,pc,budget,21000.0,47,54,screen_scratch,0.48,partially_functional,8000.0,670.0,repair
DEV006024,pc,mid,49000.0,120,15,screen_crack,0.98,not_functional,4530.0,19120.0,recycle
DEV006025,pc,budget,31500.0,20,81,screen_crack,0.22,partially_functional,18560.0,4650.0,repair
DEV006026,phone,mid,35400.0,30,74,screen_scratch,0.68,not_functional,9270.0,1090.0,sell
DEV006027,phone,mid,32900.0,18,77,none,0.0,fully_functional,18080.0,0.0,sell
DEV006028,monitor,mid,28500.0,62,42,screen_crack,0.54,not_functional,8990.0,6630.0,sell
DEV006029,phone,mid,88300.0,62,34,screen_crack,0.92,partially_functional,7030.0,28720.0,recycle
DEV006030,laptop,budget,137900.0,60,48,none,0.0,fully_functional,35700.0,0.0,upgrade
DEV006031,laptop,mid,92600.0,58,61,dead_pixel,0.8,partially_functional,17060.0,13140.0,upgrade
DEV006032,phone,budget,64900.0,25,79,none,0.0,fully_functional,32050.0,0.0,sell
DEV006033,phone,mid,104200.0,72,32,body_damage,0.99,not_functional,5440.0,21840.0,recycle
DEV006034,monitor,mid,14000.0,41,59,dead_pixel,0.32,partially_functional,6510.0,1000.0,repair
DEV006035,pc,mid,143600.0,90,26,screen_scratch,0.98,not_functional,19020.0,5120.0,upgrade
DEV006036,monitor,premium,51000.0,83,31,dead_pixel,0.32,partially_functional,16060.0,4830.0,repair
DEV006037,phone,budget,84200.0,25,87,screen_crack,0.81,not_functional,25060.0,27330.0,recycle
DEV006038,phone,premium,41600.0,16,93,none,0.0,fully_functional,25180.0,0.0,sell
DEV006039,laptop,budget,104400.0,56,50,none,0.0,fully_functional,34550.0,0.0,upgrade
DEV006040,laptop,mid,218900.0,92,21,port_damage,0.57,not_functional,23170.0,15620.0,recycle
DEV006041,phone,premium,78000.0,30,68,screen_scratch,0.91,not_functional,14310.0,3750.0,sell
DEV006042,pc,mid,155200.0,13,94,screen_crack,0.67,partially_functional,86170.0,34250.0,sell
DEV006043,monitor,premium,67200.0,52,58,keyboard_damage,0.62,not_functional,26220.0,6020.0,sell
DEV006044,laptop,premium,334000.0,5,84,screen_scratch,0.47,not_functional,220390.0,10560.0,sell
DEV006045,laptop,budget,101000.0,10,100,dead_pixel,0.27,fully_functional,78390.0,7760.0,repair
DEV006046,laptop,premium,180500.0,25,75,none,0.0,fully_functional,98420.0,0.0,sell
DEV006047,phone,premium,136900.0,47,60,port_damage,0.75,partially_functional,18520.0,4430.0,repair
DEV006048,phone,mid,120900.0,10,100,screen_scratch,0.91,fully_functional,52410.0,5700.0,repair
DEV006049,laptop,budget,153400.0,46,47,none,0.0,fully_functional,58330.0,0.0,sell
DEV006050,laptop,budget,84400.0,41,66,screen_scratch,0.46,fully_functional,27680.0,2340.0,repair
DEV006051,laptop,premium,372600.0,55,52,screen_crack,0.91,not_functional,66790.0,113880.0,recycle
DEV006052,pc,premium,227100.0,36,69,screen_crack,0.55,partially_functional,93830.0,45670.0,sell
DEV006053,phone,premium,200500.0,18,84,port_damage,0.33,fully_functional,90210.0,8970.0,repair
DEV006054,phone,budget,19000.0,6,95,screen_crack,0.95,partially_functional,8450.0,5300.0,sell
DEV006055,phone,budget,7200.0,11,77,dead_pixel,0.2,fully_functional,4350.0,380.0,repair
DEV006056,phone,mid,120300.0,15,82,port_damage,0.34,fully_functional,62980.0,5100.0,repair
DEV006057,laptop,budget,59800.0,74,28,dead_pixel,0.29,fully_functional,10560.0,4310.0,upgrade
DEV006058,pc,budget,48000.0,64,49,dead_pixel,0.67,fully_functional,12280.0,3970.0,repair
DEV006059,pc,budget,119300.0,114,15,none,0.0,fully_functional,24560.0,0.0,upgrade
DEV006060,tablet,budget,59600.0,52,49,screen_crack,0.96,not_functional,8700.0,19620.0,recycle
DEV006061,laptop,budget,112100.0,56,46,screen_crack,0.31,fully_functional,28920.0,20400.0,upgrade
DEV006062,phone,mid,99600.0,16,68,screen_crack,0.82,not_functional,33570.0,34960.0,recycle
DEV006063,laptop,budget,114400.0,23,82,none,0.0,fully_functional,72360.0,0.0,sell
DEV006064,phone,mid,67400.0,7,90,port_damage,0.63,partially_functional,36800.0,4060.0,repair
DEV006065,pc,mid,108700.0,129,15,body_damage,0.23,not_functional,15920.0,8510.0,recycle
DEV006066,laptop,premium,175400.0,42,59,none,0.0,fully_functional,72850.0,0.0,sell
DEV006067,phone,mid,97400.0,24,67,none,0.0,fully_functional,42940.0,0.0,sell
DEV006068,phone,mid,49700.0,8,94,screen_crack,0.92,not_functional,19920.0,17840.0,recycle
DEV006069,phone,mid,144400.0,10,90,none,0.0,fully_functional,101380.0,0.0,sell
DEV006070,monitor,mid,21300.0,168,15,screen_crack,0.89,not_functional,1560.0,6060.0,recycle
DEV006071,phone,mid,77800.0,61,45,keyboard_damage,0.21,fully_functional,10630.0,3420.0,repair
DEV006072,phone,mid,144900.0,19,80,keyboard_damage,0.97,not_functional,40730.0,12290.0,sell
DEV006073,phone,mid,41100.0,8,95,dead_pixel,0.9,not_functional,18090.0,3930.0,sell
DEV006074,pc,mid,33400.0,60,34,screen_crack,0.51,fully_functional,9010.0,7180.0,sell
DEV006075,laptop,budget,82400.0,16,82,screen_crack,0.3,fully_functional,48760.0,13610.0,repair
DEV006076,tablet,budget,14900.0,14,66,port_damage,0.18,partially_functional,9400.0,570.0,repair
DEV006077,laptop,budget,174400.0,58,51,screen_scratch,0.8,not_functional,32740.0,5680.0,upgrade
DEV006078,phone,mid,110300.0,7,77,screen_scratch,0.21,fully_functional,69740.0,2000.0,repair
DEV006079,pc,mid,94700.0,144,15,none,0.0,fully_functional,13370.0,0.0,upgrade
DEV006080,phone,mid,29300.0,54,34,keyboard_damage,0.48,fully_functional,4130.0,1480.0,recycle
DEV006081,phone,budget,45800.0,24,76,none,0.0,fully_functional,22590.0,0.0,sell
DEV006082,laptop,budget,95900.0,19,81,screen_scratch,0.89,not_functional,37790.0,4300.0,sell
DEV006083,phone,budget,43000.0,72,35,none,0.0,fully_functional,4390.0,0.0,upgrade
DEV006084,phone,mid,68700.0,5,100,none,0.0,fully_functional,57230.0,0.0,sell
DEV006085,pc,budget,61500.0,17,78,none,0.0,fully_functional,46980.0,0.0,sell
DEV006086,laptop,budget,114900.0,68,43,body_damage,0.99,not_functional,14200.0,19630.0,recycle
DEV006087,phone,budget,46800.0,12,83,screen_crack,0.68,partially_functional,20200.0,11850.0,sell
DEV006088,phone,mid,98300.0,2,88,dead_pixel,0.43,partially_functional,72350.0,8320.0,repair
DEV006089,tablet,budget,51400.0,42,62,keyboard_damage,0.67,partially_functional,13880.0,3840.0,repair
DEV006090,phone,mid,115500.0,62,39,battery_issue,0.27,fully_functional,14660.0,6760.0,recycle
DEV006091,phone,mid,63500.0,25,88,screen_crack,0.99,partially_functional,15230.0,17000.0,recycle
DEV006092,tablet,premium,41400.0,76,35,none,0.0,fully_functional,6300.0,0.0,upgrade
DEV006093,tablet,mid,58700.0,28,47,screen_scratch,0.69,partially_functional,16960.0,2060.0,repair
DEV006094,monitor,budget,29600.0,56,56,body_damage,0.49,not_functional,11000.0,3840.0,sell
DEV006095,laptop,budget,109300.0,67,52,port_damage,0.27,partially_functional,24730.0,3770.0,repair
DEV006096,phone,mid,54300.0,39,69,none,0.0,fully_functional,15110.0,0.0,upgrade
DEV006097,laptop,budget,114100.0,120,15,port_damage,0.19,partially_functional,8740.0,4840.0,recycle
DEV006098,tablet,premium,38900.0,38,60,screen_scratch,0.31,fully_functional,13900.0,900.0,repair
DEV006099,phone,mid,107500.0,6,88,none,0.0,fully_functional,87110.0,0.0,sell
DEV006100,laptop,budget,34200.0,47,53,screen_crack,0.55,not_functional,8790.0,9150.0,recycle
DEV006101,phone,budget,14600.0,72,32,body_damage,0.45,not_functional,1080.0,2040.0,recycle
DEV006102,pc,premium,159600.0,17,89,none,0.0,fully_functional,130550.0,0.0,sell
DEV006103,pc,premium,135300.0,67,41,none,0.0,fully_functional,47970.0,0.0,upgrade
DEV006104,laptop,premium,52800.0,36,59,none,0.0,fully_functional,26060.0,0.0,sell
DEV006105,monitor,budget,14300.0,21,82,battery_issue,0.49,partially_functional,8340.0,1090.0,repair
DEV006106,monitor,mid,24500.0,22,81,screen_crack,0.92,partially_functional,10190.0,9600.0,recycle
DEV006107,phone,budget,92100.0,31,74,none,0.0,fully_functional,36670.0,0.0,sell
DEV006108,laptop,budget,27000.0,29,63,dead_pixel,0.67,partially_functional,9250.0,3800.0,sell
DEV006109,tablet,mid,81300.0,13,83,none,0.0,fully_functional,60730.0,0.0,sell
DEV006110,phone,premium,55300.0,26,64,screen_crack,0.64,partially_functional,15510.0,16890.0,recycle
DEV006111,laptop,mid,184000.0,120,15,keyboard_damage,0.47,fully_functional,11380.0,11790.0,recycle
DEV006112,phone,mid,112900.0,14,87,body_damage,0.45,fully_functional,53920.0,13120.0,repair
DEV006113,monitor,budget,10500.0,47,48,screen_scratch,0.22,partially_functional,4800.0,260.0,repair
DEV006114,laptop,mid,69300.0,54,43,keyboard_damage,0.36,partially_functional,19480.0,3270.0,repair
DEV006115,pc,budget,65600.0,41,67,screen_crack,0.45,partially_functional,26660.0,14660.0,sell
DEV006116,laptop,premium,140000.0,29,78,dead_pixel,0.42,fully_functional,62870.0,11250.0,repair
DEV006117,phone,budget,35000.0,13,81,keyboard_damage,0.89,partially_functional,12520.0,2650.0,repair
DEV006118,pc,mid,104800.0,73,43,screen_scratch,0.49,partially_functional,25630.0,2680.0,repair
DEV006119,phone,budget,90000.0,21,78,screen_scratch,0.37,fully_functional,39230.0,2030.0,repair
DEV006120,phone,mid,117400.0,45,53,body_damage,0.86,not_functional,15610.0,14170.0,recycle
DEV006121,laptop,budget,17900.0,38,66,battery_issue,0.15,not_functional,7290.0,1250.0,sell
DEV006122,tablet,mid,52500.0,96,15,dead_pixel,0.35,not_functional,4890.0,3660.0,recycle
DEV006123,phone,mid,97800.0,16,83,none,0.0,fully_functional,58150.0,0.0,sell
DEV006124,phone,mid,37400.0,18,72,none,0.0,fully_functional,20780.0,0.0,sell
DEV006125,phone,premium,154800.0,12,97,none,0.0,fully_functional,108950.0,0.0,sell
DEV006126,phone,budget,19800.0,34,70,body_damage,0.83,not_functional,3990.0,2990.0,upgrade
DEV006127,phone,mid,113800.0,39,69,screen_scratch,0.7,not_functional,20700.0,4970.0,upgrade
DEV006128,laptop,premium,214100.0,28,74,body_damage,0.46,fully_functional,95320.0,25890.0,repair
DEV006129,phone,budget,20600.0,30,70,body_damage,0.65,fully_functional,5460.0,2390.0,sell
DEV006130,phone,premium,215300.0,40,72,battery_issue,0.18,not_functional,59970.0,11280.0,upgrade
DEV006131,tablet,premium,61800.0,13,83,none,0.0,fully_functional,45360.0,0.0,sell
DEV006132,tablet,premium,22600.0,10,100,battery_issue,0.31,partially_functional,16430.0,1700.0,repair
DEV006133,phone,mid,48000.0,21,77,none,0.0,fully_functional,24800.0,0.0,sell
DEV006134,phone,mid,121300.0,8,85,screen_scratch,0.93,partially_functional,52770.0,4060.0,repair
DEV006135,phone,mid,131600.0,32,81,port_damage,0.57,partially_functional,34140.0,6360.0,repair
DEV006136,monitor,mid,25600.0,168,15,screen_scratch,0.84,partially_functional,1960.0,1130.0,recycle
DEV006137,phone,premium,77300.0,41,50,body_damage,0.82,partially_functional,13180.0,9020.0,upgrade
DEV006138,phone,budget,33900.0,15,98,battery_issue,0.75,not_functional,14320.0,3300.0,sell
DEV006139,laptop,mid,162100.0,61,53,none,0.0,fully_functional,50270.0,0.0,upgrade
DEV006140,phone,mid,88600.0,11,83,screen_crack,0.34,fully_functional,52630.0,15180.0,repair
DEV006141,phone,budget,29500.0,20,79,screen_crack,0.75,not_functional,9650.0,8730.0,recycle
DEV006142,phone,mid,140100.0,13,85,body_damage,0.34,fully_functional,83940.0,13990.0,repair
DEV006143,tablet,mid,36400.0,30,77,none,0.0,fully_functional,16800.0,0.0,sell
DEV006144,tablet,mid,11900.0,25,86,dead_pixel,0.32,fully_functional,6010.0,1160.0,repair
DEV006145,tablet,premium,96800.0,20,87,battery_issue,0.87,fully_functional,30630.0,16550.0,sell
DEV006146,pc,budget,137900.0,10,93,screen_scratch,0.78,partially_functional,78480.0,6020.0,repair
DEV006147,phone,premium,33800.0,9,99,screen_crack,0.89,partially_functional,13740.0,11270.0,recycle
DEV006148,monitor,mid,53800.0,56,41,body_damage,0.19,fully_functional,22480.0,4020.0,repair
DEV006149,tablet,premium,124700.0,38,66,battery_issue,0.38,not_functional,40060.0,9960.0,sell
DEV006150,pc,budget,51000.0,17,92,none,0.0,fully_functional,41740.0,0.0,repair
DEV006151,tablet,mid,26100.0,39,59,screen_scratch,0.72,fully_functional,6600.0,860.0,repair
DEV006152,laptop,premium,78200.0,16,74,none,0.0,fully_functional,57640.0,0.0,sell
DEV006153,phone,budget,13200.0,42,66,screen_crack,0.42,fully_functional,2750.0,2410.0,recycle
DEV006154,laptop,mid,142000.0,46,58,keyboard_damage,0.6,partially_functional,35450.0,7510.0,repair
DEV006155,phone,mid,19000.0,71,43,screen_scratch,0.37,partially_functional,1670.0,490.0,repair
DEV006156,laptop,mid,75300.0,71,28,screen_scratch,0.77,fully_functional,10820.0,2290.0,repair
DEV006157,phone,premium,14400.0,40,63,none,0.0,fully_functional,4330.0,0.0,upgrade
DEV006158,phone,mid,69900.0,17,94,keyboard_damage,0.24,fully_functional,39430.0,3250.0,repair
DEV006159,monitor,premium,60600.0,15,95,body_damage,0.74,partially_functional,31450.0,9400.0,repair
DEV006160,tablet,mid,10600.0,10,93,none,0.0,fully_functional,7920.0,0.0,sell
DEV006161,laptop,mid,79500.0,29,67,screen_crack,0.58,partially_functional,32170.0,14500.0,sell
DEV006162,phone,premium,162800.0,42,60,none,0.0,fully_functional,40470.0,0.0,upgrade
DEV006163,laptop,mid,57900.0,50,54,screen_crack,0.33,not_functional,16810.0,7770.0,sell
DEV006164,pc,budget,34600.0,30,78,none,0.0,fully_functional,21750.0,0.0,sell
DEV006165,tablet,budget,32400.0,17,81,screen_scratch,0.88,not_functional,12180.0,1640.0,sell
DEV006166,tablet,mid,13300.0,2,89,screen_crack,0.2,fully_functional,10170.0,2080.0,repair
DEV006167,laptop,mid,215300.0,31,73,screen_scratch,0.62,partially_functional,81050.0,8620.0,repair
DEV006168,phone,mid,74300.0,20,67,none,0.0,fully_functional,40530.0,0.0,sell
DEV006169,tablet,mid,69500.0,57,38,keyboard_damage,0.6,not_functional,13170.0,3630.0,upgrade
DEV006170,monitor,premium,33800.0,121,15,screen_crack,0.87,partially_functional,3980.0,12190.0,recycle
DEV006171,laptop,budget,37500.0,53,47,none,0.0,fully_functional,12300.0,0.0,sell
DEV006172,laptop,mid,180400.0,73,36,battery_issue,0.21,fully_functional,34350.0,9590.0,repair
DEV006173,laptop,mid,241700.0,97,15,screen_crack,0.91,partially_functional,16850.0,82670.0,recycle
DEV006174,laptop,budget,163600.0,118,15,screen_crack,0.89,partially_functional,8590.0,42920.0,recycle
DEV006175,monitor,mid,12200.0,64,46,keyboard_damage,0.89,partially_functional,2920.0,1160.0,sell
DEV006176,tablet,mid,41500.0,44,60,keyboard_damage,0.32,fully_functional,13040.0,2170.0,repair
DEV006177,laptop,premium,350000.0,13,86,none,0.0,fully_functional,241680.0,0.0,sell
DEV006178,laptop,mid,193000.0,12,97,screen_crack,0.9,not_functional,84900.0,69670.0,recycle
DEV006179,laptop,budget,76600.0,67,46,none,0.0,fully_functional,19890.0,0.0,upgrade
DEV006180,phone,mid,42800.0,18,86,port_damage,0.85,partially_functional,14030.0,2710.0,repair
DEV006181,laptop,premium,103600.0,8,100,none,0.0,fully_functional,92340.0,0.0,sell
DEV006182,pc,mid,111200.0,64,40,screen_scratch,0.89,partially_functional,22420.0,4460.0,repair
DEV006183,tablet,budget,29700.0,45,54,screen_scratch,0.56,partially_functional,7250.0,820.0,upgrade
DEV006184,phone,premium,22600.0,12,83,none,0.0,fully_functional,15150.0,0.0,sell
DEV006185,tablet,budget,39000.0,13,89,screen_crack,0.39,partially_functional,22710.0,6190.0,repair
DEV006186,tablet,budget,30700.0,9,94,screen_crack,0.8,not_functional,15760.0,7500.0,sell
DEV006187,phone,mid,88400.0,21,73,dead_pixel,0.8,fully_functional,28320.0,13850.0,sell
DEV006188,tablet,mid,86300.0,21,85,screen_crack,0.96,partially_functional,28950.0,22150.0,sell
DEV006189,tablet,premium,122400.0,27,76,keyboard_damage,0.48,partially_functional,43700.0,5650.0,repair
DEV006190,pc,budget,90000.0,53,58,keyboard_damage,0.82,not_functional,24090.0,6350.0,sell
DEV006191,phone,mid,138800.0,11,95,screen_crack,0.36,not_functional,85480.0,31640.0,sell
DEV006192,phone,mid,73200.0,27,64,none,0.0,fully_functional,30080.0,0.0,sell
DEV006193,laptop,premium,136000.0,26,75,battery_issue,0.28,fully_functional,66710.0,8090.0,repair
DEV006194,phone,premium,128000.0,8,80,screen_crack,0.74,partially_functional,63220.0,36390.0,sell
DEV006195,laptop,mid,238100.0,86,21,none,0.0,fully_functional,39970.0,0.0,upgrade
DEV006196,pc,budget,62000.0,33,77,screen_scratch,0.6,partially_functional,27940.0,2010.0,repair
DEV006197,phone,budget,27600.0,13,95,screen_scratch,0.25,fully_functional,15220.0,660.0,repair
DEV006198,laptop,premium,217000.0,9,83,battery_issue,0.53,fully_functional,121340.0,20460.0,repair
DEV006199,monitor,mid,19800.0,63,25,battery_issue,0.55,partially_functional,6020.0,1340.0,repair
DEV006200,laptop,mid,167600.0,120,15,none,0.0,fully_functional,12650.0,0.0,upgrade
DEV006201,laptop,premium,276400.0,35,85,none,0.0,fully_functional,151240.0,0.0,sell
DEV006202,laptop,premium,82600.0,55,50,screen_scratch,0.39,partially_functional,20950.0,2080.0,repair
DEV006203,phone,mid,148400.0,32,78,screen_crack,0.17,partially_functional,49310.0,25940.0,sell
DEV006204,phone,premium,36100.0,3,100,screen_crack,0.65,not_functional,21780.0,10470.0,sell
DEV006205,tablet,budget,9500.0,20,74,body_damage,0.51,partially_functional,4620.0,1140.0,repair
DEV006206,laptop,mid,134800.0,62,47,none,0.0,fully_functional,34450.0,0.0,upgrade
DEV006207,phone,premium,52000.0,36,70,screen_crack,0.36,fully_functional,12620.0,12960.0,recycle
DEV006208,phone,budget,74400.0,52,57,screen_crack,0.22,partially_functional,12520.0,9580.0,recycle
DEV006209,pc,budget,64700.0,114,15,screen_scratch,0.83,partially_functional,7230.0,2320.0,repair
DEV006210,phone,mid,43100.0,16,99,screen_scratch,0.49,partially_functional,22250.0,1230.0,repair
DEV006211,tablet,mid,44600.0,16,91,keyboard_damage,0.24,partially_functional,29320.0,2090.0,repair
DEV006212,laptop,budget,62200.0,38,74,keyboard_damage,0.78,not_functional,17160.0,5150.0,sell
DEV006213,laptop,budget,94500.0,62,47,body_damage,0.25,fully_functional,22870.0,7150.0,repair
DEV006214,phone,budget,15600.0,30,55,screen_crack,0.34,not_functional,4860.0,2960.0,sell
DEV006215,phone,budget,88300.0,45,52,none,0.0,fully_functional,21290.0,0.0,upgrade
DEV006216,laptop,premium,335200.0,35,74,none,0.0,fully_functional,147540.0,0.0,sell
DEV006217,tablet,mid,17400.0,74,18,none,0.0,fully_functional,2900.0,0.0,upgrade
DEV006218,phone,mid,64100.0,72,45,screen_crack,0.31,not_functional,6080.0,10370.0,recycle
DEV006219,laptop,budget,132300.0,16,93,screen_scratch,0.77,fully_functional,65120.0,3950.0,repair
DEV006220,laptop,mid,199200.0,19,80,none,0.0,fully_functional,135230.0,0.0,sell
DEV006221,phone,budget,67400.0,36,58,battery_issue,0.4,fully_functional,17880.0,5190.0,repair
DEV006222,laptop,premium,157300.0,35,71,keyboard_damage,0.32,partially_functional,66700.0,6700.0,repair
DEV006223,phone,premium,19900.0,23,53,screen_crack,0.2,fully_functional,7850.0,3490.0,sell
DEV006224,laptop,mid,77400.0,46,53,battery_issue,0.7,partially_functional,17490.0,9790.0,sell
DEV006225,phone,premium,219000.0,10,90,screen_crack,0.9,partially_functional,92930.0,68520.0,sell
DEV006226,laptop,budget,44800.0,28,81,dead_pixel,0.73,fully_functional,17630.0,4370.0,repair
DEV006227,phone,budget,33900.0,43,81,screen_crack,0.28,fully_functional,7940.0,5550.0,upgrade
DEV006228,laptop,mid,202100.0,6,94,screen_crack,0.98,partially_functional,96170.0,46650.0,sell
DEV006229,laptop,budget,38700.0,24,71,none,0.0,fully_functional,23020.0,0.0,sell
DEV006230,monitor,premium,47500.0,39,79,screen_crack,0.2,fully_functional,25200.0,6890.0,repair
DEV006231,laptop,budget,40700.0,48,63,screen_crack,0.15,partially_functional,14030.0,6500.0,sell
DEV006232,pc,mid,151900.0,20,72,none,0.0,fully_functional,106190.0,0.0,sell
DEV006233,phone,budget,68500.0,13,80,none,0.0,fully_functional,45500.0,0.0,sell
DEV006234,laptop,budget,42800.0,85,38,screen_scratch,0.43,fully_functional,5960.0,1050.0,repair
DEV006235,phone,mid,87500.0,10,83,body_damage,0.66,fully_functional,40530.0,11960.0,repair
DEV006236,laptop,premium,49600.0,14,87,battery_issue,0.33,fully_functional,28850.0,2600.0,repair
DEV006237,tablet,mid,64200.0,33,71,body_damage,0.53,fully_functional,21610.0,6660.0,repair
DEV006238,pc,mid,99300.0,56,56,battery_issue,0.93,partially_functional,25270.0,12700.0,sell
DEV006239,laptop,budget,44400.0,57,40,screen_scratch,0.95,partially_functional,6390.0,2240.0,upgrade
DEV006240,tablet,budget,12100.0,17,86,none,0.0,fully_functional,8520.0,0.0,sell
DEV006241,phone,budget,43800.0,7,100,keyboard_damage,0.85,fully_functional,21260.0,3820.0,repair
DEV006242,phone,premium,100400.0,25,79,none,0.0,fully_functional,44980.0,0.0,sell
DEV006243,pc,budget,74200.0,26,72,screen_crack,0.62,not_functional,32820.0,15350.0,sell
DEV006244,phone,budget,11000.0,72,55,battery_issue,0.54,fully_functional,930.0,980.0,recycle
DEV006245,phone,mid,71300.0,29,66,body_damage,0.28,not_functional,24130.0,6690.0,sell
DEV006246,monitor,mid,57700.0,20,85,dead_pixel,0.21,fully_functional,39320.0,4310.0,repair
DEV006247,monitor,mid,25500.0,14,94,screen_scratch,0.46,not_functional,17150.0,720.0,sell
DEV006248,tablet,budget,8400.0,74,29,port_damage,0.25,partially_functional,1400.0,210.0,repair
DEV006249,laptop,mid,80800.0,57,50,port_damage,0.7,partially_functional,16840.0,4970.0,repair
DEV006250,pc,mid,71000.0,21,80,none,0.0,fully_functional,52130.0,0.0,sell
DEV006251,phone,budget,48200.0,5,95,none,0.0,fully_functional,34230.0,0.0,sell
DEV006252,laptop,mid,175100.0,32,66,none,0.0,fully_functional,86880.0,0.0,sell
DEV006253,laptop,budget,145800.0,56,34,none,0.0,fully_functional,40160.0,0.0,upgrade
DEV006254,monitor,premium,62700.0,160,15,screen_crack,0.42,fully_functional,7320.0,12770.0,recycle
DEV006255,monitor,premium,16300.0,26,81,none,0.0,fully_functional,11630.0,0.0,sell
DEV006256,tablet,budget,27900.0,28,70,screen_crack,0.39,fully_functional,11430.0,6580.0,sell
DEV006257,phone,mid,107800.0,72,38,screen_scratch,0.94,fully_functional,6340.0,4950.0,recycle
DEV006258,laptop,mid,33400.0,44,63,screen_crack,0.17,partially_functional,12080.0,5600.0,sell
DEV006259,phone,premium,209400.0,9,100,keyboard_damage,0.59,partially_functional,112780.0,13090.0,repair
DEV006260,pc,mid,172200.0,87,15,body_damage,0.55,not_functional,33310.0,21650.0,upgrade
DEV006261,phone,mid,130500.0,40,60,battery_issue,0.17,not_functional,31960.0,8110.0,upgrade
DEV006262,phone,budget,71100.0,22,66,keyboard_damage,0.22,not_functional,29910.0,3270.0,sell
DEV006263,tablet,budget,44600.0,38,82,port_damage,0.83,not_functional,10670.0,2900.0,sell
DEV006264,laptop,mid,133900.0,8,87,dead_pixel,0.27,fully_functional,99250.0,9320.0,repair
DEV006265,pc,mid,32700.0,51,52,none,0.0,fully_functional,15300.0,0.0,sell
DEV006266,phone,premium,72100.0,27,79,battery_issue,0.77,partially_functional,21300.0,8330.0,sell
DEV006267,pc,premium,272400.0,98,17,battery_issue,0.57,fully_functional,41150.0,26620.0,recycle
DEV006268,phone,mid,130100.0,14,86,screen_crack,0.26,fully_functional,76390.0,24190.0,repair
DEV006269,phone,mid,33700.0,8,97,port_damage,0.23,partially_functional,21480.0,1440.0,repair
DEV006270,laptop,premium,124100.0,20,93,battery_issue,0.65,not_functional,54190.0,9830.0,sell
DEV006271,phone,premium,221800.0,45,62,none,0.0,fully_functional,48880.0,0.0,sell
DEV006272,laptop,premium,321300.0,24,92,screen_crack,0.52,partially_functional,150580.0,66960.0,sell
DEV006273,phone,premium,108900.0,6,100,none,0.0,fully_functional,93090.0,0.0,sell
DEV006274,phone,mid,105700.0,58,49,battery_issue,0.68,not_functional,11200.0,9080.0,recycle
DEV006275,tablet,mid,65200.0,44,51,none,0.0,fully_functional,20370.0,0.0,upgrade
DEV006276,phone,mid,130700.0,39,76,none,0.0,fully_functional,39000.0,0.0,upgrade
DEV006277,tablet,budget,25500.0,88,27,battery_issue,0.69,partially_functional,2220.0,2620.0,recycle
DEV006278,tablet,mid,42500.0,36,77,port_damage,0.24,fully_functional,16060.0,1420.0,repair
DEV006279,phone,mid,109700.0,13,94,screen_crack,0.39,partially_functional,59860.0,24560.0,sell
DEV006280,pc,mid,183800.0,90,33,port_damage,0.53,fully_functional,38380.0,9900.0,repair
DEV006281,phone,budget,104700.0,21,93,none,0.0,fully_functional,54840.0,0.0,sell
DEV006282,laptop,mid,65100.0,71,35,battery_issue,0.99,partially_functional,6890.0,8000.0,recycle
DEV006283,phone,mid,31300.0,13,85,body_damage,0.51,not_functional,15330.0,4260.0,sell
DEV006284,pc,mid,163400.0,47,62,screen_scratch,0.4,partially_functional,71630.0,4790.0,repair
DEV006285,laptop,budget,88600.0,52,53,none,0.0,fully_functional,30340.0,0.0,sell
DEV006286,laptop,mid,96400.0,19,76,body_damage,0.82,partially_functional,34560.0,13180.0,sell
DEV006287,monitor,budget,41000.0,31,69,screen_scratch,0.95,not_functional,15270.0,2350.0,sell
DEV006288,phone,budget,66400.0,56,38,port_damage,0.55,fully_functional,7820.0,3030.0,recycle
DEV006289,pc,budget,133600.0,5,79,battery_issue,0.28,not_functional,100170.0,8450.0,sell
DEV006290,tablet,premium,30100.0,55,50,none,0.0,fully_functional,7880.0,0.0,upgrade
DEV006291,monitor,mid,54100.0,55,57,none,0.0,fully_functional,27310.0,0.0,sell
DEV006292,monitor,mid,43700.0,72,29,body_damage,0.2,fully_functional,13550.0,4130.0,repair
DEV006293,monitor,premium,35900.0,23,81,dead_pixel,0.97,partially_functional,13060.0,6670.0,sell
DEV006294,phone,mid,42200.0,10,91,screen_crack,0.18,partially_functional,28980.0,5350.0,repair
DEV006295,pc,premium,202500.0,31,68,none,0.0,fully_functional,126710.0,0.0,sell
DEV006296,pc,budget,84200.0,35,51,battery_issue,0.84,not_functional,26270.0,7670.0,sell
DEV006297,tablet,budget,36700.0,57,66,screen_scratch,0.61,not_functional,7170.0,1510.0,upgrade
DEV006298,phone,budget,91600.0,6,88,screen_crack,0.4,not_functional,61650.0,11680.0,sell
DEV006299,monitor,mid,50000.0,30,62,screen_crack,0.64,fully_functional,22710.0,14570.0,sell
DEV006300,phone,premium,131900.0,10,99,dead_pixel,0.51,fully_functional,76190.0,13470.0,repair
DEV006301,laptop,mid,145600.0,50,62,battery_issue,0.24,partially_functional,43060.0,9550.0,repair
DEV006302,laptop,mid,243300.0,30,85,body_damage,0.86,not_functional,74080.0,43290.0,sell
DEV006303,phone,budget,89300.0,32,72,dead_pixel,0.42,fully_functional,28560.0,8830.0,repair
DEV006304,tablet,premium,21200.0,10,88,none,0.0,fully_functional,16370.0,0.0,sell
DEV006305,phone,mid,48200.0,18,96,body_damage,0.33,partially_functional,23300.0,6150.0,repair
DEV006306,tablet,budget,52300.0,55,43,none,0.0,fully_functional,14360.0,0.0,upgrade
DEV006307,pc,premium,159700.0,117,15,dead_pixel,0.93,fully_functional,15670.0,23720.0,recycle
DEV006308,phone,mid,53900.0,5,93,screen_crack,0.29,fully_functional,37190.0,11520.0,repair
DEV006309,tablet,budget,28900.0,67,29,battery_issue,0.33,fully_functional,4300.0,2380.0,recycle
DEV006310,phone,budget,21300.0,72,36,screen_crack,0.98,not_functional,1120.0,7110.0,recycle
DEV006311,pc,budget,61900.0,20,81,screen_crack,0.99,fully_functional,23130.0,20650.0,recycle
DEV006312,monitor,premium,59300.0,79,32,screen_crack,0.46,fully_functional,14980.0,10830.0,upgrade
DEV006313,phone,mid,71400.0,29,79,battery_issue,0.94,partially_functional,15770.0,8680.0,sell
DEV006314,tablet,premium,27500.0,7,97,none,0.0,fully_functional,24060.0,0.0,sell
DEV006315,laptop,budget,53800.0,8,90,battery_issue,0.75,not_functional,29580.0,6220.0,sell
DEV006316,laptop,mid,212100.0,22,86,screen_crack,0.63,not_functional,88210.0,67520.0,sell
DEV006317,tablet,mid,50500.0,50,57,none,0.0,fully_functional,16310.0,0.0,upgrade
DEV006318,laptop,mid,177400.0,69,27,screen_scratch,0.24,fully_functional,35780.0,4600.0,repair
DEV006319,tablet,mid,28200.0,14,75,none,0.0,fully_functional,21110.0,0.0,sell
DEV006320,phone,mid,18600.0,4,96,dead_pixel,0.79,partially_functional,10350.0,2270.0,repair
DEV006321,laptop,mid,91100.0,77,15,port_damage,0.21,partially_functional,15790.0,3630.0,repair
DEV006322,pc,premium,282200.0,9,82,screen_crack,0.88,not_functional,135130.0,93910.0,sell
DEV006323,phone,budget,98400.0,15,82,screen_crack,0.36,partially_functional,48730.0,20740.0,sell
DEV006324,laptop,mid,243300.0,79,26,none,0.0,fully_functional,47940.0,0.0,upgrade
DEV006325,phone,mid,118500.0,22,85,screen_scratch,0.37,fully_functional,46240.0,2660.0,repair
DEV006326,pc,budget,95800.0,37,73,battery_issue,0.83,partially_functional,35460.0,9490.0,repair
DEV006327,laptop,budget,128100.0,25,83,dead_pixel,0.18,fully_functional,73030.0,9710.0,repair
DEV006328,laptop,premium,127200.0,10,79,none,0.0,fully_functional,97720.0,0.0,sell
DEV006329,phone,budget,6500.0,57,65,screen_crack,0.86,not_functional,600.0,2410.0,recycle
DEV006330,laptop,budget,62100.0,43,54,screen_crack,0.92,partially_functional,13190.0,16570.0,recycle
DEV006331,monitor,mid,53700.0,98,28,none,0.0,fully_functional,15220.0,0.0,upgrade
DEV006332,laptop,budget,134600.0,17,79,screen_crack,0.41,partially_functional,67800.0,26210.0,sell
DEV006333,laptop,budget,65400.0,27,85,screen_scratch,0.52,fully_functional,27490.0,1850.0,repair
DEV006334,tablet,budget,14600.0,64,50,battery_issue,0.78,partially_functional,2170.0,1320.0,recycle
DEV006335,laptop,budget,121400.0,39,60,body_damage,0.83,partially_functional,30760.0,19670.0,sell
DEV006336,laptop,mid,112600.0,89,20,screen_crack,0.19,partially_functional,15190.0,17440.0,recycle
DEV006337,phone,premium,106800.0,25,75,screen_crack,0.4,partially_functional,35810.0,17200.0,sell
DEV006338,phone,budget,53500.0,72,33,screen_scratch,0.52,partially_functional,4060.0,1490.0,recycle
DEV006339,tablet,mid,66800.0,70,27,screen_scratch,0.83,partially_functional,8000.0,2960.0,recycle
DEV006340,pc,mid,119100.0,90,15,body_damage,0.51,partially_functional,22340.0,13870.0,recycle
DEV006341,monitor,budget,22500.0,22,66,dead_pixel,0.28,fully_functional,13680.0,1540.0,repair
DEV006342,pc,mid,76400.0,23,80,none,0.0,fully_functional,56440.0,0.0,sell
DEV006343,laptop,budget,88600.0,31,63,none,0.0,fully_functional,47690.0,0.0,sell
DEV006344,phone,budget,41300.0,22,67,screen_scratch,0.26,not_functional,18530.0,1190.0,sell
DEV006345,tablet,budget,17600.0,33,72,none,0.0,fully_functional,8420.0,0.0,sell
DEV006346,monitor,budget,36200.0,33,80,none,0.0,fully_functional,22420.0,0.0,sell
DEV006347,tablet,premium,31500.0,19,73,body_damage,0.49,fully_functional,15630.0,3800.0,repair
DEV006348,laptop,premium,149300.0,32,61,screen_crack,0.55,fully_functional,52400.0,32690.0,sell
DEV006349,tablet,premium,80500.0,85,22,screen_scratch,0.87,partially_functional,6090.0,2880.0,recycle
DEV006350,pc,budget,72500.0,44,62,keyboard_damage,0.8,partially_functional,21550.0,6040.0,repair
DEV006351,monitor,mid,29800.0,81,27,none,0.0,fully_functional,10590.0,0.0,upgrade
DEV006352,pc,mid,95300.0,56,54,none,0.0,fully_functional,43780.0,0.0,sell
DEV006353,laptop,budget,95100.0,109,21,screen_scratch,0.6,fully_functional,6780.0,3760.0,recycle
DEV006354,phone,premium,205600.0,18,87,screen_crack,0.61,not_functional,85010.0,50500.0,sell
DEV006355,laptop,mid,128900.0,24,75,body_damage,0.85,fully_functional,46770.0,21700.0,sell
DEV006356,phone,budget,103600.0,72,37,none,0.0,fully_functional,11070.0,0.0,upgrade
DEV006357,monitor,premium,37500.0,39,71,none,0.0,fully_functional,23140.0,0.0,sell
DEV006358,laptop,budget,104800.0,60,48,screen_crack,0.87,partially_functional,16680.0,23300.0,recycle
DEV006359,laptop,mid,71500.0,71,42,none,0.0,fully_functional,15730.0,0.0,upgrade
DEV006360,phone,budget,6500.0,43,52,none,0.0,fully_functional,1700.0,0.0,upgrade
DEV006361,tablet,budget,37600.0,4,85,none,0.0,fully_functional,35010.0,0.0,sell
DEV006362,laptop,premium,354100.0,27,66,body_damage,0.22,partially_functional,174440.0,32490.0,repair
DEV006363,phone,mid,50000.0,27,74,port_damage,0.81,partially_functional,12460.0,3670.0,repair
DEV006364,pc,budget,127200.0,63,44,keyboard_damage,0.18,fully_functional,46120.0,4900.0,repair
DEV006365,laptop,mid,48400.0,34,66,screen_crack,0.57,not_functional,16000.0,9570.0,sell
DEV006366,laptop,premium,211100.0,17,99,screen_crack,0.77,not_functional,101030.0,46890.0,sell
DEV006367,phone,premium,81900.0,4,100,none,0.0,fully_functional,77280.0,0.0,sell
DEV006368,laptop,premium,67200.0,56,54,none,0.0,fully_functional,21470.0,0.0,upgrade
DEV006369,tablet,premium,128600.0,19,80,body_damage,0.7,not_functional,52380.0,16400.0,sell
DEV006370,pc,mid,143300.0,66,42,screen_scratch,0.8,partially_functional,31710.0,4510.0,repair
DEV006371,phone,budget,48000.0,23,94,body_damage,0.83,partially_functional,13100.0,8720.0,sell
DEV006372,monitor,premium,35400.0,138,15,battery_issue,0.2,partially_functional,5700.0,2420.0,recycle
DEV006373,tablet,budget,50200.0,22,72,battery_issue,0.95,not_functional,16050.0,5010.0,sell
DEV006374,phone,budget,48200.0,14,97,screen_scratch,0.49,fully_functional,23300.0,1060.0,repair
DEV006375,phone,mid,74900.0,18,75,screen_crack,0.17,fully_functional,42560.0,11140.0,repair
DEV006376,phone,budget,21900.0,46,57,keyboard_damage,0.25,partially_functional,4410.0,1210.0,repair
DEV006377,pc,mid,68400.0,37,63,none,0.0,fully_functional,37100.0,0.0,sell
DEV006378,phone,premium,125500.0,25,78,dead_pixel,0.96,not_functional,30470.0,14740.0,sell
DEV006379,laptop,mid,58900.0,66,43,screen_crack,0.53,not_functional,11030.0,8610.0,upgrade
DEV006380,tablet,mid,21100.0,13,91,none,0.0,fully_functional,16870.0,0.0,recycle
DEV006381,pc,mid,192800.0,37,70,body_damage,0.73,not_functional,70360.0,24190.0,sell
DEV006382,tablet,mid,30600.0,53,62,none,0.0,fully_functional,8880.0,0.0,upgrade
DEV006383,pc,budget,84700.0,8,89,screen_crack,0.38,fully_functional,58480.0,18180.0,repair
DEV006384,phone,budget,12000.0,7,98,battery_issue,0.49,fully_functional,7830.0,1160.0,repair
DEV006385,pc,mid,155600.0,43,62,none,0.0,fully_functional,88760.0,0.0,sell
DEV006386,phone,mid,101800.0,27,66,none,0.0,fully_functional,41200.0,0.0,sell
DEV006387,phone,mid,144800.0,72,49,screen_scratch,0.87,partially_functional,8900.0,5700.0,recycle
DEV006388,monitor,budget,35900.0,19,80,none,0.0,fully_functional,29810.0,0.0,sell
DEV006389,phone,budget,91700.0,55,70,keyboard_damage,0.19,partially_functional,16420.0,3020.0,repair
DEV006390,phone,mid,13400.0,13,90,none,0.0,fully_functional,8720.0,0.0,sell
DEV006391,tablet,mid,78300.0,14,78,screen_scratch,0.52,fully_functional,38360.0,2420.0,repair
DEV006392,phone,mid,14500.0,37,65,screen_scratch,0.94,not_functional,2320.0,620.0,upgrade
DEV006393,phone,premium,32600.0,47,59,screen_crack,0.35,partially_functional,6460.0,6370.0,recycle
DEV006394,tablet,mid,20300.0,8,92,screen_scratch,0.89,partially_functional,8640.0,760.0,recycle
DEV006395,pc,budget,123600.0,69,44,body_damage,0.57,fully_functional,32250.0,13640.0,upgrade
DEV006396,pc,mid,153100.0,64,31,battery_issue,0.59,partially_functional,38750.0,14250.0,sell
DEV006397,phone,budget,103600.0,24,80,none,0.0,fully_functional,47390.0,0.0,sell
DEV006398,laptop,budget,44100.0,120,15,none,0.0,fully_functional,3620.0,0.0,upgrade
DEV006399,pc,mid,75900.0,15,83,screen_crack,0.51,fully_functional,46670.0,14060.0,repair
DEV006400,phone,budget,71500.0,24,79,body_damage,0.99,not_functional,17550.0,12670.0,sell
DEV006401,phone,budget,87300.0,26,87,none,0.0,fully_functional,42110.0,0.0,sell
DEV006402,phone,premium,191900.0,6,98,screen_crack,0.29,not_functional,131760.0,35180.0,sell
DEV006403,laptop,mid,71100.0,15,91,none,0.0,fully_functional,48190.0,0.0,sell
DEV006404,phone,premium,28300.0,13,100,none,0.0,fully_functional,19720.0,0.0,sell
DEV006405,tablet,premium,103200.0,14,88,none,0.0,fully_functional,74820.0,0.0,repair
DEV006406,monitor,budget,13600.0,76,22,body_damage,0.88,partially_functional,2650.0,1630.0,upgrade
DEV006407,phone,mid,126900.0,15,91,screen_crack,0.49,fully_functional,54780.0,32930.0,sell
DEV006408,tablet,budget,19000.0,96,15,keyboard_damage,0.65,partially_functional,1430.0,1490.0,recycle
DEV006409,phone,mid,78300.0,53,48,dead_pixel,0.82,fully_functional,7370.0,11800.0,recycle
DEV006410,phone,budget,64300.0,5,85,body_damage,0.79,partially_functional,33340.0,11280.0,repair
DEV006411,pc,budget,77700.0,9,90,battery_issue,0.26,partially_functional,60700.0,4790.0,repair
DEV006412,laptop,budget,146900.0,9,90,none,0.0,fully_functional,124490.0,0.0,sell
DEV006413,monitor,mid,34900.0,57,48,screen_crack,0.81,partially_functional,9840.0,8690.0,recycle
DEV006414,laptop,budget,32800.0,56,57,dead_pixel,0.61,partially_functional,6350.0,3410.0,upgrade
DEV006415,phone,mid,93000.0,72,24,none,0.0,fully_functional,8530.0,0.0,upgrade
DEV006416,laptop,premium,136400.0,33,60,none,0.0,fully_functional,63070.0,0.0,sell
DEV006417,phone,mid,132400.0,21,80,body_damage,0.47,not_functional,57210.0,16170.0,sell
DEV006418,pc,mid,44400.0,24,83,none,0.0,fully_functional,33000.0,0.0,sell
DEV006419,tablet,budget,27700.0,4,96,none,0.0,fully_functional,24980.0,0.0,sell
DEV006420,phone,premium,39300.0,18,93,body_damage,0.36,partially_functional,18310.0,4920.0,repair
DEV006421,laptop,mid,237100.0,43,49,none,0.0,fully_functional,92440.0,0.0,sell
DEV006422,tablet,mid,13300.0,31,84,battery_issue,0.49,not_functional,5320.0,890.0,sell
DEV006423,pc,premium,230200.0,28,82,screen_crack,0.54,partially_functional,114910.0,60260.0,sell
DEV006424,phone,budget,101300.0,56,52,none,0.0,fully_functional,16420.0,0.0,upgrade
DEV006425,phone,mid,24900.0,11,86,screen_crack,0.6,not_functional,13080.0,5700.0,sell
DEV006426,phone,budget,96900.0,19,80,screen_scratch,0.46,fully_functional,41810.0,2090.0,repair
DEV006427,laptop,budget,98500.0,31,56,none,0.0,fully_functional,47380.0,0.0,recycle
DEV006428,laptop,budget,138200.0,58,37,keyboard_damage,0.41,fully_functional,31570.0,8490.0,repair
DEV006429,phone,mid,99000.0,11,85,none,0.0,fully_functional,73280.0,0.0,sell
DEV006430,laptop,budget,42400.0,33,71,screen_crack,0.63,not_functional,14820.0,13340.0,sell
DEV006431,laptop,mid,220100.0,6,94,screen_crack,0.36,fully_functional,162210.0,54100.0,repair
DEV006432,phone,premium,216300.0,30,60,screen_crack,0.7,not_functional,56750.0,48160.0,recycle
DEV006433,monitor,premium,75400.0,22,65,screen_scratch,0.61,fully_functional,36370.0,2250.0,repair
DEV006434,laptop,budget,116200.0,14,83,screen_crack,0.62,not_functional,56100.0,31660.0,sell
DEV006435,laptop,mid,77300.0,90,15,none,0.0,fully_functional,10970.0,0.0,upgrade
DEV006436,laptop,budget,61700.0,35,68,none,0.0,fully_functional,30780.0,0.0,sell
DEV006437,phone,mid,124700.0,72,42,screen_crack,0.27,fully_functional,12080.0,19060.0,recycle
DEV006438,pc,budget,71900.0,72,31,body_damage,0.72,not_functional,15420.0,9920.0,upgrade
DEV006439,laptop,mid,246800.0,9,91,none,0.0,fully_functional,195280.0,0.0,sell
DEV006440,laptop,budget,73600.0,47,58,none,0.0,fully_functional,29830.0,0.0,sell
DEV006441,monitor,mid,54900.0,52,53,screen_crack,0.58,not_functional,18700.0,15430.0,recycle
DEV006442,pc,budget,72600.0,28,97,none,0.0,fully_functional,50140.0,0.0,sell
DEV006443,pc,budget,123500.0,31,79,none,0.0,fully_functional,76790.0,0.0,sell
DEV006444,phone,mid,47700.0,54,37,keyboard_damage,0.16,fully_functional,8090.0,2100.0,repair
DEV006445,phone,budget,100300.0,8,100,none,0.0,fully_functional,79210.0,0.0,sell
DEV006446,tablet,mid,35200.0,12,91,screen_scratch,0.86,partially_functional,16580.0,1390.0,repair
DEV006447,laptop,mid,72300.0,56,58,battery_issue,0.44,fully_functional,18540.0,5420.0,repair
DEV006448,tablet,mid,47900.0,31,69,keyboard_damage,0.75,partially_functional,13840.0,3120.0,repair
DEV006449,pc,mid,195800.0,100,15,dead_pixel,0.72,not_functional,27470.0,26660.0,recycle
DEV006450,phone,mid,80400.0,1,100,battery_issue,0.3,fully_functional,64650.0,5040.0,repair
DEV006451,phone,premium,54400.0,24,72,dead_pixel,0.96,fully_functional,14010.0,7640.0,sell
DEV006452,laptop,budget,61500.0,20,84,port_damage,0.45,partially_functional,32890.0,2440.0,repair
DEV006453,phone,mid,12600.0,48,71,none,0.0,fully_functional,2710.0,0.0,upgrade
DEV006454,tablet,mid,64200.0,72,43,body_damage,0.51,partially_functional,9500.0,8780.0,recycle
DEV006455,tablet,budget,51200.0,13,75,body_damage,0.66,not_functional,24330.0,5570.0,sell
DEV006456,laptop,budget,87700.0,30,72,port_damage,0.62,fully_functional,30090.0,5330.0,repair
DEV006457,tablet,budget,9600.0,47,42,keyboard_damage,0.53,not_functional,2160.0,540.0,upgrade
DEV006458,laptop,mid,218500.0,10,100,screen_scratch,0.38,fully_functional,145990.0,4980.0,repair
DEV006459,tablet,budget,23600.0,11,100,port_damage,0.55,partially_functional,12180.0,1100.0,repair
DEV006460,phone,mid,69600.0,28,70,none,0.0,fully_functional,28910.0,0.0,sell
DEV006461,tablet,mid,67700.0,51,50,none,0.0,fully_functional,20620.0,0.0,upgrade
DEV006462,tablet,mid,33400.0,48,47,none,0.0,fully_functional,10520.0,0.0,upgrade
DEV006463,phone,budget,72400.0,24,76,none,0.0,fully_functional,34050.0,0.0,sell
DEV006464,laptop,mid,122300.0,96,15,none,0.0,fully_functional,15750.0,0.0,upgrade
DEV006465,pc,mid,185500.0,47,57,screen_crack,0.65,partially_functional,58360.0,63210.0,recycle
DEV006466,phone,budget,32400.0,13,100,body_damage,0.96,not_functional,11270.0,5450.0,sell
DEV006467,tablet,budget,44100.0,96,17,none,0.0,fully_functional,4580.0,0.0,upgrade
DEV006468,monitor,budget,18000.0,66,51,screen_scratch,0.34,partially_functional,6770.0,460.0,repair
DEV006469,pc,premium,87300.0,98,15,port_damage,0.99,partially_functional,9530.0,7190.0,recycle
DEV006470,laptop,budget,130800.0,17,97,screen_crack,0.57,fully_functional,66180.0,35860.0,sell
DEV006471,tablet,budget,57800.0,22,78,none,0.0,fully_functional,34660.0,0.0,sell
DEV006472,monitor,budget,12500.0,71,33,dead_pixel,0.5,partially_functional,3390.0,1700.0,sell
DEV006473,laptop,budget,44300.0,18,78,dead_pixel,0.67,partially_functional,19390.0,4270.0,repair
DEV006474,phone,mid,11000.0,33,84,screen_crack,0.95,not_functional,2160.0,3980.0,recycle
DEV006475,phone,mid,40900.0,56,55,port_damage,0.35,fully_functional,6000.0,1930.0,repair
DEV006476,pc,mid,126900.0,33,65,body_damage,0.57,fully_functional,55440.0,12870.0,repair
DEV006477,laptop,premium,237500.0,73,37,body_damage,0.51,not_functional,36630.0,29950.0,recycle
DEV006478,phone,budget,98000.0,8,97,none,0.0,fully_functional,73110.0,0.0,sell
DEV006479,phone,mid,98300.0,52,56,none,0.0,fully_functional,19020.0,0.0,upgrade
DEV006480,pc,mid,75200.0,112,15,screen_scratch,0.6,not_functional,10240.0,2460.0,recycle
DEV006481,laptop,mid,79700.0,41,59,screen_crack,0.37,not_functional,26640.0,15580.0,sell
DEV006482,pc,premium,81100.0,26,73,screen_scratch,0.38,fully_functional,41620.0,2540.0,repair
DEV006483,tablet,budget,38500.0,16,79,dead_pixel,0.75,partially_functional,18120.0,4310.0,repair
DEV006484,monitor,mid,26700.0,59,36,dead_pixel,0.95,fully_functional,6010.0,4080.0,sell
DEV006485,pc,mid,190000.0,127,15,dead_pixel,0.89,not_functional,15820.0,30080.0,recycle
DEV006486,phone,budget,81400.0,24,58,screen_crack,0.73,fully_functional,22050.0,21830.0,recycle
DEV006487,tablet,premium,27800.0,32,71,none,0.0,fully_functional,13870.0,0.0,sell
DEV006488,phone,budget,80300.0,8,79,screen_crack,0.75,partially_functional,38540.0,17260.0,sell
DEV006489,monitor,budget,29300.0,168,15,none,0.0,fully_functional,4390.0,0.0,upgrade
DEV006490,phone,mid,47600.0,15,74,none,0.0,fully_functional,27210.0,0.0,sell
DEV006491,tablet,mid,87100.0,14,76,none,0.0,fully_functional,59990.0,0.0,sell
DEV006492,pc,premium,133500.0,11,88,port_damage,0.35,not_functional,97680.0,6860.0,sell
DEV006493,phone,premium,33700.0,14,90,body_damage,0.79,not_functional,12590.0,6190.0,sell
DEV006494,pc,budget,93300.0,76,34,body_damage,0.22,fully_functional,28150.0,8510.0,repair
DEV006495,phone,mid,40100.0,21,81,screen_crack,0.86,partially_functional,11890.0,12940.0,recycle
DEV006496,laptop,premium,310900.0,42,57,screen_scratch,0.74,not_functional,76380.0,10850.0,sell
DEV006497,laptop,budget,155100.0,48,55,screen_scratch,0.22,partially_functional,45650.0,3160.0,repair
DEV006498,laptop,mid,176300.0,27,86,battery_issue,0.27,fully_functional,91800.0,7550.0,repair
DEV006499,laptop,premium,119100.0,68,35,screen_crack,0.77,not_functional,18410.0,34320.0,recycle
DEV006500,monitor,budget,4600.0,85,18,none,0.0,fully_functional,1500.0,0.0,upgrade
DEV006501,phone,premium,152700.0,37,69,battery_issue,0.71,not_functional,31860.0,13410.0,upgrade
DEV006502,laptop,mid,152400.0,93,28,screen_scratch,0.36,partially_functional,18330.0,4470.0,repair
DEV006503,pc,premium,112700.0,49,56,port_damage,0.84,not_functional,32850.0,8940.0,sell
DEV006504,pc,mid,197700.0,91,16,body_damage,0.88,not_functional,29300.0,27220.0,recycle
DEV006505,phone,mid,73800.0,72,34,none,0.0,fully_functional,6550.0,0.0,upgrade
DEV006506,monitor,mid,48500.0,168,15,none,0.0,fully_functional,6570.0,0.0,upgrade
DEV006507,phone,budget,98000.0,19,79,port_damage,0.58,partially_functional,36830.0,6520.0,repair
DEV006508,laptop,mid,215500.0,41,62,none,0.0,fully_functional,91520.0,0.0,sell
DEV006509,laptop,premium,367000.0,120,15,screen_scratch,0.25,fully_functional,26520.0,10050.0,recycle
DEV006510,pc,premium,167300.0,39,66,none,0.0,fully_functional,95910.0,0.0,sell
DEV006511,phone,premium,52400.0,36,71,none,0.0,fully_functional,17500.0,0.0,upgrade
DEV006512,phone,mid,14700.0,24,72,screen_crack,0.73,partially_functional,3910.0,3320.0,recycle
DEV006513,pc,mid,147900.0,7,92,none,0.0,fully_functional,118220.0,0.0,sell
DEV006514,phone,mid,98200.0,5,92,body_damage,0.46,partially_functional,66450.0,12630.0,repair
DEV006515,laptop,mid,38200.0,70,53,keyboard_damage,0.8,partially_functional,5290.0,3010.0,upgrade
DEV006516,tablet,mid,73400.0,21,80,battery_issue,0.8,not_functional,29410.0,7740.0,sell
DEV006517,tablet,budget,49700.0,37,64,screen_crack,0.48,partially_functional,16640.0,9930.0,sell
DEV006518,phone,budget,20300.0,37,62,screen_scratch,0.16,partially_functional,5270.0,320.0,repair
DEV006519,phone,mid,23300.0,43,69,none,0.0,fully_functional,5980.0,0.0,upgrade
DEV006520,monitor,budget,11900.0,85,21,screen_scratch,0.26,partially_functional,3400.0,230.0,repair
DEV006521,laptop,budget,90100.0,74,33,none,0.0,fully_functional,18350.0,0.0,upgrade
DEV006522,phone,budget,57800.0,6,100,port_damage,0.53,partially_functional,35520.0,3350.0,repair
DEV006523,phone,premium,83800.0,6,90,port_damage,0.82,partially_functional,38200.0,6920.0,repair
DEV006524,phone,premium,162200.0,6,97,body_damage,0.4,fully_functional,110320.0,16530.0,repair
DEV006525,monitor,mid,20400.0,18,78,keyboard_damage,0.52,partially_functional,11780.0,1240.0,repair
DEV006526,phone,premium,16300.0,18,83,none,0.0,fully_functional,9630.0,0.0,sell
DEV006527,phone,premium,140100.0,14,83,screen_crack,0.94,partially_functional,47230.0,40690.0,recycle
DEV006528,laptop,budget,29500.0,83,19,none,0.0,fully_functional,4790.0,0.0,upgrade
DEV006529,phone,budget,8300.0,23,79,none,0.0,fully_functional,4070.0,0.0,sell
DEV006530,phone,budget,88400.0,27,75,none,0.0,fully_functional,38670.0,0.0,sell
DEV006531,monitor,budget,32400.0,103,15,none,0.0,fully_functional,8570.0,0.0,upgrade
DEV006532,tablet,mid,67800.0,36,65,dead_pixel,0.53,fully_functional,22880.0,7240.0,repair
DEV006533,phone,budget,43600.0,55,60,screen_crack,0.5,partially_functional,5710.0,9160.0,recycle
DEV006534,laptop,premium,232700.0,112,15,battery_issue,0.61,partially_functional,16470.0,24730.0,recycle
DEV006535,phone,mid,27300.0,43,53,none,0.0,fully_functional,6490.0,0.0,upgrade
DEV006536,phone,budget,65900.0,37,66,none,0.0,fully_functional,21370.0,0.0,upgrade
DEV006537,laptop,premium,209700.0,38,74,battery_issue,0.69,fully_functional,56980.0,23210.0,sell
DEV006538,laptop,premium,223600.0,51,48,keyboard_damage,0.22,fully_functional,65520.0,8200.0,repair
DEV006539,tablet,mid,38500.0,57,59,screen_crack,0.47,partially_functional,8560.0,7730.0,recycle
DEV006540,pc,mid,59100.0,85,32,screen_scratch,0.98,not_functional,8420.0,2210.0,upgrade
DEV006541,phone,premium,186900.0,27,66,screen_crack,0.8,partially_functional,46530.0,51420.0,recycle
DEV006542,monitor,mid,6400.0,117,15,body_damage,0.67,partially_functional,990.0,1080.0,recycle
DEV006543,laptop,premium,190000.0,118,15,none,0.0,fully_functional,14660.0,0.0,upgrade
DEV006544,phone,budget,38300.0,70,28,dead_pixel,0.46,fully_functional,3210.0,2720.0,recycle
DEV006545,pc,mid,40100.0,101,15,keyboard_damage,0.61,partially_functional,5840.0,2520.0,recycle
DEV006546,phone,mid,113800.0,12,74,port_damage,0.75,partially_functional,48790.0,7400.0,repair
DEV006547,laptop,budget,36800.0,55,53,screen_scratch,0.36,partially_functional,9490.0,990.0,repair
DEV006548,tablet,budget,22300.0,31,65,screen_crack,0.33,partially_functional,9020.0,3970.0,sell
DEV006549,phone,budget,56000.0,46,65,dead_pixel,0.43,fully_functional,10000.0,5810.0,upgrade
DEV006550,pc,budget,130900.0,26,75,keyboard_damage,0.84,partially_functional,53270.0,11450.0,repair
DEV006551,phone,budget,60100.0,12,89,none,0.0,fully_functional,41190.0,0.0,sell
DEV006552,pc,mid,180700.0,21,75,battery_issue,0.95,partially_functional,62820.0,21710.0,repair
DEV006553,phone,premium,139000.0,12,92,screen_crack,0.31,fully_functional,79260.0,24250.0,repair
DEV006554,phone,mid,121600.0,32,77,screen_scratch,0.37,fully_functional,38340.0,3200.0,repair
DEV006555,laptop,mid,238100.0,64,50,none,0.0,fully_functional,63550.0,0.0,upgrade
DEV006556,pc,budget,49300.0,92,15,none,0.0,fully_functional,12490.0,0.0,upgrade
DEV006557,phone,premium,143900.0,11,84,screen_crack,0.79,partially_functional,59380.0,43730.0,sell
DEV006558,pc,budget,120500.0,57,48,keyboard_damage,0.8,partially_functional,32440.0,9400.0,repair
DEV006559,phone,budget,54900.0,14,83,port_damage,0.81,partially_functional,22240.0,3380.0,repair
DEV006560,laptop,mid,96800.0,52,49,body_damage,0.61,not_functional,20160.0,14180.0,sell
DEV006561,laptop,premium,62400.0,80,21,none,0.0,fully_functional,11430.0,0.0,upgrade
DEV006562,phone,premium,186600.0,9,100,screen_scratch,0.62,partially_functional,106990.0,6180.0,repair
DEV006563,monitor,mid,28200.0,30,80,none,0.0,fully_functional,20020.0,0.0,sell
DEV006564,laptop,mid,44500.0,58,56,port_damage,0.78,not_functional,8180.0,2880.0,upgrade
DEV006565,tablet,mid,61200.0,33,66,dead_pixel,0.96,fully_functional,13660.0,8040.0,sell
DEV006566,laptop,mid,129600.0,70,29,none,0.0,fully_functional,28080.0,0.0,upgrade
DEV006567,laptop,budget,72600.0,58,23,keyboard_damage,0.94,partially_functional,10030.0,7750.0,upgrade
DEV006568,tablet,budget,9800.0,29,82,screen_scratch,0.5,fully_functional,4030.0,360.0,repair
DEV006569,pc,premium,198100.0,47,58,battery_issue,0.72,fully_functional,65790.0,19770.0,repair
DEV006570,tablet,premium,77600.0,17,87,none,0.0,fully_functional,52310.0,0.0,sell
DEV006571,laptop,budget,167400.0,43,69,none,0.0,fully_functional,66040.0,0.0,sell
DEV006572,tablet,budget,51500.0,27,74,body_damage,0.64,partially_functional,16670.0,7600.0,sell
DEV006573,tablet,budget,55600.0,49,58,none,0.0,fully_functional,18540.0,0.0,upgrade
DEV006574,laptop,mid,82700.0,33,85,none,0.0,fully_functional,44340.0,0.0,sell
DEV006575,tablet,budget,9800.0,43,70,screen_scratch,0.31,fully_functional,2820.0,200.0,repair
DEV006576,laptop,mid,110700.0,16,84,none,0.0,fully_functional,80650.0,0.0,sell
DEV006577,pc,budget,131500.0,9,83,keyboard_damage,0.35,fully_functional,96130.0,5610.0,repair
DEV006578,monitor,budget,24400.0,137,15,none,0.0,fully_functional,3940.0,0.0,upgrade
DEV006579,monitor,budget,27300.0,25,97,keyboard_damage,0.86,fully_functional,11360.0,1970.0,repair
DEV006580,pc,mid,106700.0,8,97,screen_crack,0.55,partially_functional,78070.0,17450.0,recycle
DEV006581,tablet,budget,39500.0,9,92,dead_pixel,0.87,partially_functional,18180.0,6200.0,repair
DEV006582,tablet,mid,16300.0,47,65,keyboard_damage,0.73,fully_functional,3990.0,1240.0,repair
DEV006583,phone,mid,55100.0,17,79,screen_scratch,0.69,partially_functional,21070.0,1570.0,repair
DEV006584,laptop,mid,77900.0,34,62,none,0.0,fully_functional,39220.0,0.0,sell
DEV006585,phone,budget,32200.0,24,86,screen_scratch,0.76,not_functional,9510.0,1160.0,upgrade
DEV006586,phone,mid,11600.0,33,71,screen_crack,0.33,fully_functional,3340.0,2710.0,recycle
DEV006587,monitor,budget,36400.0,31,58,none,0.0,fully_functional,21410.0,0.0,sell
DEV006588,pc,mid,33400.0,71,44,none,0.0,fully_functional,12100.0,0.0,upgrade
DEV006589,laptop,mid,30100.0,51,36,dead_pixel,0.25,fully_functional,8060.0,2550.0,repair
DEV006590,phone,premium,203700.0,57,41,dead_pixel,0.8,partially_functional,18960.0,24920.0,recycle
DEV006591,tablet,premium,109000.0,66,33,none,0.0,fully_functional,21150.0,0.0,upgrade
DEV006592,laptop,mid,124400.0,76,23,screen_scratch,0.53,fully_functional,17700.0,3990.0,upgrade
DEV006593,pc,premium,254700.0,9,88,none,0.0,fully_functional,228510.0,0.0,sell
DEV006594,monitor,budget,27500.0,77,24,dead_pixel,0.88,not_functional,5420.0,3780.0,upgrade
DEV006595,phone,mid,22900.0,44,60,body_damage,0.79,partially_functional,3440.0,3450.0,recycle
DEV006596,phone,budget,68300.0,22,77,body_damage,0.16,partially_functional,33700.0,4820.0,repair
DEV006597,phone,budget,97500.0,8,95,screen_scratch,0.6,partially_functional,49220.0,3020.0,repair
DEV006598,phone,mid,55500.0,5,97,screen_crack,0.84,partially_functional,30170.0,13710.0,sell
DEV006599,laptop,mid,85800.0,48,49,dead_pixel,0.84,not_functional,16430.0,13660.0,recycle
DEV006600,phone,mid,88300.0,24,81,battery_issue,0.86,not_functional,23860.0,10680.0,sell
DEV006601,phone,premium,184800.0,23,94,screen_scratch,0.66,not_functional,64430.0,5220.0,sell
DEV006602,phone,mid,135100.0,12,75,none,0.0,fully_functional,93220.0,0.0,sell
DEV006603,phone,premium,41800.0,22,81,body_damage,0.69,fully_functional,12720.0,6670.0,sell
DEV006604,tablet,premium,102600.0,15,75,dead_pixel,0.25,partially_functional,61830.0,8480.0,repair
DEV006605,phone,premium,17300.0,17,77,none,0.0,fully_functional,9630.0,0.0,sell
DEV006606,pc,budget,30600.0,23,93,keyboard_damage,0.46,fully_functional,18340.0,1700.0,repair
DEV006607,phone,mid,18500.0,9,100,battery_issue,0.91,not_functional,7560.0,2090.0,sell
DEV006608,phone,mid,84000.0,15,86,dead_pixel,0.35,partially_functional,39160.0,6690.0,repair
DEV006609,phone,premium,113900.0,38,75,body_damage,0.96,partially_functional,18960.0,23260.0,recycle
DEV006610,tablet,budget,9400.0,13,95,keyboard_damage,0.25,fully_functional,6220.0,470.0,repair
DEV006611,phone,budget,37000.0,9,84,body_damage,0.93,not_functional,15890.0,6650.0,sell
DEV006612,laptop,budget,43900.0,78,31,battery_issue,0.78,not_functional,5400.0,3780.0,recycle
DEV006613,phone,budget,72900.0,23,86,none,0.0,fully_functional,34740.0,0.0,sell
DEV006614,monitor,premium,78900.0,145,15,battery_issue,0.19,partially_functional,12990.0,3960.0,repair
DEV006615,phone,budget,57200.0,22,84,screen_crack,0.27,partially_functional,25340.0,9200.0,sell
DEV006616,laptop,budget,174400.0,28,78,screen_scratch,0.47,fully_functional,77600.0,5230.0,repair
DEV006617,pc,mid,73500.0,76,39,none,0.0,fully_functional,23080.0,0.0,repair
DEV006618,phone,mid,48500.0,11,92,body_damage,0.67,fully_functional,22600.0,7020.0,repair
DEV006619,phone,budget,80800.0,20,86,body_damage,0.58,fully_functional,32150.0,8350.0,repair
DEV006620,pc,mid,43900.0,73,21,none,0.0,fully_functional,14380.0,0.0,upgrade
DEV006621,phone,mid,60600.0,21,70,screen_crack,0.57,partially_functional,19430.0,11440.0,sell
DEV006622,phone,premium,170800.0,16,79,port_damage,0.87,partially_functional,59060.0,12540.0,repair
DEV006623,laptop,mid,67300.0,8,97,screen_scratch,0.92,fully_functional,29830.0,2690.0,repair
DEV006624,phone,premium,115200.0,17,82,battery_issue,0.95,not_functional,35720.0,14560.0,sell
DEV006625,monitor,budget,15000.0,9,89,battery_issue,0.6,partially_functional,8510.0,1430.0,repair
DEV006626,tablet,mid,60200.0,32,70,screen_scratch,0.68,fully_functional,19780.0,2190.0,repair
DEV006627,laptop,mid,117900.0,83,27,screen_crack,0.21,not_functional,18870.0,15600.0,recycle
DEV006628,phone,mid,27800.0,69,52,body_damage,0.87,not_functional,1820.0,4160.0,recycle
DEV006629,tablet,mid,39100.0,23,74,keyboard_damage,0.94,partially_functional,12250.0,3650.0,repair
DEV006630,tablet,budget,20700.0,69,40,dead_pixel,0.61,partially_functional,2920.0,2370.0,recycle
DEV006631,phone,budget,53300.0,17,91,screen_crack,0.29,partially_functional,28190.0,11820.0,sell
DEV006632,pc,premium,107300.0,23,74,dead_pixel,0.98,not_functional,35580.0,16260.0,sell
DEV006633,laptop,premium,214400.0,39,80,screen_scratch,0.93,partially_functional,49880.0,10300.0,repair
DEV006634,pc,budget,126400.0,40,77,body_damage,0.82,not_functional,41270.0,18880.0,sell
DEV006635,phone,mid,49000.0,31,91,battery_issue,0.44,fully_functional,15380.0,3220.0,repair
DEV006636,phone,mid,146900.0,16,63,battery_issue,0.38,fully_functional,72630.0,12150.0,repair
DEV006637,tablet,mid,74100.0,23,85,screen_crack,0.53,partially_functional,32960.0,15020.0,sell
DEV006638,pc,budget,70900.0,64,42,port_damage,0.85,partially_functional,16290.0,3770.0,repair
DEV006639,laptop,premium,374100.0,33,52,none,0.0,fully_functional,168140.0,0.0,sell
DEV006640,phone,mid,31500.0,16,90,dead_pixel,0.66,partially_functional,12620.0,3860.0,repair
DEV006641,pc,mid,82700.0,119,15,none,0.0,fully_functional,14150.0,0.0,upgrade
DEV006642,phone,mid,30200.0,11,99,dead_pixel,0.26,partially_functional,18980.0,1780.0,repair
DEV006643,phone,mid,122700.0,42,72,port_damage,0.37,not_functional,28720.0,6880.0,upgrade
DEV006644,tablet,budget,36000.0,76,26,screen_scratch,0.9,not_functional,3260.0,1020.0,recycle
DEV006645,phone,premium,24500.0,29,79,keyboard_damage,0.74,not_functional,6250.0,1710.0,sell
DEV006646,phone,budget,78500.0,17,80,battery_issue,0.36,partially_functional,38420.0,6710.0,repair
DEV006647,phone,premium,24900.0,20,67,port_damage,0.7,fully_functional,8050.0,1510.0,repair
DEV006648,monitor,premium,34500.0,117,15,screen_crack,0.5,partially_functional,5720.0,10390.0,recycle
DEV006649,phone,mid,142400.0,2,100,none,0.0,fully_functional,132280.0,0.0,sell
DEV006650,tablet,mid,87900.0,10,94,port_damage,0.64,fully_functional,52340.0,4120.0,repair
DEV006651,monitor,budget,31000.0,65,39,none,0.0,fully_functional,13760.0,0.0,sell
DEV006652,tablet,mid,82400.0,8,72,screen_crack,0.32,not_functional,59060.0,13600.0,sell
DEV006653,laptop,mid,49300.0,18,91,none,0.0,fully_functional,32340.0,0.0,sell
DEV006654,laptop,budget,174500.0,115,15,screen_scratch,0.72,partially_functional,10500.0,5420.0,recycle
DEV006655,laptop,budget,105100.0,40,69,none,0.0,fully_functional,45240.0,0.0,sell
DEV006656,laptop,premium,130000.0,115,15,body_damage,0.16,fully_functional,10860.0,11420.0,recycle
DEV006657,monitor,budget,33700.0,43,83,none,0.0,fully_functional,19160.0,0.0,sell
DEV006658,pc,budget,55100.0,40,58,none,0.0,fully_functional,31640.0,0.0,sell
DEV006659,laptop,budget,139100.0,17,85,none,0.0,fully_functional,89640.0,0.0,repair
DEV006660,phone,mid,64000.0,2,95,battery_issue,0.74,not_functional,39190.0,6120.0,sell
DEV006661,pc,mid,100100.0,80,25,none,0.0,fully_functional,28950.0,0.0,upgrade
DEV006662,phone,mid,125800.0,22,75,keyboard_damage,0.65,fully_functional,40140.0,7680.0,repair
DEV006663,pc,mid,158100.0,59,48,battery_issue,0.7,not_functional,40510.0,17500.0,sell
DEV006664,phone,budget,61800.0,24,71,screen_crack,0.63,not_functional,19600.0,17010.0,recycle
DEV006665,tablet,mid,75300.0,42,71,screen_crack,0.26,fully_functional,25130.0,13560.0,sell
DEV006666,pc,budget,81300.0,42,62,none,0.0,fully_functional,43390.0,0.0,sell
DEV006667,laptop,premium,207100.0,9,100,none,0.0,fully_functional,158410.0,0.0,sell
DEV006668,phone,budget,100400.0,47,59,screen_crack,0.69,partially_functional,13610.0,29840.0,recycle
DEV006669,pc,budget,34700.0,89,15,dead_pixel,0.85,not_functional,4610.0,4300.0,recycle
DEV006670,laptop,mid,210600.0,43,57,none,0.0,fully_functional,87370.0,0.0,sell
DEV006671,phone,budget,91800.0,61,43,body_damage,0.33,partially_functional,12050.0,8210.0,recycle
DEV006672,laptop,mid,119100.0,48,64,none,0.0,fully_functional,43840.0,0.0,sell
DEV006673,laptop,mid,92300.0,23,70,dead_pixel,0.48,not_functional,43600.0,8220.0,sell
DEV006674,tablet,premium,84400.0,10,81,none,0.0,fully_functional,66160.0,0.0,sell
DEV006675,phone,budget,71200.0,11,94,dead_pixel,0.5,fully_functional,40610.0,7950.0,repair
DEV006676,laptop,mid,126900.0,40,47,body_damage,0.26,fully_functional,47600.0,12630.0,repair
DEV006677,pc,mid,83700.0,5,96,none,0.0,fully_functional,73040.0,0.0,sell
DEV006678,phone,budget,25200.0,29,59,screen_crack,0.48,fully_functional,7440.0,5080.0,sell
DEV006679,laptop,mid,59800.0,46,61,keyboard_damage,0.59,not_functional,16830.0,3400.0,recycle
DEV006680,tablet,premium,102100.0,54,38,none,0.0,fully_functional,29120.0,0.0,upgrade
DEV006681,pc,mid,93800.0,28,72,none,0.0,fully_functional,63630.0,0.0,sell
DEV006682,laptop,premium,65200.0,25,52,battery_issue,0.43,fully_functional,27780.0,4230.0,repair
DEV006683,pc,mid,155700.0,78,26,battery_issue,0.44,not_functional,38090.0,11880.0,upgrade
DEV006684,phone,budget,92600.0,27,76,screen_scratch,0.37,partially_functional,30220.0,2110.0,repair
DEV006685,laptop,premium,101000.0,45,67,battery_issue,0.61,partially_functional,26010.0,11220.0,sell
DEV006686,monitor,budget,21300.0,32,68,dead_pixel,0.86,partially_functional,8560.0,2580.0,repair
DEV006687,pc,mid,189900.0,39,71,body_damage,0.43,partially_functional,89620.0,23520.0,repair
DEV006688,laptop,mid,83100.0,61,45,none,0.0,fully_functional,24730.0,0.0,upgrade
DEV006689,laptop,premium,141300.0,51,72,none,0.0,fully_functional,50860.0,0.0,sell
DEV006690,laptop,premium,213300.0,43,65,screen_scratch,0.77,not_functional,51130.0,7810.0,sell
DEV006691,phone,budget,72500.0,36,72,none,0.0,fully_functional,23670.0,0.0,upgrade
DEV006692,pc,mid,113200.0,87,15,none,0.0,fully_functional,32360.0,0.0,upgrade
DEV006693,pc,budget,73500.0,35,51,none,0.0,fully_functional,39370.0,0.0,sell
DEV006694,laptop,mid,145600.0,29,88,screen_crack,0.43,not_functional,64500.0,33770.0,sell
DEV006695,phone,mid,108800.0,3,93,body_damage,0.86,not_functional,59150.0,22100.0,sell
DEV006696,phone,budget,98700.0,8,98,port_damage,0.48,fully_functional,59650.0,6090.0,repair
DEV006697,phone,premium,37300.0,11,92,screen_crack,0.93,fully_functional,13970.0,9850.0,sell
DEV006698,tablet,mid,23000.0,40,68,none,0.0,fully_functional,9620.0,0.0,sell
DEV006699,laptop,mid,217000.0,48,59,screen_crack,0.77,partially_functional,47780.0,49890.0,recycle
DEV006700,phone,premium,182600.0,16,79,port_damage,0.22,fully_functional,98980.0,7690.0,repair
DEV006701,tablet,mid,64100.0,8,99,none,0.0,fully_functional,47810.0,0.0,sell
DEV006702,monitor,mid,6600.0,24,90,screen_scratch,0.94,fully_functional,2430.0,310.0,repair
DEV006703,phone,budget,92200.0,32,55,screen_scratch,0.76,partially_functional,19690.0,3770.0,repair
DEV006704,laptop,budget,139400.0,6,100,body_damage,0.55,fully_functional,96680.0,16490.0,repair
DEV006705,laptop,budget,129700.0,7,94,body_damage,0.98,partially_functional,56730.0,23340.0,sell
DEV006706,phone,budget,12000.0,28,71,keyboard_damage,0.51,not_functional,3680.0,760.0,sell
DEV006707,laptop,budget,127500.0,35,81,port_damage,0.98,not_functional,32880.0,9590.0,sell
DEV006708,tablet,mid,70700.0,80,56,screen_crack,0.56,partially_functional,8600.0,14890.0,recycle
DEV006709,phone,mid,48700.0,19,76,battery_issue,0.62,fully_functional,16720.0,5420.0,repair
DEV006710,phone,budget,34100.0,19,92,screen_scratch,0.31,fully_functional,16960.0,680.0,repair
DEV006711,pc,mid,91200.0,67,32,keyboard_damage,0.52,partially_functional,24240.0,5230.0,repair
DEV006712,phone,premium,56800.0,3,100,port_damage,0.21,not_functional,47480.0,2460.0,sell
DEV006713,tablet,budget,62000.0,44,56,body_damage,0.45,not_functional,16190.0,8050.0,upgrade
DEV006714,tablet,mid,36500.0,30,76,none,0.0,fully_functional,19890.0,0.0,sell
DEV006715,pc,budget,37800.0,144,15,battery_issue,0.4,partially_functional,3880.0,1830.0,recycle
DEV006716,tablet,mid,40000.0,34,72,body_damage,0.3,fully_functional,16790.0,3250.0,repair
DEV006717,pc,mid,59200.0,61,44,dead_pixel,0.8,fully_functional,12660.0,7830.0,sell
DEV006718,tablet,budget,54500.0,17,90,none,0.0,fully_functional,36700.0,0.0,sell
DEV006719,laptop,budget,99600.0,36,75,battery_issue,0.76,partially_functional,31970.0,9990.0,repair
DEV006720,laptop,premium,38800.0,70,27,body_damage,0.81,not_functional,5020.0,6630.0,recycle
DEV006721,laptop,budget,31200.0,49,69,none,0.0,fully_functional,10190.0,0.0,sell
DEV006722,laptop,mid,55000.0,14,97,screen_crack,0.78,partially_functional,24550.0,17700.0,recycle
DEV006723,phone,mid,15200.0,72,25,port_damage,0.34,fully_functional,1280.0,710.0,recycle
DEV006724,laptop,budget,92200.0,40,62,battery_issue,0.57,partially_functional,30270.0,5340.0,repair
DEV006725,laptop,mid,123400.0,19,86,screen_crack,0.73,not_functional,52390.0,33830.0,sell
DEV006726,phone,mid,50600.0,15,66,screen_crack,0.63,not_functional,21440.0,12170.0,sell
DEV006727,phone,budget,67400.0,42,60,port_damage,0.22,not_functional,16330.0,2530.0,upgrade
DEV006728,pc,premium,60100.0,39,68,none,0.0,fully_functional,33230.0,0.0,sell
DEV006729,laptop,mid,148100.0,5,96,screen_crack,0.81,partially_functional,82630.0,32360.0,sell
DEV006730,pc,mid,123100.0,120,15,none,0.0,fully_functional,22570.0,0.0,upgrade
DEV006731,laptop,budget,40900.0,48,50,none,0.0,fully_functional,14330.0,0.0,sell
DEV006732,pc,budget,120800.0,39,75,dead_pixel,0.16,partially_functional,61890.0,5770.0,repair
DEV006733,pc,mid,191100.0,32,79,none,0.0,fully_functional,111840.0,0.0,sell
DEV006734,phone,mid,22800.0,18,86,dead_pixel,0.49,fully_functional,10100.0,2580.0,repair
DEV006735,monitor,budget,4700.0,154,15,body_damage,0.98,partially_functional,370.0,720.0,recycle
DEV006736,phone,mid,97800.0,64,43,port_damage,0.56,not_functional,9730.0,4330.0,recycle
DEV006737,laptop,mid,201100.0,106,15,battery_issue,0.86,partially_functional,12630.0,22540.0,recycle
DEV006738,pc,budget,50900.0,113,15,port_damage,0.38,fully_functional,7990.0,2280.0,repair
DEV006739,phone,mid,99700.0,21,66,screen_crack,0.58,partially_functional,34720.0,25890.0,sell
DEV006740,laptop,mid,157200.0,45,59,none,0.0,fully_functional,57000.0,0.0,sell
DEV006741,laptop,mid,25700.0,25,87,screen_scratch,0.56,partially_functional,11560.0,890.0,repair
DEV006742,phone,mid,9700.0,72,41,screen_crack,0.38,fully_functional,870.0,1570.0,recycle
DEV006743,phone,mid,137400.0,12,100,none,0.0,fully_functional,109080.0,0.0,sell
DEV006744,phone,premium,149900.0,18,65,body_damage,0.81,not_functional,46460.0,24780.0,repair
DEV006745,phone,premium,51800.0,13,100,screen_scratch,0.47,not_functional,25960.0,1450.0,sell
DEV006746,tablet,budget,59200.0,12,100,screen_crack,0.58,partially_functional,31060.0,15430.0,sell
DEV006747,laptop,mid,221700.0,29,68,body_damage,0.57,partially_functional,84410.0,33070.0,sell
DEV006748,laptop,premium,273400.0,95,33,screen_scratch,0.74,partially_functional,25490.0,8910.0,repair
DEV006749,tablet,premium,130600.0,78,22,none,0.0,fully_functional,21610.0,0.0,upgrade
DEV006750,phone,budget,97900.0,33,65,screen_crack,0.94,partially_functional,19620.0,28550.0,recycle
DEV006751,phone,budget,74100.0,9,77,battery_issue,0.16,partially_functional,50100.0,3660.0,repair
DEV006752,pc,budget,72200.0,51,41,screen_crack,0.43,fully_functional,23690.0,11130.0,sell
DEV006753,monitor,premium,69400.0,71,52,battery_issue,0.86,partially_functional,16790.0,8020.0,sell
DEV006754,laptop,premium,71500.0,35,78,screen_scratch,0.27,fully_functional,27380.0,2360.0,repair
DEV006755,phone,premium,224300.0,27,89,body_damage,0.81,not_functional,58910.0,37470.0,sell
DEV006756,pc,budget,71400.0,23,75,none,0.0,fully_functional,48970.0,0.0,sell
DEV006757,pc,premium,84000.0,144,15,screen_crack,0.49,partially_functional,8500.0,21840.0,recycle
DEV006758,laptop,budget,99800.0,1,100,screen_crack,0.18,partially_functional,91140.0,13250.0,repair
DEV006759,phone,mid,38100.0,50,59,none,0.0,fully_functional,7780.0,0.0,upgrade
DEV006760,phone,budget,19500.0,11,83,none,0.0,fully_functional,13060.0,0.0,sell
DEV006761,laptop,mid,199700.0,38,65,screen_scratch,0.67,partially_functional,59790.0,7780.0,repair
DEV006762,monitor,mid,57000.0,12,86,none,0.0,fully_functional,49550.0,0.0,sell
DEV006763,tablet,budget,17300.0,55,60,port_damage,0.26,fully_functional,4520.0,680.0,repair
DEV006764,phone,budget,8000.0,11,94,battery_issue,0.18,fully_functional,5100.0,540.0,repair
DEV006765,tablet,premium,18000.0,15,93,screen_crack,0.31,fully_functional,10970.0,2460.0,repair
DEV006766,pc,budget,22200.0,94,15,none,0.0,fully_functional,5040.0,0.0,upgrade
DEV006767,laptop,mid,52600.0,52,46,screen_scratch,0.94,partially_functional,8620.0,2670.0,repair
DEV006768,pc,budget,32300.0,101,19,body_damage,0.31,partially_functional,5510.0,2330.0,recycle
DEV006769,laptop,budget,74500.0,120,15,none,0.0,fully_functional,6080.0,0.0,upgrade
DEV006770,phone,budget,42800.0,50,63,body_damage,0.89,not_functional,5430.0,6840.0,recycle
DEV006771,laptop,mid,192700.0,11,80,screen_scratch,0.78,partially_functional,96890.0,8370.0,repair
DEV006772,laptop,mid,155200.0,15,80,dead_pixel,0.72,not_functional,73120.0,18960.0,sell
DEV006773,monitor,budget,27800.0,40,68,body_damage,0.26,fully_functional,15360.0,2330.0,repair
DEV006774,laptop,premium,301600.0,49,48,screen_crack,0.38,not_functional,88100.0,59080.0,sell
DEV006775,laptop,budget,50800.0,21,77,body_damage,0.18,partially_functional,29640.0,4420.0,repair
DEV006776,laptop,mid,201400.0,17,78,body_damage,0.26,fully_functional,105540.0,17920.0,repair
DEV006777,laptop,budget,163200.0,66,32,body_damage,0.94,not_functional,23110.0,35080.0,recycle
DEV006778,laptop,premium,356200.0,27,86,screen_crack,0.56,fully_functional,148890.0,83490.0,sell
DEV006779,tablet,budget,53900.0,28,76,body_damage,0.93,partially_functional,15040.0,10280.0,sell
DEV006780,laptop,mid,235200.0,59,58,none,0.0,fully_functional,75530.0,0.0,upgrade
DEV006781,laptop,mid,145400.0,11,91,screen_crack,0.88,partially_functional,65400.0,46550.0,sell
DEV006782,tablet,mid,46300.0,24,95,screen_crack,0.77,not_functional,19450.0,11950.0,sell
DEV006783,phone,premium,113900.0,30,75,none,0.0,fully_functional,43070.0,0.0,sell
DEV006784,tablet,budget,47600.0,84,30,none,0.0,fully_functional,7250.0,0.0,upgrade
DEV006785,laptop,mid,232300.0,99,15,screen_crack,0.24,fully_functional,24910.0,34080.0,recycle
DEV006786,laptop,premium,232800.0,93,20,keyboard_damage,0.19,partially_functional,29720.0,8900.0,repair
DEV006787,tablet,premium,53300.0,2,95,none,0.0,fully_functional,48200.0,0.0,sell
DEV006788,pc,mid,30800.0,95,15,screen_crack,0.91,not_functional,3850.0,8290.0,recycle
DEV006789,pc,mid,82200.0,23,79,keyboard_damage,0.45,partially_functional,48140.0,3490.0,repair
DEV006790,laptop,mid,28400.0,70,31,keyboard_damage,0.24,fully_functional,5700.0,1480.0,repair
DEV006791,phone,mid,50300.0,12,96,battery_issue,0.86,not_functional,20570.0,5770.0,sell
DEV006792,tablet,premium,106200.0,48,61,none,0.0,fully_functional,32660.0,0.0,upgrade
DEV006793,laptop,premium,206400.0,28,80,screen_scratch,0.9,fully_functional,59020.0,9270.0,repair
DEV006794,tablet,mid,88900.0,48,76,dead_pixel,0.99,partially_functional,15070.0,11340.0,upgrade
DEV006795,laptop,mid,122200.0,22,78,port_damage,0.84,partially_functional,43510.0,9190.0,repair
DEV006796,pc,mid,137200.0,15,87,screen_crack,0.69,not_functional,71690.0,34880.0,sell
DEV006797,phone,budget,66900.0,15,79,screen_crack,0.98,partially_functional,21210.0,23680.0,recycle
DEV006798,laptop,premium,151300.0,67,31,none,0.0,fully_functional,37350.0,0.0,upgrade
DEV006799,phone,mid,78800.0,16,77,screen_crack,0.53,fully_functional,36750.0,14660.0,sell
DEV006800,laptop,budget,148600.0,17,80,body_damage,0.72,partially_functional,66290.0,19450.0,repair
DEV006801,tablet,mid,49600.0,43,68,screen_scratch,0.83,not_functional,10540.0,2070.0,sell
DEV006802,laptop,budget,28500.0,89,15,none,0.0,fully_functional,4370.0,0.0,upgrade
DEV006803,laptop,budget,39100.0,20,95,none,0.0,fully_functional,27030.0,0.0,sell
DEV006804,pc,mid,173100.0,51,54,battery_issue,0.97,partially_functional,42480.0,24210.0,sell
DEV006805,pc,mid,77500.0,26,77,body_damage,0.67,not_functional,37170.0,13010.0,sell
DEV006806,laptop,mid,112700.0,95,23,dead_pixel,0.91,partially_functional,8250.0,19320.0,recycle
DEV006807,monitor,budget,24500.0,66,41,none,0.0,fully_functional,11140.0,0.0,sell
DEV006808,laptop,mid,145800.0,41,55,port_damage,0.65,fully_functional,37550.0,6960.0,repair
DEV006809,pc,budget,54500.0,12,82,none,0.0,fully_functional,46230.0,0.0,sell
DEV006810,phone,premium,198800.0,16,73,none,0.0,fully_functional,112210.0,0.0,sell
DEV006811,phone,budget,84200.0,59,52,screen_crack,0.22,fully_functional,12140.0,12870.0,recycle
DEV006812,phone,premium,173200.0,2,96,screen_scratch,0.86,partially_functional,93670.0,7970.0,repair
DEV006813,phone,budget,75800.0,22,76,none,0.0,fully_functional,37000.0,0.0,sell
DEV006814,laptop,budget,25600.0,91,15,none,0.0,fully_functional,3530.0,0.0,upgrade
DEV006815,phone,mid,134900.0,49,71,body_damage,0.19,partially_functional,26540.0,12780.0,recycle
DEV006816,tablet,mid,56600.0,70,44,none,0.0,fully_functional,11610.0,0.0,upgrade
DEV006817,phone,premium,203500.0,14,79,body_damage,0.42,fully_functional,104430.0,21420.0,repair
DEV006818,phone,mid,139600.0,72,41,none,0.0,fully_functional,16220.0,0.0,upgrade
DEV006819,monitor,budget,32800.0,35,58,none,0.0,fully_functional,19910.0,0.0,sell
DEV006820,tablet,budget,34700.0,40,64,screen_crack,0.21,fully_functional,11400.0,6010.0,sell
DEV006821,monitor,mid,34200.0,136,15,body_damage,0.91,not_functional,3620.0,5210.0,recycle
DEV006822,laptop,budget,166000.0,39,68,screen_crack,0.29,not_functional,57690.0,21610.0,sell
DEV006823,phone,premium,55800.0,12,90,dead_pixel,0.49,fully_functional,31390.0,6580.0,repair
DEV006824,laptop,mid,198400.0,42,64,none,0.0,fully_functional,85650.0,0.0,sell
DEV006825,laptop,mid,98200.0,1,90,none,0.0,fully_functional,88820.0,0.0,sell
DEV006826,phone,premium,224100.0,2,97,screen_scratch,0.72,not_functional,123640.0,8140.0,sell
DEV006827,pc,budget,38100.0,45,60,screen_crack,0.41,partially_functional,14820.0,7930.0,sell
DEV006828,tablet,mid,79700.0,52,50,none,0.0,fully_functional,24320.0,0.0,upgrade
DEV006829,tablet,premium,19600.0,6,99,screen_scratch,0.49,fully_functional,12570.0,560.0,repair
DEV006830,laptop,mid,131600.0,26,82,screen_crack,0.7,not_functional,52340.0,34310.0,sell
DEV006831,tablet,mid,71500.0,27,76,screen_scratch,0.25,partially_functional,35230.0,1690.0,repair
DEV006832,phone,premium,49700.0,29,75,port_damage,0.77,fully_functional,12050.0,3280.0,repair
DEV006833,monitor,budget,38700.0,130,15,screen_scratch,0.41,fully_functional,6480.0,620.0,repair
DEV006834,laptop,premium,277300.0,104,15,battery_issue,0.49,fully_functional,25010.0,21740.0,recycle
DEV006835,phone,budget,30400.0,46,54,none,0.0,fully_functional,7300.0,0.0,upgrade
DEV006836,phone,mid,83500.0,3,86,screen_scratch,0.95,partially_functional,39620.0,3240.0,repair
DEV006837,tablet,budget,43700.0,36,84,body_damage,0.51,partially_functional,14560.0,5660.0,sell
DEV006838,monitor,mid,20100.0,59,50,screen_crack,0.87,partially_functional,5880.0,6990.0,recycle
DEV006839,pc,budget,39200.0,13,81,screen_crack,0.61,partially_functional,20880.0,9710.0,sell
DEV006840,tablet,budget,59400.0,46,78,port_damage,0.34,not_functional,17780.0,2540.0,upgrade
DEV006841,monitor,mid,48000.0,51,55,none,0.0,fully_functional,26040.0,0.0,sell
DEV006842,tablet,budget,51400.0,22,91,none,0.0,fully_functional,31460.0,0.0,sell
DEV006843,phone,mid,12100.0,25,77,screen_scratch,0.82,partially_functional,3220.0,510.0,repair
DEV006844,tablet,budget,54400.0,47,65,battery_issue,0.71,not_functional,11320.0,4920.0,recycle
DEV006845,phone,budget,103700.0,48,78,none,0.0,fully_functional,24200.0,0.0,upgrade
DEV006846,phone,budget,48800.0,28,76,battery_issue,0.33,not_functional,19130.0,3490.0,sell
DEV006847,laptop,mid,216200.0,64,39,keyboard_damage,0.39,fully_functional,43660.0,12160.0,repair
DEV006848,phone,budget,65800.0,22,71,port_damage,0.19,partially_functional,30970.0,2430.0,repair
DEV006849,monitor,budget,15100.0,4,89,dead_pixel,0.78,partially_functional,8340.0,1480.0,repair
DEV006850,monitor,mid,16700.0,83,26,port_damage,0.88,fully_functional,2990.0,1230.0,upgrade
DEV006851,laptop,mid,160600.0,64,49,body_damage,0.27,not_functional,35360.0,11270.0,upgrade
DEV006852,tablet,mid,18500.0,63,36,none,0.0,fully_functional,4340.0,0.0,upgrade
DEV006853,laptop,budget,70000.0,24,73,screen_crack,0.19,fully_functional,33540.0,13720.0,sell
DEV006854,phone,premium,134400.0,32,75,screen_crack,0.89,partially_functional,30180.0,44590.0,recycle
DEV006855,phone,mid,84700.0,7,88,dead_pixel,0.38,fully_functional,55510.0,7820.0,repair
DEV006856,phone,mid,112200.0,10,89,keyboard_damage,0.58,partially_functional,56900.0,6360.0,repair
DEV006857,phone,budget,8500.0,6,100,none,0.0,fully_functional,6880.0,0.0,sell
DEV006858,phone,budget,15700.0,34,71,screen_scratch,0.98,partially_functional,2710.0,730.0,repair
DEV006859,phone,mid,22600.0,30,61,battery_issue,0.84,not_functional,5220.0,1580.0,sell
DEV006860,phone,budget,81700.0,67,39,body_damage,0.74,partially_functional,5780.0,10920.0,recycle
DEV006861,monitor,mid,36600.0,29,65,screen_crack,0.91,not_functional,13300.0,11820.0,recycle
DEV006862,phone,budget,49200.0,14,93,screen_crack,0.37,fully_functional,27870.0,9100.0,repair
DEV006863,phone,budget,41900.0,53,51,screen_crack,0.93,not_functional,3810.0,15320.0,recycle
DEV006864,laptop,budget,59800.0,7,93,none,0.0,fully_functional,49930.0,0.0,sell
DEV006865,laptop,budget,120500.0,46,48,body_damage,0.91,not_functional,22220.0,20920.0,recycle
DEV006866,laptop,mid,75800.0,32,70,screen_crack,0.91,partially_functional,19670.0,21300.0,recycle
DEV006867,phone,budget,89200.0,21,81,screen_crack,0.95,partially_functional,24590.0,29130.0,recycle
DEV006868,tablet,mid,48800.0,53,61,none,0.0,fully_functional,15250.0,0.0,repair
DEV006869,laptop,budget,113700.0,17,83,body_damage,0.82,fully_functional,45790.0,18170.0,sell
DEV006870,tablet,mid,59300.0,51,44,none,0.0,fully_functional,16290.0,0.0,upgrade
DEV006871,laptop,premium,338800.0,46,54,dead_pixel,0.16,fully_functional,111470.0,17060.0,repair
DEV006872,laptop,premium,298100.0,40,64,keyboard_damage,0.92,not_functional,70810.0,33240.0,sell
DEV006873,laptop,mid,57100.0,13,85,port_damage,0.84,partially_functional,24930.0,5820.0,sell
DEV006874,phone,mid,46600.0,13,98,keyboard_damage,0.6,not_functional,21090.0,2840.0,sell
DEV006875,laptop,mid,126700.0,22,91,none,0.0,fully_functional,80650.0,0.0,sell
DEV006876,phone,premium,133800.0,30,61,port_damage,0.86,fully_functional,29850.0,10320.0,repair
DEV006877,phone,mid,118400.0,31,68,dead_pixel,0.87,partially_functional,25330.0,18090.0,sell
DEV006878,tablet,budget,11700.0,20,85,none,0.0,fully_functional,7070.0,0.0,sell
DEV006879,phone,mid,117100.0,22,82,body_damage,0.72,not_functional,38440.0,14710.0,sell
DEV006880,phone,budget,79000.0,14,97,none,0.0,fully_functional,51130.0,0.0,sell
DEV006881,tablet,mid,17700.0,32,79,none,0.0,fully_functional,8410.0,0.0,sell
DEV006882,laptop,budget,123400.0,62,57,screen_scratch,0.16,fully_functional,32280.0,1990.0,repair
DEV006883,pc,budget,42100.0,56,47,none,0.0,fully_functional,17020.0,0.0,sell
DEV006884,monitor,mid,57500.0,168,15,screen_crack,0.52,fully_functional,5730.0,14850.0,recycle
DEV006885,monitor,mid,42500.0,64,54,screen_scratch,0.87,not_functional,11450.0,2150.0,sell
DEV006886,laptop,mid,150400.0,53,53,screen_crack,0.76,partially_functional,34360.0,36010.0,recycle
DEV006887,phone,premium,176000.0,48,64,body_damage,0.72,partially_functional,23500.0,35200.0,recycle
DEV006888,tablet,premium,72700.0,3,93,battery_issue,0.74,partially_functional,40350.0,5660.0,repair
DEV006889,tablet,mid,24200.0,73,15,screen_crack,0.85,partially_functional,2510.0,5910.0,recycle
DEV006890,tablet,premium,54800.0,35,81,none,0.0,fully_functional,23880.0,0.0,sell
DEV006891,phone,budget,19400.0,41,67,none,0.0,fully_functional,5420.0,0.0,upgrade
DEV006892,phone,budget,81600.0,7,94,screen_crack,0.98,fully_functional,36510.0,31120.0,recycle
DEV006893,phone,premium,93300.0,8,84,none,0.0,fully_functional,68190.0,0.0,sell
DEV006894,phone,mid,18800.0,48,41,none,0.0,fully_functional,3910.0,0.0,upgrade
DEV006895,phone,premium,130200.0,41,64,none,0.0,fully_functional,33910.0,0.0,upgrade
DEV006896,monitor,budget,13400.0,168,15,keyboard_damage,0.81,not_functional,1140.0,840.0,recycle
DEV006897,phone,budget,41000.0,8,91,screen_crack,0.38,fully_functional,23440.0,5810.0,repair
DEV006898,tablet,budget,9500.0,42,73,port_damage,0.27,partially_functional,3120.0,240.0,repair
DEV006899,monitor,mid,41100.0,38,54,screen_crack,0.63,partially_functional,15490.0,9640.0,sell
DEV006900,laptop,premium,137500.0,38,62,none,0.0,fully_functional,60110.0,0.0,sell
DEV006901,laptop,mid,148400.0,22,80,body_damage,0.72,partially_functional,65420.0,18240.0,repair
DEV006902,tablet,budget,21500.0,34,72,screen_crack,0.73,partially_functional,6410.0,3720.0,sell
DEV006903,phone,budget,19400.0,17,80,keyboard_damage,0.31,partially_functional,9620.0,1050.0,repair
DEV006904,laptop,budget,163600.0,22,71,screen_scratch,0.33,fully_functional,84870.0,4630.0,repair
DEV006905,pc,mid,38000.0,80,44,none,0.0,fully_functional,12020.0,0.0,recycle
DEV006906,tablet,mid,52000.0,24,73,screen_scratch,0.55,not_functional,22700.0,1300.0,sell
DEV006907,pc,budget,85900.0,24,76,screen_crack,0.53,partially_functional,45550.0,21270.0,sell
DEV006908,monitor,mid,12500.0,31,82,screen_crack,0.16,partially_functional,7450.0,1240.0,repair
DEV006909,laptop,mid,183400.0,28,59,dead_pixel,0.96,partially_functional,52750.0,20600.0,sell
DEV006910,tablet,budget,41400.0,30,78,body_damage,0.5,fully_functional,16010.0,5940.0,sell
DEV006911,tablet,mid,79800.0,42,58,none,0.0,fully_functional,30530.0,0.0,sell
DEV006912,tablet,mid,80000.0,24,76,none,0.0,fully_functional,41120.0,0.0,sell
DEV006913,tablet,mid,45000.0,26,81,none,0.0,fully_functional,25100.0,0.0,sell
DEV006914,tablet,budget,25800.0,22,73,dead_pixel,0.37,fully_functional,12300.0,2580.0,repair
DEV006915,pc,budget,72000.0,42,55,screen_scratch,0.86,not_functional,20640.0,2830.0,sell
DEV006916,phone,mid,50900.0,29,72,body_damage,0.88,partially_functional,12070.0,9510.0,sell
DEV006917,tablet,budget,8600.0,15,90,battery_issue,0.5,fully_functional,4240.0,620.0,repair
DEV006918,phone,premium,34000.0,3,100,screen_scratch,0.8,not_functional,21570.0,1060.0,sell
DEV006919,laptop,mid,119700.0,77,26,none,0.0,fully_functional,21710.0,0.0,upgrade
DEV006920,pc,mid,116100.0,38,76,body_damage,0.96,not_functional,36240.0,17230.0,sell
DEV006921,pc,mid,47100.0,29,63,dead_pixel,0.16,fully_functional,27430.0,2790.0,repair
DEV006922,laptop,budget,31600.0,30,71,battery_issue,0.32,not_functional,14870.0,1750.0,sell
DEV006923,laptop,budget,138400.0,97,15,none,0.0,fully_functional,19180.0,0.0,upgrade
DEV006924,phone,budget,5700.0,8,83,dead_pixel,0.41,not_functional,3350.0,570.0,sell
DEV006925,phone,mid,137300.0,8,90,keyboard_damage,0.41,partially_functional,85100.0,7830.0,repair
DEV006926,phone,mid,119600.0,22,64,battery_issue,0.42,partially_functional,44160.0,7240.0,sell
DEV006927,monitor,premium,15600.0,35,80,battery_issue,0.95,not_functional,5150.0,2250.0,sell
DEV006928,phone,mid,76100.0,30,65,none,0.0,fully_functional,29100.0,0.0,sell
DEV006929,monitor,mid,28000.0,55,41,none,0.0,fully_functional,13240.0,0.0,sell
DEV006930,phone,budget,39500.0,2,100,battery_issue,0.64,not_functional,25390.0,2090.0,sell
DEV006931,tablet,budget,20700.0,77,32,screen_scratch,0.7,not_functional,2220.0,690.0,recycle
DEV006932,laptop,premium,78800.0,40,68,none,0.0,fully_functional,35030.0,0.0,sell
DEV006933,tablet,budget,56800.0,40,66,none,0.0,fully_functional,23620.0,0.0,sell
DEV006934,tablet,premium,118500.0,26,69,body_damage,0.64,not_functional,40620.0,16780.0,sell
DEV006935,tablet,budget,56900.0,58,45,body_damage,0.42,fully_functional,11990.0,6390.0,upgrade
DEV006936,monitor,mid,28600.0,109,15,screen_crack,0.59,fully_functional,5410.0,5890.0,recycle
DEV006937,laptop,budget,128300.0,52,46,body_damage,0.64,partially_functional,26620.0,17200.0,repair
DEV006938,phone,mid,82300.0,36,75,screen_crack,0.33,fully_functional,23040.0,15320.0,upgrade
DEV006939,phone,budget,61300.0,11,89,body_damage,0.72,not_functional,28390.0,7880.0,sell
DEV006940,tablet,mid,80900.0,34,57,none,0.0,fully_functional,36840.0,0.0,sell
DEV006941,laptop,premium,351700.0,44,67,none,0.0,fully_functional,148880.0,0.0,sell
DEV006942,laptop,mid,248600.0,48,58,none,0.0,fully_functional,96330.0,0.0,sell
DEV006943,laptop,budget,114200.0,105,15,screen_crack,0.34,not_functional,10560.0,26340.0,recycle
DEV006944,laptop,mid,40400.0,12,77,screen_crack,0.89,partially_functional,15950.0,11290.0,sell
DEV006945,pc,mid,122000.0,144,15,battery_issue,0.2,fully_functional,14120.0,5550.0,recycle
DEV006946,tablet,budget,22000.0,48,54,body_damage,0.44,partially_functional,6010.0,2780.0,upgrade
DEV006947,tablet,mid,70100.0,48,53,none,0.0,fully_functional,21830.0,0.0,upgrade
DEV006948,tablet,premium,55300.0,65,33,none,0.0,fully_functional,12190.0,0.0,upgrade
DEV006949,pc,mid,143700.0,73,30,body_damage,0.59,partially_functional,34550.0,12720.0,upgrade
DEV006950,laptop,mid,106300.0,23,86,dead_pixel,0.94,not_functional,36630.0,16000.0,sell
DEV006951,monitor,mid,47700.0,105,15,port_damage,0.63,partially_functional,8870.0,2340.0,repair
DEV006952,phone,mid,38600.0,20,89,body_damage,0.83,not_functional,12350.0,6280.0,sell
DEV006953,tablet,budget,14800.0,95,15,screen_crack,0.84,not_functional,930.0,3990.0,recycle
DEV006954,tablet,mid,44200.0,19,66,none,0.0,fully_functional,29490.0,0.0,sell
DEV006955,laptop,budget,131400.0,75,30,body_damage,0.79,partially_functional,17670.0,22110.0,recycle
DEV006956,phone,budget,56600.0,16,95,keyboard_damage,0.68,partially_functional,25050.0,2770.0,repair
DEV006957,laptop,budget,125000.0,14,79,screen_scratch,0.19,partially_functional,84450.0,2130.0,repair
DEV006958,laptop,premium,68500.0,96,15,screen_crack,0.46,partially_functional,6670.0,17550.0,recycle
DEV006959,monitor,budget,37000.0,70,26,none,0.0,fully_functional,14340.0,0.0,sell
DEV006960,laptop,budget,127800.0,120,15,screen_crack,0.22,fully_functional,9520.0,21820.0,recycle
DEV006961,phone,budget,64300.0,38,63,body_damage,0.24,fully_functional,18040.0,7550.0,upgrade
DEV006962,laptop,budget,108700.0,47,58,screen_crack,0.88,not_functional,23100.0,38020.0,recycle
DEV006963,laptop,premium,40800.0,92,15,dead_pixel,0.84,partially_functional,3410.0,5420.0,recycle
DEV006964,phone,mid,53600.0,16,80,screen_crack,0.71,not_functional,20600.0,11490.0,sell
DEV006965,laptop,mid,61900.0,34,58,screen_scratch,1.0,partially_functional,12770.0,3290.0,repair
DEV006966,laptop,mid,245700.0,29,70,screen_crack,0.66,partially_functional,94270.0,74230.0,sell
DEV006967,phone,budget,24800.0,33,54,battery_issue,0.23,partially_functional,7390.0,1480.0,repair
DEV006968,laptop,mid,64800.0,22,66,none,0.0,fully_functional,40910.0,0.0,sell
DEV006969,laptop,premium,318400.0,72,38,screen_scratch,0.91,partially_functional,37550.0,14040.0,upgrade
DEV006970,pc,mid,171600.0,33,72,dead_pixel,0.91,not_functional,62180.0,24430.0,sell
DEV006971,laptop,mid,94800.0,21,81,body_damage,0.56,not_functional,42780.0,14230.0,sell
DEV006972,phone,mid,68000.0,15,75,screen_scratch,0.87,fully_functional,23130.0,3000.0,repair
DEV006973,monitor,premium,76500.0,58,54,screen_crack,0.44,not_functional,28740.0,17630.0,sell
DEV006974,laptop,budget,80400.0,108,15,body_damage,0.67,partially_functional,5180.0,7650.0,recycle
DEV006975,phone,mid,98000.0,50,54,battery_issue,0.76,not_functional,12920.0,10410.0,recycle
DEV006976,pc,budget,72500.0,17,84,none,0.0,fully_functional,58540.0,0.0,sell
DEV006977,phone,mid,61200.0,30,66,screen_crack,0.45,partially_functional,18550.0,11710.0,sell
DEV006978,pc,premium,294200.0,32,64,none,0.0,fully_functional,199000.0,0.0,sell
DEV006979,tablet,mid,23900.0,96,15,none,0.0,fully_functional,2450.0,0.0,upgrade
DEV006980,monitor,budget,22300.0,168,15,keyboard_damage,0.74,partially_functional,1770.0,1840.0,recycle
DEV006981,monitor,mid,33800.0,168,15,none,0.0,fully_functional,4380.0,0.0,upgrade
DEV006982,phone,premium,219200.0,0,100,screen_scratch,0.61,fully_functional,152980.0,5310.0,repair
DEV006983,pc,mid,94000.0,144,15,screen_scratch,0.46,partially_functional,10050.0,2640.0,repair
DEV006984,phone,premium,124000.0,59,49,none,0.0,fully_functional,19830.0,0.0,upgrade
DEV006985,tablet,premium,21300.0,7,100,none,0.0,fully_functional,18040.0,0.0,sell
DEV006986,laptop,premium,42900.0,28,94,dead_pixel,0.69,not_functional,17840.0,4900.0,sell
DEV006987,phone,budget,39000.0,56,49,screen_crack,0.69,not_functional,4390.0,9760.0,recycle
DEV006988,phone,mid,20100.0,72,26,screen_scratch,0.19,partially_functional,1710.0,570.0,repair
DEV006989,phone,premium,55400.0,8,100,battery_issue,0.98,not_functional,23640.0,7480.0,sell
DEV006990,phone,premium,187500.0,72,24,none,0.0,fully_functional,19340.0,0.0,upgrade
DEV006991,phone,budget,56600.0,28,63,none,0.0,fully_functional,22990.0,0.0,sell
DEV006992,monitor,budget,7600.0,17,80,screen_scratch,0.43,partially_functional,5110.0,190.0,repair
DEV006993,laptop,budget,96300.0,43,47,none,0.0,fully_functional,36890.0,0.0,sell
DEV006994,pc,mid,196600.0,103,15,none,0.0,fully_functional,42830.0,0.0,upgrade
DEV006995,pc,premium,152900.0,83,17,dead_pixel,0.43,fully_functional,31480.0,12120.0,upgrade
DEV006996,tablet,mid,55300.0,96,15,keyboard_damage,0.18,partially_functional,5200.0,2560.0,recycle
DEV006997,laptop,budget,129500.0,63,46,battery_issue,0.46,partially_functional,25980.0,12480.0,upgrade
DEV006998,pc,budget,33700.0,127,15,screen_crack,0.64,not_functional,3810.0,8430.0,recycle
DEV006999,tablet,premium,47600.0,26,77,screen_crack,0.97,not_functional,13040.0,14750.0,recycle
DEV007000,tablet,budget,12900.0,10,90,none,0.0,fully_functional,10170.0,0.0,sell
DEV007001,monitor,budget,30500.0,68,33,dead_pixel,0.67,not_functional,8090.0,3610.0,sell
DEV007002,laptop,budget,60400.0,66,36,battery_issue,0.74,fully_functional,9250.0,7880.0,recycle
DEV007003,laptop,premium,137700.0,46,61,battery_issue,0.77,partially_functional,31190.0,14910.0,sell
DEV007004,pc,mid,191800.0,91,15,keyboard_damage,0.45,fully_functional,36530.0,10320.0,repair
DEV007005,laptop,budget,169000.0,13,91,none,0.0,fully_functional,122370.0,0.0,sell
DEV007006,pc,budget,86900.0,24,79,screen_scratch,0.64,not_functional,41360.0,3390.0,sell
DEV007007,phone,premium,135900.0,72,44,battery_issue,0.72,partially_functional,9350.0,11380.0,recycle
DEV007008,phone,mid,106500.0,9,81,screen_crack,0.86,partially_functional,44490.0,33080.0,sell
DEV007009,laptop,mid,203400.0,48,58,screen_crack,0.46,fully_functional,58840.0,43110.0,sell
DEV007010,phone,budget,66600.0,15,78,screen_crack,0.18,fully_functional,40310.0,8240.0,repair
DEV007011,monitor,budget,14000.0,82,22,screen_crack,0.83,partially_functional,2520.0,3840.0,recycle
DEV007012,phone,premium,71500.0,42,60,screen_crack,0.3,partially_functional,15920.0,11670.0,sell
DEV007013,tablet,mid,26800.0,89,23,screen_scratch,0.57,not_functional,2330.0,800.0,recycle
DEV007014,phone,mid,75100.0,11,87,screen_scratch,0.81,partially_functional,31910.0,3780.0,repair
DEV007015,monitor,premium,85900.0,45,56,battery_issue,0.71,not_functional,31680.0,8340.0,sell
DEV007016,laptop,budget,25800.0,62,52,body_damage,0.33,fully_functional,5620.0,2700.0,upgrade
DEV007017,phone,premium,72100.0,25,74,screen_crack,0.53,partially_functional,24400.0,17950.0,sell
DEV007018,phone,budget,64800.0,24,73,battery_issue,0.34,partially_functional,26080.0,4310.0,repair
DEV007019,laptop,budget,124000.0,25,75,screen_crack,0.88,not_functional,41660.0,35140.0,recycle
DEV007020,monitor,premium,84100.0,35,72,port_damage,0.98,partially_functional,27170.0,7610.0,repair
DEV007021,monitor,premium,13800.0,99,18,screen_crack,0.44,fully_functional,3100.0,3490.0,recycle
DEV007022,phone,mid,22100.0,17,75,screen_scratch,0.64,not_functional,8470.0,860.0,sell
DEV007023,laptop,mid,216300.0,1,90,none,0.0,fully_functional,215360.0,0.0,sell
DEV007024,phone,premium,113800.0,22,81,screen_scratch,0.69,partially_functional,38300.0,4280.0,repair
DEV007025,laptop,mid,94100.0,22,72,none,0.0,fully_functional,57260.0,0.0,sell
DEV007026,laptop,budget,77400.0,26,70,none,0.0,fully_functional,41160.0,0.0,sell
DEV007027,phone,mid,126200.0,72,39,body_damage,0.87,partially_functional,7550.0,17080.0,recycle
DEV007028,tablet,mid,18200.0,67,45,body_damage,0.56,fully_functional,2670.0,2590.0,recycle
DEV007029,pc,mid,86000.0,144,15,keyboard_damage,0.29,partially_functional,9110.0,5080.0,upgrade
DEV007030,phone,premium,156900.0,9,100,screen_crack,0.18,partially_functional,108650.0,19500.0,repair
DEV007031,phone,mid,110300.0,20,94,screen_crack,0.46,fully_functional,47080.0,29430.0,sell
DEV007032,phone,budget,10000.0,23,68,screen_scratch,0.22,fully_functional,3940.0,240.0,repair
DEV007033,phone,budget,58500.0,18,77,screen_scratch,0.35,not_functional,26730.0,1320.0,upgrade
DEV007034,phone,premium,81400.0,27,76,none,0.0,fully_functional,34670.0,0.0,sell
DEV007035,tablet,budget,17000.0,16,76,body_damage,0.26,fully_functional,9640.0,1910.0,repair
DEV007036,phone,premium,25600.0,15,89,port_damage,0.32,fully_functional,13410.0,1240.0,repair
DEV007037,tablet,budget,9500.0,10,82,screen_crack,0.33,fully_functional,6330.0,2050.0,repair
DEV007038,pc,budget,100300.0,62,33,none,0.0,fully_functional,37180.0,0.0,sell
DEV007039,monitor,premium,52300.0,104,15,keyboard_damage,0.43,partially_functional,11070.0,2510.0,repair
DEV007040,tablet,mid,37800.0,20,82,none,0.0,fully_functional,23780.0,0.0,sell
DEV007041,phone,premium,49000.0,11,89,screen_scratch,0.22,partially_functional,32430.0,1080.0,repair
DEV007042,phone,budget,24600.0,24,71,screen_crack,0.53,not_functional,8690.0,5390.0,sell
DEV007043,phone,mid,85900.0,18,100,body_damage,0.25,partially_functional,44600.0,7020.0,repair
DEV007044,monitor,mid,47800.0,106,15,body_damage,0.87,not_functional,6700.0,6670.0,recycle
DEV007045,monitor,premium,73600.0,116,15,screen_crack,0.37,partially_functional,14270.0,15590.0,recycle
DEV007046,laptop,budget,162000.0,4,94,none,0.0,fully_functional,144060.0,0.0,sell
DEV007047,phone,budget,34500.0,18,92,body_damage,0.9,not_functional,10240.0,6500.0,sell
DEV007048,laptop,mid,78900.0,120,15,dead_pixel,0.94,not_functional,3650.0,10850.0,recycle
DEV007049,phone,premium,97700.0,30,70,battery_issue,0.48,fully_functional,27940.0,7550.0,repair
DEV007050,monitor,premium,44500.0,168,15,screen_crack,0.91,partially_functional,2990.0,11360.0,recycle
DEV007051,phone,premium,164400.0,13,94,screen_scratch,0.6,fully_functional,77820.0,5750.0,repair
DEV007052,laptop,mid,215800.0,69,41,screen_scratch,0.17,partially_functional,48580.0,4160.0,repair
DEV007053,laptop,mid,229500.0,37,74,none,0.0,fully_functional,104870.0,0.0,sell
DEV007054,phone,premium,212800.0,62,41,none,0.0,fully_functional,29580.0,0.0,upgrade
DEV007055,laptop,premium,105400.0,68,34,dead_pixel,0.21,partially_functional,22550.0,6520.0,repair
DEV007056,pc,premium,207000.0,45,49,screen_scratch,0.5,fully_functional,74640.0,4740.0,repair
DEV007057,phone,premium,193300.0,13,88,none,0.0,fully_functional,128150.0,0.0,sell
DEV007058,laptop,premium,101500.0,120,15,screen_crack,0.88,not_functional,5000.0,25510.0,recycle
DEV007059,laptop,budget,91900.0,20,82,none,0.0,fully_functional,62500.0,0.0,sell
DEV007060,phone,budget,69700.0,6,92,dead_pixel,0.44,fully_functional,45250.0,8800.0,repair
DEV007061,phone,premium,115600.0,1,100,none,0.0,fully_functional,103000.0,0.0,sell
DEV007062,phone,mid,56900.0,16,85,none,0.0,fully_functional,35500.0,0.0,sell
DEV007063,phone,budget,87200.0,17,80,none,0.0,fully_functional,49580.0,0.0,sell
DEV007064,laptop,mid,187700.0,76,40,battery_issue,0.81,partially_functional,23590.0,20410.0,recycle
DEV007065,pc,mid,30200.0,11,75,screen_crack,0.33,partially_functional,18880.0,4050.0,repair
DEV007066,tablet,premium,36600.0,17,67,none,0.0,fully_functional,24490.0,0.0,sell
DEV007067,monitor,premium,24800.0,93,33,screen_crack,0.72,not_functional,4770.0,6760.0,recycle
DEV007068,laptop,budget,116400.0,57,41,none,0.0,fully_functional,34750.0,0.0,upgrade
DEV007069,tablet,mid,59200.0,21,86,none,0.0,fully_functional,38840.0,0.0,sell
DEV007070,tablet,budget,45800.0,86,22,screen_scratch,0.94,not_functional,3340.0,1840.0,recycle
DEV007071,phone,premium,82500.0,33,79,body_damage,0.93,partially_functional,16510.0,15130.0,recycle
DEV007072,phone,budget,51300.0,41,58,screen_crack,0.58,fully_functional,9980.0,13800.0,recycle
DEV007073,laptop,mid,111600.0,79,32,screen_crack,0.32,partially_functional,16690.0,19760.0,recycle
DEV007074,pc,mid,192800.0,31,66,none,0.0,fully_functional,126970.0,0.0,sell
DEV007075,laptop,mid,147800.0,11,82,body_damage,0.98,partially_functional,61590.0,26500.0,sell
DEV007076,phone,mid,88300.0,13,90,body_damage,0.31,fully_functional,49080.0,8760.0,repair
DEV007077,monitor,mid,45200.0,32,63,screen_crack,0.71,partially_functional,15570.0,8910.0,sell
DEV007078,phone,mid,68200.0,63,51,dead_pixel,0.75,not_functional,6380.0,9270.0,recycle
DEV007079,monitor,budget,16500.0,27,76,none,0.0,fully_functional,10610.0,0.0,sell
DEV007080,pc,budget,28100.0,72,45,battery_issue,0.47,partially_functional,7730.0,1860.0,repair
DEV007081,pc,mid,97800.0,79,30,battery_issue,0.79,partially_functional,17350.0,9420.0,upgrade
DEV007082,pc,budget,96300.0,51,58,screen_scratch,0.52,partially_functional,34460.0,2320.0,repair
DEV007083,phone,mid,48700.0,20,97,screen_scratch,0.99,not_functional,13120.0,2330.0,sell
DEV007084,tablet,budget,25900.0,25,79,screen_crack,0.33,fully_functional,12230.0,4610.0,sell
DEV007085,pc,premium,158300.0,43,65,screen_scratch,0.42,fully_functional,60920.0,4900.0,repair
DEV007086,tablet,budget,36500.0,15,81,body_damage,0.49,partially_functional,19210.0,4290.0,repair
DEV007087,phone,mid,117100.0,30,72,screen_crack,0.96,partially_functional,23790.0,37070.0,recycle
DEV007088,phone,budget,53700.0,39,72,port_damage,0.71,not_functional,10860.0,3220.0,upgrade
DEV007089,phone,mid,91400.0,49,49,dead_pixel,0.25,fully_functional,16440.0,7030.0,recycle
DEV007090,laptop,budget,40700.0,88,26,dead_pixel,0.91,partially_functional,3540.0,5760.0,recycle
DEV007091,laptop,mid,226600.0,53,53,battery_issue,0.54,partially_functional,53180.0,20060.0,sell
DEV007092,pc,budget,75800.0,94,15,screen_crack,0.92,not_functional,10030.0,28750.0,recycle
DEV007093,pc,mid,142800.0,46,52,battery_issue,0.68,not_functional,47200.0,15450.0,sell
DEV007094,tablet,mid,52700.0,15,83,battery_issue,0.37,not_functional,31430.0,4630.0,sell
DEV007095,phone,premium,221100.0,26,89,dead_pixel,0.49,fully_functional,72620.0,18050.0,repair
DEV007096,laptop,mid,85200.0,41,63,screen_scratch,0.83,not_functional,20940.0,3010.0,sell
DEV007097,phone,mid,100900.0,4,100,screen_scratch,0.2,fully_functional,82210.0,2470.0,repair
DEV007098,phone,premium,95400.0,3,97,body_damage,0.64,fully_functional,64410.0,11070.0,repair
DEV007099,phone,budget,24500.0,30,70,screen_crack,0.28,fully_functional,8990.0,5230.0,sell
DEV007100,phone,mid,17800.0,23,80,screen_crack,0.72,partially_functional,5190.0,4410.0,sell
DEV007101,phone,budget,66800.0,21,78,none,0.0,fully_functional,33310.0,0.0,sell
DEV007102,laptop,mid,63700.0,4,88,none,0.0,fully_functional,49970.0,0.0,sell
DEV007103,phone,budget,28600.0,19,83,battery_issue,0.98,partially_functional,8960.0,3390.0,sell
DEV007104,phone,mid,114100.0,23,82,none,0.0,fully_functional,57060.0,0.0,sell
DEV007105,phone,mid,117600.0,26,77,none,0.0,fully_functional,53840.0,0.0,sell
DEV007106,tablet,mid,39300.0,20,78,none,0.0,fully_functional,24120.0,0.0,sell
DEV007107,laptop,budget,46900.0,60,30,none,0.0,fully_functional,12460.0,0.0,upgrade
DEV007108,phone,mid,38800.0,16,78,none,0.0,fully_functional,24300.0,0.0,sell
DEV007109,phone,premium,40400.0,61,48,none,0.0,fully_functional,5720.0,0.0,upgrade
DEV007110,monitor,budget,14000.0,43,71,battery_issue,0.96,not_functional,4070.0,1680.0,sell
DEV007111,laptop,budget,65600.0,48,59,body_damage,0.82,not_functional,14020.0,10900.0,sell
DEV007112,tablet,premium,45100.0,18,84,body_damage,0.21,not_functional,26730.0,2990.0,sell
DEV007113,laptop,premium,326100.0,48,60,body_damage,0.79,partially_functional,74620.0,56490.0,sell
DEV007114,pc,budget,82500.0,56,41,screen_crack,0.3,partially_functional,29380.0,12250.0,sell
DEV007115,pc,mid,71300.0,25,78,none,0.0,fully_functional,47160.0,0.0,sell
DEV007116,laptop,budget,21700.0,89,22,none,0.0,fully_functional,3240.0,0.0,upgrade
DEV007117,tablet,premium,101400.0,2,94,none,0.0,fully_functional,96480.0,0.0,sell
DEV007118,phone,mid,81100.0,14,73,none,0.0,fully_functional,51730.0,0.0,sell
DEV007119,tablet,mid,63300.0,56,46,screen_scratch,0.76,partially_functional,11140.0,2480.0,repair
DEV007120,laptop,budget,125700.0,9,92,none,0.0,fully_functional,102750.0,0.0,sell
DEV007121,phone,mid,30400.0,12,92,screen_scratch,0.75,partially_functional,12720.0,1040.0,repair
DEV007122,monitor,budget,39000.0,54,53,body_damage,0.91,not_functional,10130.0,6920.0,sell
DEV007123,pc,mid,190800.0,35,68,none,0.0,fully_functional,119640.0,0.0,sell
DEV007124,phone,mid,120600.0,34,71,screen_crack,0.83,partially_functional,23990.0,36020.0,recycle
DEV007125,monitor,mid,23800.0,89,23,screen_crack,0.9,fully_functional,3960.0,8600.0,recycle
DEV007126,phone,premium,49100.0,8,94,none,0.0,fully_functional,38740.0,0.0,upgrade
DEV007127,laptop,budget,137600.0,34,81,screen_crack,0.68,fully_functional,49910.0,43350.0,recycle
DEV007128,pc,budget,139100.0,32,71,battery_issue,0.67,fully_functional,54740.0,12050.0,repair
DEV007129,phone,mid,50200.0,37,65,keyboard_damage,0.76,not_functional,10030.0,3740.0,upgrade
DEV007130,laptop,mid,182600.0,75,33,screen_scratch,0.44,partially_functional,28480.0,3970.0,repair
DEV007131,tablet,budget,50200.0,24,66,screen_scratch,0.38,partially_functional,22610.0,1130.0,repair
DEV007132,phone,mid,139700.0,14,76,body_damage,0.22,partially_functional,80670.0,11390.0,repair
DEV007133,laptop,mid,163900.0,14,94,dead_pixel,0.63,fully_functional,90690.0,19840.0,repair
DEV007134,phone,mid,74200.0,22,82,battery_issue,0.86,fully_functional,20850.0,7470.0,sell
DEV007135,tablet,mid,77500.0,23,65,dead_pixel,0.25,fully_functional,39570.0,4860.0,repair
DEV007136,phone,budget,47300.0,15,92,screen_scratch,0.41,fully_functional,24250.0,1360.0,repair
DEV007137,phone,budget,62600.0,36,66,body_damage,0.28,fully_functional,17740.0,4400.0,repair
DEV007138,tablet,mid,73700.0,13,80,none,0.0,fully_functional,56570.0,0.0,sell
DEV007139,phone,mid,94100.0,8,93,dead_pixel,0.73,not_functional,44950.0,10150.0,recycle
DEV007140,laptop,mid,125600.0,49,54,keyboard_damage,0.53,fully_functional,33940.0,8220.0,repair
DEV007141,tablet,premium,109000.0,26,72,none,0.0,fully_functional,59510.0,0.0,sell
DEV007142,pc,budget,55600.0,5,85,keyboard_damage,0.43,partially_functional,41560.0,3150.0,repair
DEV007143,phone,mid,24200.0,15,92,dead_pixel,0.68,partially_functional,10390.0,3180.0,repair
DEV007144,pc,budget,133000.0,79,15,screen_scratch,0.83,not_functional,22170.0,5680.0,upgrade
DEV007145,tablet,budget,19400.0,34,70,none,0.0,fully_functional,9270.0,0.0,sell
DEV007146,phone,premium,218200.0,3,88,screen_crack,0.9,not_functional,103220.0,68860.0,sell
DEV007147,pc,premium,294100.0,105,15,screen_scratch,0.77,partially_functional,37170.0,13600.0,recycle
DEV007148,tablet,budget,43400.0,4,97,battery_issue,0.67,partially_functional,25390.0,4440.0,repair
DEV007149,tablet,premium,24400.0,14,88,screen_scratch,0.82,fully_functional,10130.0,910.0,repair
DEV007150,laptop,budget,149700.0,17,71,dead_pixel,0.87,fully_functional,48950.0,17550.0,sell
DEV007151,tablet,premium,73400.0,52,40,screen_crack,0.64,not_functional,13950.0,18860.0,recycle
DEV007152,monitor,premium,25300.0,59,35,dead_pixel,0.71,partially_functional,7230.0,2470.0,repair
DEV007153,laptop,budget,92100.0,72,23,battery_issue,0.64,not_functional,13520.0,8130.0,upgrade
DEV007154,pc,mid,188300.0,52,55,screen_crack,0.85,partially_functional,47690.0,54700.0,recycle
DEV007155,tablet,mid,88700.0,27,76,none,0.0,fully_functional,46510.0,0.0,sell
DEV007156,pc,budget,71900.0,144,15,dead_pixel,0.36,fully_functional,7650.0,5520.0,recycle
DEV007157,monitor,budget,9600.0,168,15,none,0.0,fully_functional,1370.0,0.0,upgrade
DEV007158,phone,mid,24800.0,27,80,none,0.0,fully_functional,10930.0,0.0,sell
DEV007159,phone,budget,84500.0,62,46,body_damage,0.21,not_functional,11100.0,8140.0,recycle
DEV007160,laptop,budget,149600.0,120,15,screen_scratch,0.38,not_functional,10660.0,4850.0,recycle
DEV007161,laptop,budget,123000.0,74,40,body_damage,0.39,not_functional,21700.0,11500.0,upgrade
DEV007162,laptop,mid,216100.0,16,89,body_damage,0.45,fully_functional,117460.0,25170.0,repair
DEV007163,pc,budget,34100.0,19,79,screen_scratch,0.58,fully_functional,19580.0,1530.0,repair
DEV007164,monitor,mid,7000.0,71,35,keyboard_damage,0.49,not_functional,1890.0,370.0,sell
DEV007165,laptop,budget,145100.0,55,65,port_damage,0.33,fully_functional,41720.0,4710.0,repair
DEV007166,tablet,budget,21400.0,51,63,port_damage,0.86,fully_functional,3960.0,1500.0,upgrade
DEV007167,phone,mid,84200.0,12,100,none,0.0,fully_functional,63610.0,0.0,sell
DEV007168,laptop,budget,20900.0,46,53,dead_pixel,0.58,partially_functional,5460.0,2380.0,sell
DEV007169,phone,mid,124900.0,26,70,screen_crack,0.33,fully_functional,44230.0,25790.0,sell
DEV007170,laptop,mid,157300.0,87,18,screen_crack,0.5,fully_functional,17310.0,29290.0,recycle
DEV007171,laptop,mid,219200.0,28,65,screen_crack,0.24,fully_functional,98300.0,27810.0,repair
DEV007172,tablet,budget,27300.0,10,97,none,0.0,fully_functional,21920.0,0.0,sell
DEV007173,tablet,premium,121400.0,32,57,dead_pixel,0.29,fully_functional,45370.0,12080.0,repair
DEV007174,laptop,budget,119000.0,64,46,none,0.0,fully_functional,30070.0,0.0,upgrade
DEV007175,phone,premium,36400.0,25,73,none,0.0,fully_functional,15570.0,0.0,sell
DEV007176,phone,budget,38100.0,28,72,dead_pixel,0.69,not_functional,10850.0,5730.0,sell
DEV007177,monitor,budget,34700.0,11,88,screen_crack,0.72,partially_functional,18480.0,10310.0,sell
DEV007178,monitor,mid,11700.0,65,28,body_damage,0.69,not_functional,3190.0,1710.0,sell
DEV007179,phone,budget,5700.0,36,75,battery_issue,0.26,fully_functional,1640.0,380.0,upgrade
DEV007180,phone,mid,75900.0,15,88,screen_scratch,1.0,not_functional,24310.0,3860.0,sell
DEV007181,laptop,premium,136300.0,16,97,dead_pixel,0.26,fully_functional,86720.0,6870.0,repair
DEV007182,tablet,mid,14100.0,27,71,none,0.0,fully_functional,7750.0,0.0,upgrade
DEV007183,laptop,mid,161700.0,20,71,screen_scratch,0.53,partially_functional,77770.0,4020.0,repair
DEV007184,phone,premium,183000.0,24,81,screen_scratch,0.86,not_functional,52760.0,6450.0,sell
DEV007185,laptop,mid,83700.0,18,74,none,0.0,fully_functional,53810.0,0.0,sell
DEV007186,phone,budget,26600.0,12,82,screen_crack,0.93,not_functional,9170.0,8250.0,recycle
DEV007187,phone,premium,122000.0,10,90,screen_crack,0.47,partially_functional,66820.0,26160.0,sell
DEV007188,phone,budget,16000.0,30,80,none,0.0,fully_functional,6450.0,0.0,sell
DEV007189,tablet,budget,60100.0,57,56,none,0.0,fully_functional,16930.0,0.0,upgrade
DEV007190,laptop,budget,130900.0,49,48,port_damage,0.25,partially_functional,38450.0,4900.0,repair
DEV007191,phone,budget,91400.0,4,100,screen_crack,0.49,partially_functional,62210.0,24570.0,sell
DEV007192,laptop,budget,142300.0,92,15,body_damage,0.63,not_functional,13530.0,21170.0,recycle
DEV007193,laptop,budget,70800.0,68,58,none,0.0,fully_functional,17750.0,0.0,upgrade
DEV007194,pc,mid,95500.0,29,70,none,0.0,fully_functional,61210.0,0.0,sell
DEV007195,monitor,mid,48100.0,168,15,body_damage,0.63,not_functional,4880.0,7190.0,repair
DEV007196,phone,premium,30800.0,4,86,port_damage,0.99,partially_functional,13830.0,2200.0,repair
DEV007197,pc,budget,98800.0,86,17,port_damage,0.6,partially_functional,19360.0,5850.0,repair
DEV007198,tablet,budget,49000.0,17,78,none,0.0,fully_functional,33050.0,0.0,sell
DEV007199,tablet,mid,89300.0,56,55,none,0.0,fully_functional,27110.0,0.0,upgrade
DEV007200,laptop,budget,67500.0,21,74,keyboard_damage,0.39,fully_functional,35730.0,4290.0,repair
DEV007201,phone,budget,7600.0,31,78,none,0.0,fully_functional,2730.0,0.0,sell
DEV007202,phone,mid,79800.0,11,95,port_damage,0.99,partially_functional,30100.0,7670.0,repair
DEV007203,monitor,mid,49300.0,75,37,screen_crack,0.46,not_functional,14730.0,9380.0,sell
DEV007204,tablet,budget,36100.0,96,24,none,0.0,fully_functional,4130.0,0.0,upgrade
DEV007205,laptop,mid,108400.0,46,65,screen_scratch,0.85,partially_functional,22380.0,4650.0,repair
DEV007206,laptop,mid,36600.0,32,68,port_damage,0.23,fully_functional,15180.0,1290.0,sell
DEV007207,phone,premium,102600.0,39,72,screen_scratch,0.56,partially_functional,22250.0,3330.0,repair
DEV007208,phone,budget,102400.0,16,77,port_damage,0.63,partially_functional,37820.0,6100.0,repair
DEV007209,tablet,mid,77400.0,16,95,screen_crack,0.74,fully_functional,35990.0,17030.0,sell
DEV007210,laptop,mid,26600.0,20,74,battery_issue,0.68,partially_functional,11340.0,1690.0,repair
DEV007211,pc,budget,121200.0,40,61,body_damage,0.94,partially_functional,38400.0,23210.0,sell
DEV007212,tablet,mid,60400.0,37,72,none,0.0,fully_functional,26690.0,0.0,sell
DEV007213,tablet,mid,52300.0,6,83,battery_issue,0.91,partially_functional,24790.0,5450.0,repair
DEV007214,pc,budget,110500.0,144,15,keyboard_damage,0.61,partially_functional,10350.0,7170.0,recycle
DEV007215,phone,mid,78200.0,11,100,battery_issue,0.49,fully_functional,43370.0,6120.0,repair
DEV007216,tablet,mid,58200.0,36,68,screen_scratch,0.71,partially_functional,16490.0,2360.0,repair
DEV007217,tablet,mid,63900.0,36,83,dead_pixel,0.39,fully_functional,23520.0,6260.0,repair
DEV007218,phone,budget,25700.0,61,37,screen_crack,0.93,partially_functional,1740.0,8370.0,recycle
DEV007219,phone,mid,85000.0,44,64,none,0.0,fully_functional,22950.0,0.0,repair
DEV007220,phone,budget,29200.0,0,100,screen_crack,0.85,not_functional,17740.0,7330.0,sell
DEV007221,phone,mid,118300.0,19,82,body_damage,0.48,fully_functional,51730.0,12350.0,repair
DEV007222,laptop,mid,142900.0,120,15,none,0.0,fully_functional,12090.0,0.0,upgrade
DEV007223,phone,mid,69600.0,9,88,none,0.0,fully_functional,51610.0,0.0,sell
DEV007224,tablet,mid,40300.0,13,74,none,0.0,fully_functional,26950.0,0.0,sell
DEV007225,phone,budget,41600.0,11,81,body_damage,0.65,partially_functional,18160.0,4750.0,repair
DEV007226,phone,budget,46500.0,27,74,screen_crack,0.63,not_functional,13240.0,12830.0,recycle
DEV007227,phone,mid,111200.0,14,92,none,0.0,fully_functional,73670.0,0.0,sell
DEV007228,phone,budget,47500.0,29,73,screen_scratch,0.44,not_functional,15220.0,1230.0,sell
DEV007229,monitor,mid,10700.0,36,62,dead_pixel,0.64,partially_functional,4370.0,1540.0,sell
DEV007230,phone,mid,70500.0,24,81,keyboard_damage,0.97,not_functional,16190.0,7660.0,sell
DEV007231,phone,premium,211900.0,9,91,body_damage,0.15,fully_functional,142780.0,16460.0,repair
DEV007232,phone,budget,21600.0,72,29,port_damage,0.43,fully_functional,1720.0,1040.0,recycle
DEV007233,laptop,mid,133900.0,25,80,body_damage,0.88,partially_functional,41260.0,20920.0,sell
DEV007234,tablet,budget,60800.0,19,86,screen_scratch,0.65,partially_functional,27030.0,1740.0,repair
DEV007235,pc,premium,98700.0,144,15,none,0.0,fully_functional,13970.0,0.0,upgrade
DEV007236,laptop,mid,187200.0,51,40,screen_scratch,0.98,partially_functional,29760.0,8620.0,repair
DEV007237,tablet,mid,86300.0,6,95,none,0.0,fully_functional,83280.0,0.0,sell
DEV007238,laptop,mid,98000.0,67,37,screen_scratch,0.38,fully_functional,18390.0,2820.0,repair
DEV007239,pc,budget,87300.0,46,69,screen_crack,0.62,not_functional,31000.0,18340.0,sell
DEV007240,laptop,mid,89800.0,33,63,port_damage,0.72,partially_functional,28730.0,3800.0,repair
DEV007241,phone,premium,36800.0,69,44,none,0.0,fully_functional,4300.0,0.0,upgrade
DEV007242,tablet,budget,57200.0,34,74,body_damage,0.5,partially_functional,18210.0,5550.0,repair
DEV007243,pc,premium,135700.0,47,61,body_damage,0.58,fully_functional,48840.0,17330.0,sell
DEV007244,laptop,premium,235900.0,31,88,screen_scratch,0.8,partially_functional,78000.0,9830.0,repair
DEV007245,monitor,premium,50400.0,168,15,screen_crack,0.91,fully_functional,3730.0,16430.0,recycle
DEV007246,pc,premium,250100.0,35,65,screen_scratch,0.81,not_functional,87600.0,9190.0,sell
DEV007247,phone,budget,40200.0,4,98,none,0.0,fully_functional,36460.0,0.0,sell
DEV007248,pc,mid,83000.0,42,67,port_damage,0.2,partially_functional,38740.0,3520.0,repair
DEV007249,tablet,budget,48900.0,9,97,none,0.0,fully_functional,41490.0,0.0,sell
DEV007250,laptop,mid,212000.0,64,39,dead_pixel,0.78,not_functional,32030.0,28710.0,recycle
DEV007251,laptop,budget,92900.0,100,21,screen_crack,0.66,not_functional,8320.0,21860.0,recycle
DEV007252,pc,premium,250600.0,34,67,none,0.0,fully_functional,157570.0,0.0,sell
DEV007253,tablet,budget,37800.0,24,84,battery_issue,0.2,fully_functional,18950.0,2610.0,repair
DEV007254,laptop,budget,126000.0,16,91,screen_crack,0.84,fully_functional,56440.0,36950.0,sell
DEV007255,phone,budget,68900.0,26,94,dead_pixel,0.94,partially_functional,17490.0,9480.0,sell
DEV007256,laptop,mid,216600.0,98,15,screen_crack,0.24,partially_functional,24580.0,41860.0,recycle
DEV007257,monitor,budget,8400.0,37,61,screen_crack,0.64,fully_functional,3450.0,2070.0,sell
DEV007258,tablet,budget,7800.0,96,23,dead_pixel,0.87,fully_functional,480.0,1170.0,recycle
DEV007259,phone,budget,10300.0,49,59,battery_issue,0.56,fully_functional,1600.0,910.0,recycle
DEV007260,pc,budget,134200.0,100,18,none,0.0,fully_functional,28810.0,0.0,upgrade
DEV007261,pc,premium,270500.0,8,100,keyboard_damage,0.87,not_functional,125780.0,25180.0,sell
DEV007262,laptop,mid,124000.0,41,53,screen_crack,0.92,fully_functional,26440.0,46420.0,sell
DEV007263,phone,budget,100000.0,3,90,body_damage,0.84,not_functional,50010.0,18750.0,sell
DEV007264,laptop,budget,80400.0,16,88,screen_crack,0.59,fully_functional,38630.0,23630.0,sell
DEV007265,phone,budget,102400.0,72,40,body_damage,0.21,fully_functional,10010.0,8460.0,recycle
DEV007266,phone,budget,35300.0,33,59,screen_scratch,0.74,fully_functional,7730.0,1090.0,repair
DEV007267,tablet,budget,9900.0,24,70,battery_issue,0.87,partially_functional,3040.0,1070.0,sell
DEV007268,monitor,budget,18100.0,73,39,body_damage,0.51,not_functional,5210.0,3160.0,sell
DEV007269,laptop,budget,98200.0,12,85,none,0.0,fully_functional,76260.0,0.0,sell
DEV007270,pc,budget,86500.0,42,63,port_damage,0.38,partially_functional,36150.0,2770.0,repair
DEV007271,monitor,mid,34300.0,53,61,dead_pixel,0.27,fully_functional,13420.0,3720.0,repair
DEV007272,phone,budget,102000.0,11,84,screen_scratch,0.55,partially_functional,54590.0,3340.0,repair
DEV007273,phone,mid,133000.0,7,94,port_damage,0.27,fully_functional,92080.0,4520.0,repair
DEV007274,tablet,mid,47300.0,6,87,screen_crack,0.7,partially_functional,26530.0,10410.0,sell
DEV007275,pc,premium,185600.0,36,62,none,0.0,fully_functional,107390.0,0.0,recycle
DEV007276,laptop,budget,131200.0,41,61,screen_crack,0.24,partially_functional,44920.0,23990.0,sell
DEV007277,tablet,mid,88800.0,13,87,none,0.0,fully_functional,63370.0,0.0,sell
DEV007278,tablet,premium,106700.0,25,83,none,0.0,fully_functional,61070.0,0.0,sell
DEV007279,tablet,premium,66600.0,33,82,screen_scratch,0.36,fully_functional,26260.0,1350.0,repair
DEV007280,tablet,premium,111800.0,19,70,screen_crack,0.9,fully_functional,35960.0,28710.0,sell
DEV007281,phone,budget,9400.0,5,91,port_damage,0.66,partially_functional,5410.0,550.0,repair
DEV007282,phone,premium,87500.0,5,91,screen_scratch,0.24,not_functional,66850.0,2290.0,sell
DEV007283,phone,premium,140000.0,25,73,body_damage,0.67,partially_functional,41260.0,18580.0,sell
DEV007284,monitor,budget,34300.0,101,15,screen_crack,0.52,fully_functional,7200.0,5130.0,upgrade
DEV007285,monitor,budget,26200.0,75,36,none,0.0,fully_functional,10230.0,0.0,sell
DEV007286,pc,premium,281700.0,79,29,body_damage,0.54,partially_functional,63560.0,20890.0,repair
DEV007287,phone,budget,94900.0,72,38,none,0.0,fully_functional,9750.0,0.0,upgrade
DEV007288,laptop,mid,54900.0,120,15,none,0.0,fully_functional,4590.0,0.0,upgrade
DEV007289,phone,mid,88000.0,15,82,body_damage,0.56,fully_functional,40780.0,12570.0,repair
DEV007290,laptop,mid,85900.0,42,60,screen_scratch,0.76,partially_functional,20270.0,2470.0,repair
DEV007291,phone,budget,12900.0,20,70,keyboard_damage,0.25,fully_functional,5420.0,660.0,repair
DEV007292,pc,mid,88700.0,55,49,none,0.0,fully_functional,37890.0,0.0,sell
DEV007293,phone,mid,103300.0,14,93,body_damage,0.87,fully_functional,38350.0,18830.0,sell
DEV007294,tablet,premium,79900.0,11,89,battery_issue,0.86,partially_functional,35090.0,8460.0,repair
DEV007295,monitor,budget,25700.0,37,77,none,0.0,fully_functional,16930.0,0.0,repair
DEV007296,tablet,budget,34900.0,14,93,none,0.0,fully_functional,26060.0,0.0,sell
DEV007297,phone,budget,77200.0,71,33,screen_crack,0.69,partially_functional,5380.0,23680.0,recycle
DEV007298,monitor,budget,28100.0,161,15,dead_pixel,0.73,fully_functional,2600.0,4280.0,recycle
DEV007299,tablet,premium,132000.0,29,79,screen_crack,0.54,not_functional,52310.0,28580.0,sell
DEV007300,laptop,budget,29600.0,48,53,none,0.0,fully_functional,11270.0,0.0,sell
DEV007301,tablet,budget,40600.0,46,70,none,0.0,fully_functional,14370.0,0.0,upgrade
DEV007302,pc,premium,162200.0,116,15,body_damage,0.35,partially_functional,25050.0,16140.0,recycle
DEV007303,laptop,budget,51500.0,61,41,dead_pixel,0.43,fully_functional,10850.0,3190.0,repair
DEV007304,laptop,budget,68800.0,15,91,battery_issue,0.84,not_functional,27780.0,7610.0,sell
DEV007305,laptop,mid,136100.0,20,79,screen_crack,0.37,partially_functional,66250.0,14180.0,repair
DEV007306,phone,budget,49600.0,33,66,screen_scratch,0.84,not_functional,10710.0,2500.0,upgrade
DEV007307,pc,premium,184100.0,86,27,dead_pixel,0.92,not_functional,28590.0,28770.0,recycle
DEV007308,phone,mid,49500.0,10,88,battery_issue,0.59,fully_functional,25830.0,4190.0,repair
DEV007309,laptop,budget,32800.0,33,78,port_damage,0.26,partially_functional,15370.0,1440.0,repair
DEV007310,laptop,mid,122700.0,54,45,battery_issue,0.76,not_functional,22870.0,10300.0,sell
DEV007311,phone,premium,100800.0,12,86,screen_crack,0.24,fully_functional,63130.0,19370.0,repair
DEV007312,laptop,budget,86600.0,32,73,screen_scratch,0.29,fully_functional,38710.0,2140.0,repair
DEV007313,tablet,mid,80800.0,6,100,none,0.0,fully_functional,70030.0,0.0,sell
DEV007314,phone,mid,20600.0,8,90,screen_crack,0.89,partially_functional,7820.0,5950.0,sell
DEV007315,phone,mid,114600.0,16,83,screen_crack,0.83,not_functional,37500.0,32240.0,recycle
DEV007316,pc,mid,182200.0,90,15,screen_scratch,0.78,fully_functional,30340.0,7620.0,sell
DEV007317,monitor,budget,7400.0,68,31,body_damage,0.45,fully_functional,2490.0,730.0,repair
DEV007318,laptop,mid,54100.0,109,15,screen_scratch,0.6,partially_functional,3620.0,1460.0,recycle
DEV007319,phone,budget,91100.0,13,80,none,0.0,fully_functional,53290.0,0.0,sell
DEV007320,phone,mid,48900.0,12,87,battery_issue,0.66,fully_functional,23850.0,4910.0,repair
DEV007321,phone,mid,40900.0,28,77,none,0.0,fully_functional,17120.0,0.0,sell
DEV007322,laptop,budget,24700.0,61,38,battery_issue,0.73,partially_functional,4060.0,2470.0,upgrade
DEV007323,monitor,budget,31400.0,125,15,none,0.0,fully_functional,6250.0,0.0,upgrade
DEV007324,tablet,premium,54400.0,65,46,none,0.0,fully_functional,11500.0,0.0,upgrade
DEV007325,phone,budget,74100.0,1,100,screen_scratch,0.18,fully_functional,69820.0,1560.0,repair
DEV007326,monitor,budget,12400.0,117,15,battery_issue,0.57,fully_functional,2060.0,1060.0,recycle
DEV007327,laptop,budget,83000.0,19,84,body_damage,0.85,partially_functional,29290.0,15270.0,sell
DEV007328,phone,mid,22600.0,22,76,screen_crack,0.6,not_functional,7580.0,5810.0,sell
DEV007329,laptop,budget,125700.0,107,15,dead_pixel,0.4,partially_functional,11580.0,10400.0,recycle
DEV007330,phone,premium,199800.0,54,50,screen_scratch,0.41,partially_functional,29570.0,4990.0,upgrade
DEV007331,pc,mid,181100.0,144,15,screen_crack,0.95,not_functional,11580.0,61560.0,recycle
DEV007332,laptop,budget,28100.0,120,15,none,0.0,fully_functional,2290.0,0.0,upgrade
DEV007333,tablet,mid,26100.0,51,55,none,0.0,fully_functional,8010.0,0.0,upgrade
DEV007334,laptop,budget,127800.0,34,54,none,0.0,fully_functional,62230.0,0.0,sell
DEV007335,monitor,budget,25400.0,28,70,dead_pixel,0.15,partially_functional,16060.0,1620.0,repair
DEV007336,tablet,mid,27200.0,96,15,dead_pixel,0.68,partially_functional,2060.0,3690.0,recycle
DEV007337,laptop,budget,85300.0,34,50,battery_issue,0.48,partially_functional,30100.0,5270.0,repair
DEV007338,phone,premium,59700.0,18,73,screen_scratch,0.32,fully_functional,24470.0,1370.0,repair
DEV007339,monitor,mid,32400.0,23,68,screen_crack,0.37,fully_functional,19450.0,6190.0,repair
DEV007340,laptop,budget,107100.0,15,84,none,0.0,fully_functional,76930.0,0.0,sell
DEV007341,phone,premium,41900.0,38,67,keyboard_damage,0.64,not_functional,8500.0,2550.0,upgrade
DEV007342,pc,mid,53600.0,144,15,none,0.0,fully_functional,7160.0,0.0,upgrade
DEV007343,phone,budget,15500.0,49,62,dead_pixel,0.92,partially_functional,1820.0,2280.0,recycle
DEV007344,phone,mid,61100.0,26,83,screen_scratch,0.68,partially_functional,18470.0,2070.0,repair
DEV007345,laptop,premium,209400.0,59,50,screen_crack,0.43,fully_functional,46590.0,40420.0,recycle
DEV007346,phone,mid,8400.0,64,32,screen_scratch,0.47,not_functional,810.0,200.0,sell
DEV007347,laptop,mid,169000.0,6,94,none,0.0,fully_functional,157060.0,0.0,sell
DEV007348,phone,mid,74800.0,25,97,screen_crack,0.47,fully_functional,28040.0,16310.0,sell
DEV007349,phone,budget,64400.0,12,81,screen_scratch,0.2,fully_functional,39670.0,1670.0,repair
DEV007350,phone,budget,34300.0,10,100,screen_scratch,0.41,fully_functional,19930.0,900.0,repair
DEV007351,phone,mid,43100.0,17,95,body_damage,0.97,partially_functional,14210.0,7740.0,sell
DEV007352,monitor,premium,50800.0,50,52,port_damage,0.94,not_functional,14090.0,3940.0,sell
DEV007353,laptop,mid,108600.0,74,31,screen_crack,0.5,not_functional,16560.0,23460.0,recycle
DEV007354,laptop,budget,60200.0,103,15,port_damage,0.78,fully_functional,4480.0,3920.0,recycle
DEV007355,laptop,mid,135600.0,19,81,dead_pixel,0.93,fully_functional,47630.0,20080.0,sell
DEV007356,tablet,budget,39800.0,44,52,body_damage,0.63,not_functional,9680.0,5220.0,upgrade
DEV007357,phone,budget,52100.0,9,81,screen_crack,0.64,fully_functional,24320.0,12870.0,sell
DEV007358,phone,mid,122300.0,23,78,none,0.0,fully_functional,57580.0,0.0,sell
DEV007359,tablet,budget,49400.0,1,92,screen_crack,0.71,fully_functional,31660.0,11240.0,sell
DEV007360,laptop,premium,184700.0,58,37,dead_pixel,0.94,fully_functional,27610.0,33560.0,recycle
DEV007361,pc,mid,190300.0,73,24,body_damage,0.31,partially_functional,51660.0,20120.0,upgrade
DEV007362,pc,mid,86400.0,137,15,screen_crack,0.43,fully_functional,9620.0,16920.0,recycle
DEV007363,pc,premium,265100.0,52,37,body_damage,0.62,not_functional,78990.0,40500.0,sell
DEV007364,phone,mid,125600.0,29,65,none,0.0,fully_functional,48000.0,0.0,sell
DEV007365,phone,premium,216400.0,49,58,keyboard_damage,0.75,fully_functional,28700.0,17040.0,recycle
DEV007366,phone,premium,205100.0,37,51,none,0.0,fully_functional,60270.0,0.0,upgrade
DEV007367,pc,mid,147300.0,2,100,keyboard_damage,0.43,partially_functional,111240.0,6220.0,repair
DEV007368,monitor,budget,22900.0,20,90,screen_scratch,0.65,not_functional,12550.0,710.0,sell
DEV007369,monitor,budget,38000.0,43,56,none,0.0,fully_functional,21870.0,0.0,sell
DEV007370,phone,premium,28500.0,16,89,keyboard_damage,0.49,fully_functional,14080.0,1820.0,repair
DEV007371,pc,budget,64700.0,30,60,screen_scratch,0.82,partially_functional,24200.0,2600.0,repair
DEV007372,laptop,premium,288200.0,44,68,port_damage,0.83,not_functional,65500.0,20410.0,sell
DEV007373,pc,budget,98900.0,7,100,battery_issue,0.74,not_functional,55340.0,9480.0,sell
DEV007374,laptop,mid,108000.0,80,29,keyboard_damage,0.8,partially_functional,12480.0,9260.0,recycle
DEV007375,phone,budget,102000.0,25,82,keyboard_damage,0.32,fully_functional,41170.0,6660.0,repair
DEV007376,phone,premium,109700.0,21,73,none,0.0,fully_functional,58410.0,0.0,sell
DEV007377,monitor,budget,21900.0,36,65,none,0.0,fully_functional,13650.0,0.0,sell
DEV007378,laptop,budget,49700.0,89,15,screen_scratch,0.91,not_functional,3960.0,2110.0,recycle
DEV007379,laptop,premium,86100.0,5,100,screen_scratch,0.76,not_functional,49580.0,3660.0,sell
DEV007380,laptop,budget,28500.0,4,98,none,0.0,fully_functional,24530.0,0.0,sell
DEV007381,laptop,budget,65600.0,77,32,keyboard_damage,0.65,not_functional,8620.0,5080.0,upgrade
DEV007382,monitor,premium,77400.0,28,75,dead_pixel,0.58,fully_functional,42120.0,9540.0,repair
DEV007383,phone,premium,207600.0,36,59,body_damage,0.25,partially_functional,56360.0,23760.0,upgrade
DEV007384,phone,budget,25100.0,0,100,battery_issue,0.89,fully_functional,13920.0,2990.0,repair
DEV007385,pc,mid,189800.0,47,71,screen_scratch,0.62,fully_functional,67110.0,6500.0,repair
DEV007386,laptop,budget,149300.0,13,93,screen_scratch,0.86,not_functional,70730.0,6440.0,sell
DEV007387,phone,budget,88600.0,8,99,none,0.0,fully_functional,66210.0,0.0,sell
DEV007388,phone,mid,102600.0,68,38,none,0.0,fully_functional,12520.0,0.0,upgrade
DEV007389,phone,budget,42900.0,1,83,none,0.0,fully_functional,38780.0,0.0,sell
DEV007390,phone,mid,60300.0,7,83,none,0.0,fully_functional,45380.0,0.0,sell
DEV007391,phone,budget,45900.0,32,70,screen_crack,0.35,fully_functional,12720.0,6940.0,sell
DEV007392,phone,premium,146000.0,20,87,screen_crack,0.91,not_functional,47050.0,46410.0,recycle
DEV007393,tablet,mid,41900.0,7,96,none,0.0,fully_functional,37240.0,0.0,sell
DEV007394,pc,budget,50400.0,29,82,battery_issue,0.43,fully_functional,24620.0,4320.0,repair
DEV007395,pc,premium,167000.0,29,73,none,0.0,fully_functional,101330.0,0.0,upgrade
DEV007396,laptop,premium,126400.0,62,43,none,0.0,fully_functional,32880.0,0.0,upgrade
DEV007397,phone,budget,43100.0,18,93,dead_pixel,0.26,partially_functional,22570.0,2990.0,repair
DEV007398,monitor,premium,20100.0,91,26,screen_scratch,0.7,not_functional,4050.0,660.0,upgrade
DEV007399,pc,budget,59100.0,129,15,screen_scratch,0.38,partially_functional,7170.0,1370.0,repair
DEV007400,laptop,budget,19200.0,28,65,port_damage,0.8,partially_functional,6180.0,1030.0,repair
DEV007401,phone,budget,57400.0,52,66,body_damage,0.56,fully_functional,9010.0,4930.0,recycle
DEV007402,phone,budget,35700.0,19,87,dead_pixel,0.22,fully_functional,18330.0,2900.0,repair
DEV007403,laptop,mid,179900.0,7,84,keyboard_damage,0.6,partially_functional,96040.0,12260.0,repair
DEV007404,laptop,mid,244300.0,64,39,body_damage,0.68,not_functional,39030.0,45590.0,recycle
DEV007405,phone,premium,222400.0,6,100,body_damage,0.28,fully_functional,160240.0,16270.0,repair
DEV007406,monitor,budget,22800.0,47,56,screen_crack,0.76,partially_functional,7700.0,8190.0,recycle
DEV007407,laptop,budget,35900.0,120,15,port_damage,0.6,not_functional,2260.0,1930.0,recycle
DEV007408,laptop,budget,78900.0,61,55,none,0.0,fully_functional,22530.0,0.0,upgrade
DEV007409,phone,budget,16200.0,1,100,battery_issue,0.98,partially_functional,8250.0,1340.0,recycle
DEV007410,pc,premium,276100.0,50,50,body_damage,0.21,fully_functional,102300.0,21670.0,repair
DEV007411,tablet,mid,26700.0,65,40,screen_scratch,0.56,fully_functional,4160.0,970.0,repair
DEV007412,phone,mid,91300.0,72,40,battery_issue,0.99,not_functional,5060.0,11330.0,recycle
DEV007413,laptop,mid,155400.0,76,44,none,0.0,fully_functional,35580.0,0.0,upgrade
DEV007414,tablet,budget,22500.0,40,71,screen_crack,0.64,partially_functional,5810.0,6610.0,recycle
DEV007415,pc,budget,71700.0,88,32,port_damage,0.66,not_functional,13100.0,4240.0,upgrade
DEV007416,phone,mid,130200.0,72,42,none,0.0,fully_functional,12690.0,0.0,upgrade
DEV007417,pc,premium,287500.0,95,15,keyboard_damage,0.65,partially_functional,45450.0,23690.0,recycle
DEV007418,laptop,budget,172500.0,80,25,dead_pixel,0.58,fully_functional,23350.0,15730.0,recycle
DEV007419,phone,budget,18200.0,27,67,none,0.0,fully_functional,7970.0,0.0,sell
DEV007420,phone,mid,115400.0,25,87,none,0.0,fully_functional,54390.0,0.0,sell
DEV007421,phone,budget,19900.0,35,63,dead_pixel,0.24,not_functional,5690.0,1550.0,upgrade
DEV007422,phone,mid,73200.0,65,45,dead_pixel,0.72,not_functional,6980.0,8070.0,recycle
DEV007423,laptop,budget,102600.0,31,82,body_damage,0.55,fully_functional,39630.0,9520.0,repair
DEV007424,tablet,mid,60900.0,67,41,screen_crack,0.3,partially_functional,10700.0,9750.0,recycle
DEV007425,phone,budget,30900.0,41,75,screen_crack,0.26,fully_functional,7540.0,5940.0,upgrade
DEV007426,monitor,premium,31600.0,138,15,battery_issue,0.84,fully_functional,3160.0,3390.0,recycle
DEV007427,phone,mid,35300.0,15,74,body_damage,0.58,fully_functional,15420.0,5340.0,repair
DEV007428,laptop,budget,122000.0,71,42,screen_scratch,0.34,fully_functional,23780.0,3310.0,repair
DEV007429,monitor,mid,43300.0,168,15,dead_pixel,0.22,partially_functional,5470.0,2860.0,recycle
DEV007430,pc,mid,165800.0,19,81,screen_crack,0.82,not_functional,76170.0,42960.0,sell
DEV007431,tablet,mid,30900.0,15,74,port_damage,0.73,partially_functional,12960.0,1950.0,repair
DEV007432,tablet,premium,59500.0,51,75,none,0.0,fully_functional,19480.0,0.0,upgrade
DEV007433,phone,premium,171600.0,6,90,none,0.0,fully_functional,148450.0,0.0,sell
DEV007434,phone,budget,35900.0,38,54,screen_scratch,0.33,fully_functional,8580.0,920.0,repair
DEV007435,laptop,budget,86400.0,120,15,screen_crack,0.92,partially_functional,3820.0,26430.0,recycle
DEV007436,phone,budget,40800.0,17,82,port_damage,0.23,partially_functional,22120.0,1460.0,repair
DEV007437,laptop,mid,189900.0,38,71,none,0.0,fully_functional,83480.0,0.0,sell
DEV007438,phone,premium,197900.0,60,41,none,0.0,fully_functional,27940.0,0.0,upgrade
DEV007439,monitor,mid,42000.0,168,15,none,0.0,fully_functional,5480.0,0.0,upgrade
DEV007440,pc,budget,123400.0,35,80,body_damage,0.29,fully_functional,73780.0,9960.0,repair
DEV007441,pc,premium,74400.0,36,76,none,0.0,fully_functional,46950.0,0.0,sell
DEV007442,tablet,mid,85300.0,47,56,body_damage,0.93,not_functional,15800.0,13880.0,recycle
DEV007443,phone,budget,23200.0,12,84,none,0.0,fully_functional,14970.0,0.0,sell
DEV007444,phone,premium,64500.0,40,69,none,0.0,fully_functional,19250.0,0.0,upgrade
DEV007445,tablet,budget,60900.0,96,15,none,0.0,fully_functional,7080.0,0.0,upgrade
DEV007446,tablet,mid,23100.0,32,73,none,0.0,fully_functional,11320.0,0.0,upgrade
DEV007447,laptop,mid,176700.0,15,76,dead_pixel,0.99,not_functional,59570.0,27240.0,sell
DEV007448,laptop,premium,346800.0,60,43,none,0.0,fully_functional,99260.0,0.0,upgrade
DEV007449,laptop,budget,92700.0,5,100,dead_pixel,0.29,partially_functional,71800.0,7270.0,repair
DEV007450,phone,budget,100600.0,8,74,screen_crack,0.41,partially_functional,59150.0,21620.0,sell
DEV007451,phone,mid,91100.0,22,82,body_damage,0.82,partially_functional,25910.0,11970.0,sell
DEV007452,laptop,premium,254300.0,13,84,screen_crack,0.8,not_functional,110330.0,39240.0,sell
DEV007453,tablet,budget,19700.0,34,56,none,0.0,fully_functional,8400.0,0.0,sell
DEV007454,monitor,budget,33000.0,35,68,battery_issue,0.76,not_functional,12500.0,2660.0,sell
DEV007455,laptop,premium,58000.0,13,85,body_damage,0.47,not_functional,33360.0,7630.0,sell
DEV007456,tablet,mid,74000.0,9,83,screen_scratch,0.22,fully_functional,50330.0,1820.0,repair
DEV007457,pc,budget,90900.0,19,80,screen_crack,0.16,not_functional,67610.0,13810.0,sell
DEV007458,phone,budget,30500.0,7,88,none,0.0,fully_functional,24690.0,0.0,sell
DEV007459,tablet,mid,17700.0,24,71,battery_issue,0.39,partially_functional,8310.0,1260.0,repair
DEV007460,laptop,mid,219800.0,38,65,none,0.0,fully_functional,97960.0,0.0,sell
DEV007461,laptop,mid,226100.0,20,75,screen_crack,0.21,fully_functional,117110.0,37470.0,repair
DEV007462,phone,mid,27100.0,12,84,battery_issue,0.16,partially_functional,17590.0,1230.0,repair
DEV007463,monitor,budget,33200.0,38,69,none,0.0,fully_functional,20440.0,0.0,sell
DEV007464,monitor,premium,55900.0,96,15,body_damage,0.26,partially_functional,14090.0,5390.0,upgrade
DEV007465,phone,budget,57500.0,16,93,port_damage,0.53,partially_functional,26170.0,2950.0,repair
DEV007466,phone,premium,142200.0,12,100,none,0.0,fully_functional,89870.0,0.0,sell
DEV007467,phone,budget,23700.0,37,65,port_damage,0.74,partially_functional,4570.0,1470.0,sell
DEV007468,pc,budget,138500.0,81,16,screen_scratch,0.33,fully_functional,31190.0,3370.0,repair
DEV007469,laptop,budget,71200.0,28,58,keyboard_damage,0.83,fully_functional,22120.0,5530.0,repair
DEV007470,phone,budget,101900.0,63,31,battery_issue,0.27,partially_functional,11950.0,5980.0,recycle
DEV007471,pc,mid,73700.0,11,86,screen_crack,0.34,not_functional,56840.0,18520.0,sell
DEV007472,laptop,mid,198900.0,43,57,screen_crack,0.26,partially_functional,70630.0,32090.0,repair
DEV007473,laptop,premium,139300.0,30,77,screen_scratch,0.73,not_functional,46420.0,4890.0,sell
DEV007474,laptop,mid,183000.0,30,65,none,0.0,fully_functional,92970.0,0.0,sell
DEV007475,laptop,mid,108700.0,19,75,port_damage,0.33,partially_functional,60990.0,4820.0,sell
DEV007476,laptop,budget,159300.0,120,15,none,0.0,fully_functional,13990.0,0.0,upgrade
DEV007477,phone,premium,202200.0,25,86,battery_issue,0.58,fully_functional,63410.0,15220.0,repair
DEV007478,laptop,budget,118500.0,68,45,none,0.0,fully_functional,28420.0,0.0,upgrade
DEV007479,monitor,budget,6600.0,34,52,battery_issue,0.45,partially_functional,3090.0,500.0,repair
DEV007480,laptop,budget,148800.0,79,23,none,0.0,fully_functional,25050.0,0.0,upgrade
DEV007481,monitor,budget,29900.0,91,24,body_damage,0.36,fully_functional,7860.0,2850.0,upgrade
DEV007482,laptop,mid,122000.0,36,60,screen_crack,0.19,not_functional,51090.0,20740.0,sell
DEV007483,pc,budget,42800.0,75,34,screen_scratch,0.66,not_functional,9210.0,1700.0,upgrade
DEV007484,phone,budget,8300.0,28,76,none,0.0,fully_functional,3520.0,0.0,sell
DEV007485,pc,premium,297900.0,105,15,none,0.0,fully_functional,64520.0,0.0,upgrade
DEV007486,phone,budget,65800.0,39,50,port_damage,0.33,not_functional,16920.0,3160.0,upgrade
DEV007487,phone,mid,36000.0,44,50,dead_pixel,0.8,partially_functional,5430.0,3350.0,upgrade
DEV007488,phone,budget,68100.0,19,94,dead_pixel,0.92,not_functional,19850.0,9590.0,sell
DEV007489,phone,premium,44200.0,17,87,screen_crack,0.44,partially_functional,23330.0,10320.0,sell
DEV007490,monitor,mid,35800.0,25,65,screen_scratch,0.29,fully_functional,20110.0,720.0,repair
DEV007491,monitor,budget,41100.0,39,72,screen_crack,0.79,not_functional,15690.0,9320.0,sell
DEV007492,pc,premium,158700.0,138,15,screen_scratch,1.0,fully_functional,11060.0,7080.0,recycle
DEV007493,phone,mid,86600.0,13,92,dead_pixel,0.67,fully_functional,38630.0,12640.0,repair
DEV007494,pc,budget,136500.0,64,33,dead_pixel,0.6,fully_functional,35920.0,18850.0,sell
DEV007495,tablet,mid,28700.0,64,47,body_damage,0.62,partially_functional,4670.0,4540.0,recycle
DEV007496,phone,mid,83900.0,14,74,screen_crack,0.45,fully_functional,43060.0,14910.0,repair
DEV007497,laptop,budget,149900.0,92,28,battery_issue,0.81,partially_functional,12720.0,15720.0,recycle
DEV007498,tablet,budget,11700.0,96,15,screen_crack,0.87,partially_functional,720.0,4710.0,recycle
DEV007499,phone,budget,6900.0,24,71,port_damage,0.19,fully_functional,2970.0,270.0,repair
DEV007500,laptop,mid,149400.0,65,34,none,0.0,fully_functional,41120.0,0.0,upgrade
DEV007501,tablet,premium,98100.0,45,61,screen_crack,0.47,not_functional,27360.0,23460.0,recycle
DEV007502,phone,mid,72900.0,31,72,none,0.0,fully_functional,26090.0,0.0,sell
DEV007503,laptop,premium,291400.0,57,44,screen_crack,0.49,fully_functional,69470.0,60740.0,repair
DEV007504,laptop,budget,97700.0,71,29,dead_pixel,0.96,partially_functional,10770.0,15860.0,repair
DEV007505,tablet,mid,82900.0,49,62,none,0.0,fully_functional,26120.0,0.0,upgrade
DEV007506,monitor,premium,35100.0,57,49,screen_crack,0.27,not_functional,15460.0,5480.0,sell
DEV007507,pc,mid,69500.0,17,86,battery_issue,0.9,partially_functional,30020.0,9050.0,repair
DEV007508,tablet,budget,53600.0,1,100,body_damage,0.17,fully_functional,47580.0,4800.0,repair
DEV007509,laptop,budget,55300.0,62,40,screen_crack,0.93,fully_functional,8530.0,18270.0,recycle
DEV007510,tablet,budget,57300.0,42,82,keyboard_damage,0.26,partially_functional,19670.0,3440.0,repair
DEV007511,laptop,mid,233600.0,80,37,port_damage,0.38,partially_functional,34950.0,10610.0,repair
DEV007512,phone,premium,16500.0,60,47,none,0.0,fully_functional,2590.0,0.0,upgrade
DEV007513,tablet,budget,59100.0,74,30,screen_crack,0.89,partially_functional,5160.0,17230.0,recycle
DEV007514,tablet,budget,22500.0,45,58,screen_crack,0.91,not_functional,4350.0,5970.0,recycle
DEV007515,laptop,budget,64800.0,10,91,dead_pixel,0.98,partially_functional,26920.0,7550.0,repair
DEV007516,pc,mid,131400.0,30,76,battery_issue,0.55,partially_functional,58920.0,12470.0,repair
DEV007517,tablet,mid,73200.0,7,100,port_damage,0.63,fully_functional,43490.0,3860.0,repair
DEV007518,laptop,budget,119600.0,21,85,battery_issue,0.52,not_functional,58470.0,13550.0,sell
DEV007519,phone,mid,147200.0,48,57,screen_scratch,0.61,not_functional,22750.0,4250.0,recycle
DEV007520,phone,budget,100000.0,31,73,keyboard_damage,0.82,not_functional,23400.0,7020.0,sell
DEV007521,laptop,mid,45400.0,62,51,none,0.0,fully_functional,12730.0,0.0,upgrade
DEV007522,laptop,mid,232500.0,48,49,screen_crack,0.85,not_functional,46950.0,58460.0,recycle
DEV007523,phone,budget,47900.0,2,100,dead_pixel,0.47,fully_functional,35830.0,3610.0,repair
DEV007524,phone,mid,8400.0,9,94,battery_issue,0.91,partially_functional,3530.0,1040.0,repair
DEV007525,phone,mid,67200.0,12,88,screen_crack,0.74,partially_functional,33380.0,12320.0,sell
DEV007526,pc,mid,115400.0,18,91,screen_crack,0.17,fully_functional,86900.0,17530.0,repair
DEV007527,pc,mid,146600.0,72,47,screen_crack,0.88,fully_functional,28180.0,46010.0,recycle
DEV007528,laptop,mid,238200.0,25,87,body_damage,0.5,partially_functional,99650.0,32590.0,repair
DEV007529,phone,budget,90000.0,54,40,none,0.0,fully_functional,15380.0,0.0,upgrade
DEV007530,phone,premium,97900.0,14,95,keyboard_damage,0.43,fully_functional,45670.0,7750.0,repair
DEV007531,phone,premium,147000.0,29,77,none,0.0,fully_functional,62060.0,0.0,sell
DEV007532,laptop,budget,150100.0,15,74,none,0.0,fully_functional,103850.0,0.0,sell
DEV007533,phone,premium,114600.0,12,95,keyboard_damage,0.84,not_functional,44770.0,13030.0,sell
DEV007534,phone,mid,22900.0,22,86,keyboard_damage,0.93,partially_functional,6470.0,2000.0,repair
DEV007535,monitor,budget,35900.0,104,15,battery_issue,0.9,not_functional,5080.0,3490.0,upgrade
DEV007536,laptop,mid,134500.0,21,90,battery_issue,0.33,fully_functional,75860.0,6810.0,repair
DEV007537,pc,budget,24300.0,51,50,none,0.0,fully_functional,11010.0,0.0,sell
DEV007538,phone,mid,30700.0,23,66,none,0.0,fully_functional,14400.0,0.0,sell
DEV007539,phone,premium,166100.0,6,100,dead_pixel,0.97,fully_functional,76790.0,21600.0,repair
DEV007540,monitor,budget,12600.0,57,34,body_damage,0.54,fully_functional,4350.0,1080.0,repair
DEV007541,laptop,mid,62100.0,53,38,none,0.0,fully_functional,20690.0,0.0,sell
DEV007542,tablet,budget,23600.0,61,44,none,0.0,fully_functional,5820.0,0.0,upgrade
DEV007543,monitor,mid,38000.0,52,49,screen_scratch,0.79,not_functional,10500.0,1250.0,sell
DEV007544,laptop,premium,74600.0,23,76,screen_crack,0.61,not_functional,30600.0,17030.0,sell
DEV007545,phone,budget,5700.0,12,97,port_damage,0.32,partially_functional,3100.0,220.0,sell
DEV007546,laptop,mid,62400.0,52,54,screen_scratch,0.26,not_functional,19030.0,1440.0,sell
DEV007547,phone,budget,27900.0,72,39,keyboard_damage,0.9,partially_functional,1620.0,2930.0,recycle
DEV007548,phone,mid,68000.0,28,60,screen_crack,0.92,partially_functional,15510.0,21910.0,recycle
DEV007549,phone,mid,128900.0,19,84,none,0.0,fully_functional,75250.0,0.0,sell
DEV007550,pc,mid,60300.0,28,78,none,0.0,fully_functional,39910.0,0.0,sell
DEV007551,tablet,budget,27400.0,83,29,dead_pixel,0.48,fully_functional,3330.0,2830.0,recycle
DEV007552,phone,mid,110600.0,58,52,none,0.0,fully_functional,19110.0,0.0,upgrade
DEV007553,phone,mid,85400.0,56,45,keyboard_damage,0.6,not_functional,10220.0,4860.0,recycle
DEV007554,tablet,mid,62200.0,53,49,none,0.0,fully_functional,18450.0,0.0,upgrade
DEV007555,monitor,mid,14700.0,51,62,screen_crack,0.88,partially_functional,4680.0,4340.0,recycle
DEV007556,phone,premium,80500.0,7,92,screen_crack,0.97,not_functional,33910.0,24570.0,sell
DEV007557,phone,budget,60900.0,36,66,none,0.0,fully_functional,19020.0,0.0,upgrade
DEV007558,pc,budget,105500.0,93,22,screen_scratch,0.42,partially_functional,19550.0,2660.0,repair
DEV007559,pc,premium,179200.0,40,56,body_damage,0.98,partially_functional,48300.0,31660.0,sell
DEV007560,monitor,budget,14500.0,155,15,dead_pixel,0.93,not_functional,1180.0,2410.0,recycle
DEV007561,phone,premium,125900.0,50,74,body_damage,0.71,not_functional,18280.0,14650.0,recycle
DEV007562,phone,mid,68300.0,59,46,screen_scratch,0.25,partially_functional,9130.0,1320.0,repair
DEV007563,laptop,premium,131800.0,51,49,port_damage,0.45,partially_functional,33600.0,5190.0,repair
DEV007564,phone,mid,71100.0,26,75,none,0.0,fully_functional,33330.0,0.0,sell
DEV007565,pc,premium,152400.0,37,66,none,0.0,fully_functional,94800.0,0.0,sell
DEV007566,phone,mid,17700.0,25,68,port_damage,0.89,not_functional,4200.0,1310.0,sell
DEV007567,tablet,mid,55500.0,87,27,none,0.0,fully_functional,7340.0,0.0,upgrade
DEV007568,monitor,budget,37900.0,19,88,screen_scratch,0.34,fully_functional,24770.0,1010.0,repair
DEV007569,monitor,budget,30700.0,79,30,screen_scratch,0.59,partially_functional,7850.0,1040.0,repair
DEV007570,tablet,budget,44900.0,50,75,screen_scratch,0.54,partially_functional,11230.0,1310.0,repair
DEV007571,monitor,premium,72900.0,27,65,battery_issue,0.62,fully_functional,33450.0,5900.0,repair
DEV007572,phone,budget,61700.0,12,94,screen_crack,0.51,fully_functional,32920.0,15880.0,sell
DEV007573,laptop,mid,79200.0,24,68,port_damage,0.42,fully_functional,35730.0,3990.0,repair
DEV007574,phone,mid,143100.0,34,65,port_damage,0.65,partially_functional,32300.0,8060.0,repair
DEV007575,monitor,budget,22400.0,114,15,keyboard_damage,0.88,partially_functional,2840.0,1580.0,recycle
DEV007576,monitor,premium,73100.0,51,59,screen_scratch,0.41,fully_functional,32110.0,2020.0,repair
DEV007577,phone,budget,69500.0,50,46,dead_pixel,0.35,not_functional,12140.0,6080.0,recycle
DEV007578,phone,mid,42800.0,67,42,keyboard_damage,0.57,fully_functional,3840.0,2490.0,recycle
DEV007579,laptop,mid,135400.0,42,47,keyboard_damage,0.76,not_functional,34010.0,10600.0,sell
DEV007580,phone,budget,55000.0,60,35,none,0.0,fully_functional,8500.0,0.0,upgrade
DEV007581,pc,budget,100000.0,52,59,battery_issue,0.92,partially_functional,26230.0,12100.0,sell
DEV007582,phone,mid,77900.0,46,45,none,0.0,fully_functional,18260.0,0.0,upgrade
DEV007583,pc,budget,102200.0,85,17,none,0.0,fully_functional,26920.0,0.0,upgrade
DEV007584,laptop,premium,319000.0,108,15,none,0.0,fully_functional,30910.0,0.0,upgrade
DEV007585,laptop,mid,69100.0,7,95,none,0.0,fully_functional,57570.0,0.0,sell
DEV007586,phone,budget,62900.0,11,74,none,0.0,fully_functional,47090.0,0.0,sell
DEV007587,monitor,budget,31400.0,75,37,dead_pixel,0.67,partially_functional,7870.0,3940.0,sell
DEV007588,tablet,budget,39600.0,36,67,battery_issue,0.89,not_functional,10330.0,4940.0,sell
DEV007589,laptop,mid,140500.0,13,89,none,0.0,fully_functional,110190.0,0.0,sell
DEV007590,laptop,mid,85000.0,59,56,body_damage,0.72,fully_functional,16150.0,13350.0,recycle
DEV007591,monitor,budget,33600.0,16,92,screen_crack,0.81,not_functional,15860.0,8200.0,sell
DEV007592,pc,mid,33800.0,39,60,screen_crack,0.27,partially_functional,15500.0,6130.0,sell
DEV007593,pc,mid,71400.0,61,50,none,0.0,fully_functional,28870.0,0.0,sell
DEV007594,tablet,mid,80500.0,20,87,none,0.0,fully_functional,51300.0,0.0,sell
DEV007595,pc,budget,108600.0,60,32,none,0.0,fully_functional,43040.0,0.0,sell
DEV007596,phone,budget,86200.0,7,85,body_damage,0.72,fully_functional,41720.0,16000.0,sell
DEV007597,tablet,budget,44700.0,34,80,screen_crack,0.64,not_functional,13910.0,10930.0,sell
DEV007598,laptop,mid,117800.0,57,32,body_damage,0.45,partially_functional,26930.0,14830.0,upgrade
DEV007599,laptop,mid,71700.0,25,70,screen_scratch,0.48,partially_functional,34480.0,2130.0,repair
DEV007600,monitor,budget,19800.0,50,52,port_damage,0.38,not_functional,8340.0,1040.0,sell
DEV007601,monitor,budget,12500.0,104,15,screen_crack,0.41,fully_functional,2660.0,2580.0,sell
DEV007602,laptop,mid,53900.0,56,54,none,0.0,fully_functional,16680.0,0.0,upgrade
DEV007603,laptop,budget,63700.0,20,82,screen_crack,0.6,partially_functional,29240.0,17820.0,sell
DEV007604,pc,mid,33700.0,87,15,port_damage,0.27,fully_functional,7520.0,1200.0,repair
DEV007605,monitor,mid,38100.0,80,18,none,0.0,fully_functional,12630.0,0.0,recycle
DEV007606,pc,budget,47200.0,36,62,none,0.0,fully_functional,27830.0,0.0,sell
DEV007607,phone,mid,90700.0,18,100,none,0.0,fully_functional,56080.0,0.0,sell
DEV007608,phone,budget,39300.0,9,87,none,0.0,fully_functional,28890.0,0.0,sell
DEV007609,pc,mid,42300.0,64,52,body_damage,0.41,fully_functional,12910.0,4270.0,repair
DEV007610,pc,budget,123100.0,48,54,port_damage,1.0,partially_functional,29010.0,7340.0,sell
DEV007611,tablet,mid,34700.0,78,35,none,0.0,fully_functional,5970.0,0.0,upgrade
DEV007612,tablet,mid,46500.0,45,55,screen_crack,0.63,not_functional,10650.0,11500.0,recycle
DEV007613,laptop,budget,117400.0,114,15,none,0.0,fully_functional,10470.0,0.0,upgrade
DEV007614,laptop,mid,93400.0,60,64,none,0.0,fully_functional,28410.0,0.0,upgrade
DEV007615,pc,mid,169900.0,24,82,screen_scratch,0.46,fully_functional,92320.0,4710.0,repair
DEV007616,phone,premium,104100.0,65,38,screen_crack,0.93,not_functional,7110.0,33570.0,recycle
DEV007617,tablet,budget,48500.0,48,59,battery_issue,0.22,not_functional,14950.0,2450.0,upgrade
DEV007618,tablet,budget,15900.0,6,100,none,0.0,fully_functional,14050.0,0.0,sell
DEV007619,pc,budget,41300.0,34,71,screen_crack,0.78,fully_functional,14760.0,11950.0,recycle
DEV007620,phone,premium,222800.0,19,64,battery_issue,0.78,partially_functional,71280.0,24620.0,repair
DEV007621,tablet,mid,28200.0,17,74,none,0.0,fully_functional,17840.0,0.0,sell
DEV007622,phone,budget,68800.0,8,88,battery_issue,0.54,fully_functional,40280.0,6470.0,repair
DEV007623,phone,mid,45500.0,15,86,screen_crack,0.48,fully_functional,21660.0,10420.0,sell
DEV007624,laptop,budget,171500.0,69,31,screen_scratch,0.99,partially_functional,18600.0,7870.0,upgrade
DEV007625,phone,mid,136600.0,11,94,none,0.0,fully_functional,98910.0,0.0,sell
DEV007626,monitor,mid,29300.0,107,15,screen_scratch,0.31,partially_functional,6040.0,730.0,repair
DEV007627,monitor,mid,14000.0,74,32,screen_scratch,0.17,partially_functional,5100.0,260.0,repair
DEV007628,phone,mid,137100.0,8,91,none,0.0,fully_functional,105760.0,0.0,sell
DEV007629,pc,budget,28000.0,51,55,dead_pixel,0.88,fully_functional,7560.0,4470.0,sell
DEV007630,laptop,mid,115900.0,35,79,none,0.0,fully_functional,55730.0,0.0,sell
DEV007631,tablet,mid,31600.0,11,80,screen_crack,0.32,partially_functional,19790.0,6230.0,repair
DEV007632,pc,budget,107300.0,40,56,screen_crack,0.94,fully_functional,31090.0,36320.0,recycle
DEV007633,laptop,premium,276000.0,5,91,dead_pixel,0.97,partially_functional,125300.0,41120.0,repair
DEV007634,phone,mid,103700.0,20,70,dead_pixel,0.49,not_functional,38570.0,8000.0,sell
DEV007635,phone,premium,159900.0,27,80,port_damage,0.72,partially_functional,46290.0,8140.0,recycle
DEV007636,laptop,mid,47300.0,15,81,none,0.0,fully_functional,34450.0,0.0,sell
DEV007637,monitor,budget,32500.0,9,76,screen_crack,0.99,partially_functional,13170.0,10720.0,recycle
DEV007638,laptop,mid,176600.0,81,41,none,0.0,fully_functional,32770.0,0.0,upgrade
DEV007639,laptop,budget,29200.0,16,71,dead_pixel,0.64,not_functional,13000.0,2280.0,sell
DEV007640,phone,budget,52100.0,39,60,body_damage,0.98,partially_functional,7540.0,9110.0,recycle
DEV007641,monitor,mid,32900.0,11,94,screen_crack,0.97,not_functional,14560.0,10650.0,sell
DEV007642,phone,budget,57200.0,64,52,none,0.0,fully_functional,7860.0,0.0,upgrade
DEV007643,tablet,budget,51600.0,22,93,battery_issue,0.24,fully_functional,26480.0,3940.0,repair
DEV007644,tablet,premium,74800.0,13,94,keyboard_damage,0.5,fully_functional,41480.0,3570.0,repair
DEV007645,phone,budget,26800.0,3,82,none,0.0,fully_functional,24400.0,0.0,sell
DEV007646,phone,mid,125400.0,45,70,screen_scratch,0.77,partially_functional,21240.0,6480.0,repair
DEV007647,laptop,mid,78900.0,32,71,none,0.0,fully_functional,37990.0,0.0,sell
DEV007648,phone,mid,135300.0,51,60,dead_pixel,0.41,partially_functional,23440.0,10510.0,recycle
DEV007649,tablet,budget,43200.0,96,15,none,0.0,fully_functional,5140.0,0.0,upgrade
DEV007650,pc,mid,116100.0,137,15,screen_crack,0.19,partially_functional,14830.0,18120.0,recycle
DEV007651,phone,mid,58300.0,71,34,battery_issue,0.89,partially_functional,3540.0,6750.0,recycle
DEV007652,laptop,premium,172700.0,51,48,keyboard_damage,0.9,not_functional,33360.0,15860.0,sell
DEV007653,phone,budget,44100.0,47,51,none,0.0,fully_functional,9690.0,0.0,upgrade
DEV007654,phone,budget,88600.0,30,67,screen_scratch,0.9,partially_functional,19620.0,3960.0,repair
DEV007655,pc,mid,130600.0,137,15,dead_pixel,0.22,fully_functional,16410.0,10170.0,recycle
DEV007656,pc,budget,105500.0,22,91,keyboard_damage,0.58,fully_functional,58560.0,5610.0,repair
DEV007657,pc,mid,59300.0,63,32,none,0.0,fully_functional,23740.0,0.0,sell
DEV007658,phone,mid,93700.0,55,63,port_damage,0.83,partially_functional,10860.0,7690.0,recycle
DEV007659,laptop,mid,110100.0,120,15,dead_pixel,0.28,fully_functional,7850.0,10020.0,recycle
DEV007660,laptop,premium,189000.0,33,73,screen_scratch,0.4,fully_functional,78590.0,5490.0,repair
DEV007661,monitor,mid,29900.0,92,17,keyboard_damage,0.26,partially_functional,7570.0,1750.0,repair
DEV007662,tablet,premium,59000.0,48,47,keyboard_damage,0.82,partially_functional,10470.0,4800.0,upgrade
DEV007663,monitor,mid,13500.0,58,51,screen_scratch,0.8,not_functional,3810.0,600.0,sell
DEV007664,phone,budget,5900.0,29,69,screen_scratch,0.53,fully_functional,1800.0,230.0,repair
DEV007665,laptop,mid,102000.0,69,51,screen_crack,0.76,partially_functional,15190.0,26730.0,recycle
DEV007666,pc,mid,84600.0,26,76,none,0.0,fully_functional,61530.0,0.0,sell
DEV007667,laptop,premium,153000.0,35,72,screen_scratch,0.52,fully_functional,55130.0,3890.0,repair
DEV007668,tablet,budget,21600.0,37,56,screen_crack,0.79,partially_functional,5080.0,5340.0,recycle
DEV007669,laptop,budget,160400.0,40,75,dead_pixel,0.65,partially_functional,47770.0,15730.0,repair
DEV007670,monitor,premium,65200.0,43,69,none,0.0,fully_functional,37160.0,0.0,sell
DEV007671,phone,budget,104100.0,15,100,battery_issue,0.5,partially_functional,54350.0,7430.0,repair
DEV007672,monitor,mid,36400.0,108,15,screen_scratch,0.56,partially_functional,6760.0,1170.0,repair
DEV007673,laptop,mid,209100.0,18,86,none,0.0,fully_functional,144010.0,0.0,sell
DEV007674,laptop,budget,56300.0,34,55,body_damage,0.72,partially_functional,17430.0,6670.0,sell
DEV007675,laptop,budget,44700.0,88,37,battery_issue,0.39,fully_functional,5670.0,2010.0,recycle
DEV007676,phone,premium,68100.0,24,80,dead_pixel,0.65,not_functional,20620.0,6950.0,sell
DEV007677,monitor,budget,27100.0,22,81,screen_crack,0.51,fully_functional,14300.0,5250.0,sell
DEV007678,monitor,mid,40600.0,48,67,port_damage,0.51,not_functional,15290.0,2630.0,sell
DEV007679,monitor,mid,7100.0,48,64,none,0.0,fully_functional,3700.0,0.0,sell
DEV007680,monitor,mid,45100.0,33,78,keyboard_damage,0.92,not_functional,16790.0,4850.0,sell
DEV007681,tablet,mid,54700.0,34,54,port_damage,0.78,not_functional,15000.0,3120.0,sell
DEV007682,laptop,budget,49400.0,30,72,battery_issue,0.29,fully_functional,21460.0,3610.0,repair
DEV007683,pc,premium,277500.0,78,15,screen_crack,0.32,partially_functional,60920.0,51890.0,recycle
DEV007684,phone,budget,91500.0,20,97,dead_pixel,0.57,partially_functional,36000.0,8600.0,repair
DEV007685,pc,budget,119200.0,125,15,none,0.0,fully_functional,20130.0,0.0,upgrade
DEV007686,laptop,premium,158300.0,78,24,none,0.0,fully_functional,30870.0,0.0,upgrade
DEV007687,tablet,budget,35300.0,20,77,screen_scratch,0.19,fully_functional,20100.0,700.0,repair
DEV007688,laptop,budget,27400.0,96,20,none,0.0,fully_functional,3460.0,0.0,upgrade
DEV007689,laptop,premium,67200.0,45,64,screen_crack,0.82,partially_functional,16190.0,25280.0,recycle
DEV007690,phone,budget,85800.0,15,90,none,0.0,fully_functional,55430.0,0.0,sell
DEV007691,laptop,budget,49600.0,1,100,screen_crack,0.22,fully_functional,44950.0,6540.0,repair
DEV007692,laptop,mid,153100.0,101,15,body_damage,0.53,partially_functional,12790.0,20030.0,recycle
DEV007693,phone,mid,91200.0,16,75,screen_scratch,0.21,fully_functional,49160.0,1840.0,repair
DEV007694,phone,premium,77600.0,11,86,none,0.0,fully_functional,56760.0,0.0,sell
DEV007695,laptop,mid,208700.0,60,42,battery_issue,0.89,not_functional,30000.0,22190.0,upgrade
DEV007696,phone,premium,152200.0,34,71,none,0.0,fully_functional,51280.0,0.0,upgrade
DEV007697,pc,budget,59800.0,81,30,screen_scratch,0.96,partially_functional,8540.0,2370.0,repair
DEV007698,phone,mid,129800.0,43,73,screen_crack,0.81,partially_functional,20080.0,40110.0,recycle
DEV007699,laptop,budget,37800.0,33,59,port_damage,0.67,not_functional,12040.0,2210.0,sell
DEV007700,phone,premium,192500.0,2,100,none,0.0,fully_functional,168710.0,0.0,sell
DEV007701,laptop,premium,63600.0,8,95,none,0.0,fully_functional,57190.0,0.0,sell
DEV007702,laptop,budget,162900.0,51,51,screen_scratch,0.48,fully_functional,44170.0,6540.0,repair
DEV007703,tablet,premium,129700.0,6,99,none,0.0,fully_functional,113800.0,0.0,sell
DEV007704,laptop,mid,62800.0,22,73,body_damage,0.73,not_functional,23770.0,8170.0,sell
DEV007705,laptop,budget,100100.0,6,100,none,0.0,fully_functional,89570.0,0.0,sell
DEV007706,phone,mid,44000.0,4,81,battery_issue,0.61,partially_functional,27620.0,3490.0,repair
DEV007707,laptop,premium,75000.0,35,60,keyboard_damage,0.27,partially_functional,31180.0,3040.0,repair
DEV007708,laptop,budget,26300.0,39,61,none,0.0,fully_functional,10410.0,0.0,sell
DEV007709,tablet,budget,16700.0,23,78,none,0.0,fully_functional,8700.0,0.0,sell
DEV007710,laptop,premium,299700.0,37,49,none,0.0,fully_functional,123760.0,0.0,sell
DEV007711,pc,mid,105300.0,26,78,none,0.0,fully_functional,71700.0,0.0,sell
DEV007712,laptop,mid,31700.0,63,38,screen_scratch,0.48,not_functional,5710.0,930.0,upgrade
DEV007713,phone,mid,59900.0,42,58,screen_scratch,0.17,not_functional,14380.0,780.0,upgrade
DEV007714,phone,mid,25600.0,63,51,battery_issue,0.25,fully_functional,2930.0,1620.0,recycle
DEV007715,phone,budget,26200.0,15,79,screen_crack,0.25,partially_functional,14040.0,3980.0,repair
DEV007716,laptop,budget,84000.0,48,62,screen_crack,0.73,partially_functional,19980.0,28210.0,recycle
DEV007717,pc,premium,186300.0,50,41,port_damage,0.99,partially_functional,45950.0,15620.0,repair
DEV007718,pc,mid,31100.0,56,52,none,0.0,fully_functional,13450.0,0.0,sell
DEV007719,laptop,mid,225200.0,56,42,none,0.0,fully_functional,66070.0,0.0,upgrade
DEV007720,phone,premium,94600.0,24,67,screen_crack,0.33,not_functional,38400.0,18230.0,sell
DEV007721,pc,budget,26200.0,74,36,screen_crack,0.73,not_functional,5680.0,9180.0,recycle
DEV007722,phone,premium,87900.0,38,71,none,0.0,fully_functional,27330.0,0.0,upgrade
DEV007723,laptop,mid,25300.0,87,20,battery_issue,0.33,partially_functional,3260.0,1470.0,recycle
DEV007724,pc,premium,271800.0,128,15,none,0.0,fully_functional,46850.0,0.0,upgrade
DEV007725,laptop,budget,81900.0,11,85,none,0.0,fully_functional,61700.0,0.0,sell
DEV007726,phone,budget,46100.0,65,27,screen_crack,0.94,not_functional,2790.0,16100.0,recycle
DEV007727,phone,mid,125000.0,43,67,none,0.0,fully_functional,32890.0,0.0,upgrade
DEV007728,tablet,premium,102600.0,36,70,none,0.0,fully_functional,44400.0,0.0,sell
DEV007729,phone,premium,174200.0,4,100,body_damage,0.94,not_functional,87380.0,26950.0,sell
DEV007730,tablet,mid,35900.0,72,41,none,0.0,fully_functional,6950.0,0.0,upgrade
DEV007731,laptop,mid,224400.0,89,26,none,0.0,fully_functional,36250.0,0.0,upgrade
DEV007732,phone,budget,13800.0,7,100,port_damage,0.87,not_functional,5570.0,1010.0,sell
DEV007733,phone,mid,58500.0,1,100,screen_scratch,0.92,fully_functional,30190.0,2970.0,repair
DEV007734,pc,premium,194900.0,13,86,none,0.0,fully_functional,171370.0,0.0,sell
DEV007735,laptop,mid,72600.0,72,34,dead_pixel,0.93,fully_functional,7970.0,8540.0,recycle
DEV007736,tablet,budget,23000.0,9,99,body_damage,0.38,fully_functional,15270.0,2770.0,repair
DEV007737,laptop,premium,255700.0,61,51,port_damage,0.98,not_functional,38270.0,15440.0,upgrade
DEV007738,phone,budget,10300.0,22,77,none,0.0,fully_functional,5000.0,0.0,sell
DEV007739,laptop,mid,190600.0,70,27,keyboard_damage,0.19,fully_functional,39250.0,6610.0,repair
DEV007740,laptop,mid,168300.0,56,47,none,0.0,fully_functional,49640.0,0.0,upgrade
DEV007741,laptop,mid,189500.0,64,25,none,0.0,fully_functional,45840.0,0.0,upgrade
DEV007742,pc,mid,129300.0,33,80,screen_scratch,0.37,partially_functional,68740.0,2720.0,repair
DEV007743,monitor,mid,18800.0,105,15,battery_issue,0.87,partially_functional,2600.0,1630.0,upgrade
DEV007744,pc,budget,51600.0,4,98,screen_crack,0.92,fully_functional,25320.0,17490.0,sell
DEV007745,laptop,budget,118200.0,76,26,body_damage,0.98,not_functional,12330.0,26040.0,recycle
DEV007746,laptop,mid,166800.0,15,84,none,0.0,fully_functional,116160.0,0.0,sell
DEV007747,tablet,mid,32700.0,14,88,keyboard_damage,0.22,not_functional,21280.0,1250.0,sell
DEV007748,phone,mid,73200.0,29,68,screen_scratch,0.79,partially_functional,18420.0,3520.0,repair
DEV007749,pc,budget,86000.0,35,67,none,0.0,fully_functional,51020.0,0.0,sell
DEV007750,pc,budget,117100.0,28,81,battery_issue,0.34,fully_functional,66260.0,6830.0,repair
DEV007751,phone,mid,137600.0,72,46,screen_crack,0.41,not_functional,12780.0,29430.0,recycle
DEV007752,monitor,mid,10600.0,51,41,none,0.0,fully_functional,5830.0,0.0,sell
DEV007753,pc,mid,184100.0,36,68,none,0.0,fully_functional,108500.0,0.0,sell
DEV007754,laptop,mid,30900.0,92,15,body_damage,0.75,not_functional,2650.0,4060.0,recycle
DEV007755,monitor,budget,25500.0,19,89,none,0.0,fully_functional,21220.0,0.0,sell
DEV007756,phone,budget,68300.0,39,68,port_damage,0.48,partially_functional,14900.0,2490.0,repair
DEV007757,phone,budget,61000.0,41,49,body_damage,0.61,not_functional,11940.0,9270.0,upgrade
DEV007758,phone,mid,63500.0,23,69,none,0.0,fully_functional,29150.0,0.0,sell
DEV007759,laptop,budget,47100.0,6,99,screen_crack,0.76,fully_functional,25560.0,16460.0,sell
DEV007760,laptop,budget,21800.0,91,15,body_damage,0.19,not_functional,2670.0,1970.0,recycle
DEV007761,monitor,premium,40500.0,17,79,none,0.0,fully_functional,30630.0,0.0,sell
DEV007762,phone,budget,60700.0,39,57,none,0.0,fully_functional,18500.0,0.0,upgrade
DEV007763,phone,mid,77500.0,10,88,screen_crack,0.65,partially_functional,38610.0,19600.0,sell
DEV007764,tablet,budget,40400.0,36,64,screen_crack,0.98,not_functional,8860.0,12180.0,recycle
DEV007765,phone,budget,76600.0,38,70,screen_crack,0.62,fully_functional,18020.0,21150.0,recycle
DEV007766,tablet,budget,45900.0,19,80,none,0.0,fully_functional,29570.0,0.0,sell
DEV007767,laptop,premium,215600.0,66,38,dead_pixel,0.43,partially_functional,41510.0,20730.0,upgrade
DEV007768,monitor,mid,43800.0,57,46,keyboard_damage,0.42,partially_functional,15440.0,2570.0,repair
DEV007769,tablet,mid,76800.0,20,82,body_damage,0.47,fully_functional,35600.0,9080.0,repair
DEV007770,phone,premium,77500.0,5,89,dead_pixel,0.15,partially_functional,57330.0,5360.0,repair
DEV007771,phone,budget,45700.0,68,35,none,0.0,fully_functional,5150.0,0.0,upgrade
DEV007772,phone,mid,41100.0,36,69,body_damage,0.86,partially_functional,7460.0,6930.0,recycle
DEV007773,monitor,budget,27300.0,162,15,keyboard_damage,0.68,not_functional,2600.0,1790.0,recycle
DEV007774,tablet,mid,62200.0,27,85,dead_pixel,0.91,partially_functional,19420.0,7460.0,sell
DEV007775,laptop,premium,324400.0,62,52,screen_crack,0.81,not_functional,53510.0,83600.0,recycle
DEV007776,phone,budget,30400.0,39,74,none,0.0,fully_functional,10090.0,0.0,upgrade
DEV007777,pc,premium,131500.0,26,82,battery_issue,0.61,fully_functional,65160.0,12890.0,repair
DEV007778,phone,mid,137700.0,28,72,port_damage,0.43,partially_functional,43130.0,8090.0,repair
DEV007779,tablet,budget,14300.0,24,61,screen_crack,0.98,partially_functional,4060.0,4670.0,recycle
DEV007780,pc,budget,44500.0,10,84,none,0.0,fully_functional,37830.0,0.0,sell
DEV007781,phone,mid,22500.0,5,84,body_damage,0.64,not_functional,13520.0,2770.0,sell
DEV007782,laptop,mid,126800.0,40,67,none,0.0,fully_functional,57510.0,0.0,sell
DEV007783,phone,budget,100800.0,25,73,screen_crack,0.29,fully_functional,39070.0,17140.0,sell
DEV007784,laptop,mid,243700.0,59,43,none,0.0,fully_functional,75230.0,0.0,upgrade
DEV007785,monitor,budget,10700.0,23,85,port_damage,0.99,fully_functional,4210.0,730.0,repair
DEV007786,tablet,premium,67200.0,36,58,none,0.0,fully_functional,29230.0,0.0,recycle
DEV007787,pc,budget,134700.0,8,94,screen_scratch,0.51,fully_functional,96200.0,4310.0,repair
DEV007788,laptop,mid,243900.0,20,82,dead_pixel,1.0,partially_functional,83660.0,37630.0,sell
DEV007789,phone,mid,22300.0,22,88,none,0.0,fully_functional,11630.0,0.0,sell
DEV007790,tablet,mid,48300.0,19,85,screen_crack,0.23,fully_functional,27700.0,5850.0,repair
DEV007791,laptop,premium,353200.0,22,59,screen_scratch,0.98,not_functional,95240.0,14680.0,sell
DEV007792,phone,premium,42800.0,18,73,port_damage,0.81,fully_functional,12740.0,3130.0,repair
DEV007793,laptop,budget,89900.0,54,48,port_damage,0.58,fully_functional,20080.0,3580.0,repair
DEV007794,tablet,budget,12000.0,12,86,screen_scratch,0.77,partially_functional,5390.0,350.0,repair
DEV007795,tablet,mid,17200.0,7,91,none,0.0,fully_functional,14540.0,0.0,sell
DEV007796,phone,budget,28000.0,27,60,screen_crack,0.27,fully_functional,10400.0,4150.0,sell
DEV007797,pc,mid,34100.0,37,63,port_damage,0.45,fully_functional,14450.0,2400.0,repair
DEV007798,laptop,budget,116400.0,81,37,battery_issue,0.5,fully_functional,14980.0,9660.0,recycle
DEV007799,phone,premium,132600.0,72,40,none,0.0,fully_functional,13160.0,0.0,upgrade
DEV007800,phone,mid,115200.0,8,92,body_damage,0.76,partially_functional,52810.0,20410.0,sell
DEV007801,pc,mid,41300.0,15,74,dead_pixel,0.52,fully_functional,22170.0,4180.0,repair
DEV007802,laptop,mid,102800.0,20,85,none,0.0,fully_functional,68420.0,0.0,sell
DEV007803,laptop,premium,41800.0,38,69,screen_crack,0.16,fully_functional,18840.0,7740.0,sell
DEV007804,phone,mid,47700.0,55,56,body_damage,0.48,not_functional,6800.0,3860.0,recycle
DEV007805,tablet,premium,98200.0,91,25,screen_scratch,0.78,partially_functional,7640.0,3230.0,recycle
DEV007806,pc,premium,240000.0,115,15,screen_scratch,0.59,fully_functional,31790.0,8480.0,repair
DEV007807,phone,budget,86900.0,13,90,screen_scratch,0.58,not_functional,38810.0,2420.0,sell
DEV007808,monitor,budget,26500.0,30,62,none,0.0,fully_functional,19310.0,0.0,sell
DEV007809,phone,budget,24400.0,29,78,none,0.0,fully_functional,9840.0,0.0,sell
DEV007810,phone,mid,143000.0,27,76,none,0.0,fully_functional,64030.0,0.0,sell
DEV007811,laptop,mid,167700.0,57,46,screen_scratch,0.31,not_functional,37450.0,4300.0,upgrade
DEV007812,tablet,budget,50700.0,52,69,screen_crack,0.87,not_functional,9050.0,14720.0,recycle
DEV007813,phone,premium,99400.0,11,75,dead_pixel,0.51,fully_functional,49690.0,10580.0,repair
DEV007814,laptop,budget,164700.0,77,33,dead_pixel,0.84,partially_functional,18600.0,21770.0,recycle
DEV007815,phone,mid,52200.0,30,76,none,0.0,fully_functional,19220.0,0.0,sell
DEV007816,laptop,mid,248200.0,19,72,body_damage,0.83,not_functional,95120.0,45300.0,sell
DEV007817,tablet,mid,73100.0,4,98,port_damage,0.8,partially_functional,42670.0,4260.0,repair
DEV007818,monitor,budget,41600.0,18,77,none,0.0,fully_functional,35710.0,0.0,sell
DEV007819,laptop,mid,129800.0,0,100,screen_crack,0.43,fully_functional,110290.0,26030.0,repair
DEV007820,tablet,mid,57600.0,64,49,dead_pixel,0.67,not_functional,9470.0,6150.0,recycle
DEV007821,laptop,budget,159400.0,12,85,none,0.0,fully_functional,132870.0,0.0,sell
DEV007822,phone,mid,106700.0,55,49,body_damage,0.68,partially_functional,13650.0,11180.0,recycle
DEV007823,phone,mid,133100.0,23,80,battery_issue,0.72,partially_functional,39740.0,12200.0,repair
DEV007824,monitor,budget,33300.0,52,44,body_damage,0.89,partially_functional,9230.0,5590.0,sell
DEV007825,phone,mid,107100.0,18,88,battery_issue,0.26,partially_functional,50440.0,5930.0,repair
DEV007826,pc,mid,69300.0,48,50,battery_issue,0.64,partially_functional,23040.0,6270.0,repair
DEV007827,phone,premium,47700.0,44,66,port_damage,0.94,fully_functional,6430.0,3770.0,upgrade
DEV007828,pc,mid,145800.0,23,82,port_damage,0.65,partially_functional,69980.0,10170.0,repair
DEV007829,phone,budget,42900.0,15,81,port_damage,0.18,fully_functional,23710.0,1790.0,repair
DEV007830,monitor,mid,6200.0,70,39,none,0.0,fully_functional,2190.0,0.0,sell
DEV007831,tablet,budget,35500.0,14,76,port_damage,0.75,partially_functional,14040.0,1970.0,repair
DEV007832,phone,premium,141000.0,8,84,screen_crack,0.6,not_functional,78070.0,27050.0,sell
DEV007833,tablet,mid,68400.0,3,93,none,0.0,fully_functional,60900.0,0.0,sell
DEV007834,tablet,budget,42900.0,23,75,port_damage,0.18,partially_functional,23850.0,1500.0,repair
DEV007835,phone,mid,87600.0,39,60,screen_scratch,0.73,not_functional,16040.0,3920.0,upgrade
DEV007836,phone,budget,52000.0,17,88,body_damage,0.47,partially_functional,21790.0,6220.0,repair
DEV007837,tablet,premium,115000.0,22,86,keyboard_damage,0.47,not_functional,50250.0,6130.0,sell
DEV007838,tablet,premium,47300.0,31,65,none,0.0,fully_functional,21870.0,0.0,sell
DEV007839,phone,mid,19100.0,72,37,none,0.0,fully_functional,1910.0,0.0,upgrade
DEV007840,pc,mid,130800.0,29,80,screen_scratch,0.71,partially_functional,55630.0,4240.0,repair
DEV007841,phone,mid,107700.0,20,81,screen_crack,0.92,partially_functional,31470.0,34080.0,recycle
DEV007842,phone,mid,71400.0,62,46,body_damage,0.3,partially_functional,8890.0,5960.0,recycle
DEV007843,laptop,budget,44600.0,34,64,keyboard_damage,0.48,fully_functional,16490.0,3170.0,sell
DEV007844,phone,premium,48500.0,27,67,none,0.0,fully_functional,21200.0,0.0,sell
DEV007845,phone,budget,68000.0,39,61,body_damage,0.36,fully_functional,17080.0,8280.0,upgrade
DEV007846,laptop,budget,73600.0,29,77,none,0.0,fully_functional,38580.0,0.0,sell
DEV007847,phone,budget,38400.0,15,86,body_damage,0.55,fully_functional,15800.0,2730.0,repair
DEV007848,phone,premium,14100.0,33,61,dead_pixel,0.82,partially_functional,2780.0,1360.0,upgrade
DEV007849,tablet,premium,59900.0,23,69,none,0.0,fully_functional,34280.0,0.0,sell
DEV007850,laptop,budget,169900.0,45,52,screen_crack,0.78,fully_functional,38150.0,44820.0,recycle
DEV007851,pc,budget,52500.0,28,80,none,0.0,fully_functional,36310.0,0.0,sell
DEV007852,laptop,premium,134400.0,21,85,none,0.0,fully_functional,81810.0,0.0,sell
DEV007853,laptop,mid,204400.0,5,75,port_damage,0.15,not_functional,172330.0,7220.0,sell
DEV007854,phone,premium,57000.0,9,89,none,0.0,fully_functional,44360.0,0.0,sell
DEV007855,pc,premium,243400.0,26,71,none,0.0,fully_functional,159230.0,0.0,sell
DEV007856,phone,mid,39100.0,44,56,battery_issue,0.4,fully_functional,7490.0,3180.0,upgrade
DEV007857,phone,budget,22500.0,32,72,screen_crack,0.44,fully_functional,6430.0,5010.0,sell
DEV007858,pc,mid,170700.0,43,62,none,0.0,fully_functional,95160.0,0.0,sell
DEV007859,tablet,premium,66100.0,80,26,screen_crack,0.68,fully_functional,6610.0,20820.0,recycle
DEV007860,tablet,budget,56100.0,35,73,dead_pixel,0.32,partially_functional,20730.0,4550.0,upgrade
DEV007861,phone,premium,208600.0,55,37,body_damage,0.82,partially_functional,20930.0,29440.0,recycle
DEV007862,phone,mid,131000.0,31,61,battery_issue,0.91,partially_functional,24500.0,13830.0,sell
DEV007863,laptop,premium,118200.0,50,53,none,0.0,fully_functional,43150.0,0.0,sell
DEV007864,tablet,mid,19300.0,3,96,battery_issue,0.81,not_functional,11010.0,2330.0,sell
DEV007865,laptop,budget,98100.0,34,89,dead_pixel,0.38,fully_functional,43310.0,9500.0,repair
DEV007866,phone,mid,91700.0,63,41,none,0.0,fully_functional,13480.0,0.0,upgrade
DEV007867,phone,budget,67700.0,17,82,dead_pixel,0.32,fully_functional,31880.0,5240.0,repair
DEV007868,laptop,budget,64500.0,23,69,port_damage,0.95,partially_functional,20240.0,5440.0,repair
DEV007869,tablet,premium,56100.0,28,78,screen_scratch,0.95,not_functional,15550.0,2440.0,sell
DEV007870,phone,budget,87800.0,27,77,dead_pixel,0.63,not_functional,28070.0,9110.0,sell
DEV007871,phone,premium,55900.0,57,48,none,0.0,fully_functional,9150.0,0.0,upgrade
DEV007872,phone,budget,51600.0,11,93,screen_crack,0.63,not_functional,23050.0,13990.0,sell
DEV007873,phone,mid,136200.0,33,67,body_damage,0.66,partially_functional,31470.0,17290.0,upgrade
DEV007874,laptop,premium,329300.0,63,38,body_damage,0.43,fully_functional,69970.0,30760.0,upgrade
DEV007875,phone,mid,69500.0,29,78,screen_crack,0.23,fully_functional,25880.0,9020.0,repair
DEV007876,tablet,premium,82900.0,27,78,screen_crack,0.84,partially_functional,25910.0,27720.0,recycle
DEV007877,pc,premium,68400.0,14,86,none,0.0,fully_functional,54290.0,0.0,upgrade
DEV007878,monitor,mid,48700.0,121,15,screen_scratch,0.43,partially_functional,8590.0,1460.0,repair
DEV007879,monitor,mid,28000.0,79,28,battery_issue,0.6,partially_functional,7140.0,2380.0,repair
DEV007880,phone,budget,79300.0,62,52,screen_scratch,0.72,partially_functional,7550.0,2920.0,recycle
DEV007881,phone,mid,15600.0,40,71,screen_crack,0.73,not_functional,2850.0,4190.0,recycle
DEV007882,phone,budget,50300.0,28,74,body_damage,0.96,partially_functional,10870.0,7280.0,sell
DEV007883,tablet,premium,117500.0,54,34,screen_crack,0.97,fully_functional,15860.0,42650.0,recycle
DEV007884,phone,mid,18600.0,13,78,screen_crack,0.26,fully_functional,10990.0,2710.0,repair
DEV007885,laptop,mid,166000.0,32,71,screen_scratch,0.42,fully_functional,66510.0,4210.0,repair
DEV007886,phone,premium,178400.0,32,68,none,0.0,fully_functional,61960.0,0.0,sell
DEV007887,phone,budget,71500.0,18,94,port_damage,0.63,partially_functional,32110.0,4670.0,repair
DEV007888,tablet,premium,36800.0,24,81,screen_crack,0.95,partially_functional,10810.0,10650.0,recycle
DEV007889,tablet,budget,45800.0,85,18,screen_crack,0.84,partially_functional,3440.0,15040.0,recycle
DEV007890,laptop,budget,105000.0,17,80,screen_scratch,0.25,fully_functional,59600.0,2480.0,repair
DEV007891,monitor,mid,54300.0,21,73,screen_crack,0.28,partially_functional,33560.0,9010.0,repair
DEV007892,phone,budget,78300.0,33,68,keyboard_damage,0.85,partially_functional,16540.0,6260.0,upgrade
DEV007893,phone,mid,67300.0,5,98,none,0.0,fully_functional,53450.0,0.0,sell
DEV007894,laptop,mid,152100.0,65,45,screen_scratch,0.95,partially_functional,20640.0,6840.0,repair
DEV007895,tablet,premium,117000.0,55,55,screen_crack,0.95,not_functional,16980.0,43770.0,recycle
DEV007896,laptop,budget,112100.0,34,69,none,0.0,fully_functional,52600.0,0.0,sell
DEV007897,phone,budget,26100.0,50,54,none,0.0,fully_functional,4970.0,0.0,upgrade
DEV007898,monitor,budget,27900.0,17,78,none,0.0,fully_functional,21920.0,0.0,sell
DEV007899,phone,mid,117000.0,11,100,none,0.0,fully_functional,78270.0,0.0,sell
DEV007900,laptop,budget,86000.0,58,51,screen_crack,1.0,not_functional,12610.0,26360.0,recycle
DEV007901,tablet,budget,19200.0,12,82,screen_crack,0.81,partially_functional,8630.0,4060.0,sell
DEV007902,monitor,premium,29200.0,109,15,port_damage,0.41,partially_functional,5130.0,1560.0,repair
DEV007903,tablet,premium,105600.0,96,15,none,0.0,fully_functional,11700.0,0.0,upgrade
DEV007904,monitor,premium,69100.0,58,60,none,0.0,fully_functional,30590.0,0.0,sell
DEV007905,phone,budget,69000.0,34,59,screen_scratch,0.81,partially_functional,14950.0,3260.0,repair
DEV007906,tablet,mid,33200.0,58,47,none,0.0,fully_functional,8570.0,0.0,upgrade
DEV007907,pc,budget,130700.0,79,34,screen_crack,0.22,fully_functional,34390.0,22030.0,upgrade
DEV007908,laptop,budget,144800.0,13,73,screen_crack,0.74,not_functional,66880.0,39480.0,sell
DEV007909,laptop,mid,233200.0,52,46,none,0.0,fully_functional,72570.0,0.0,sell
DEV007910,monitor,premium,47000.0,98,15,screen_scratch,0.41,partially_functional,9130.0,1170.0,repair
DEV007911,phone,mid,15800.0,15,86,dead_pixel,0.25,fully_functional,9140.0,1350.0,repair
DEV007912,laptop,budget,91700.0,45,75,none,0.0,fully_functional,36810.0,0.0,sell
DEV007913,pc,mid,123200.0,42,62,battery_issue,0.96,not_functional,34310.0,12370.0,sell
DEV007914,monitor,premium,37800.0,26,75,none,0.0,fully_functional,26700.0,0.0,sell
DEV007915,monitor,budget,32200.0,105,15,battery_issue,0.25,partially_functional,7000.0,1970.0,repair
DEV007916,pc,premium,185700.0,53,51,none,0.0,fully_functional,78870.0,0.0,sell
DEV007917,phone,budget,66200.0,34,78,none,0.0,fully_functional,24400.0,0.0,upgrade
DEV007918,monitor,budget,33000.0,1,100,screen_crack,0.99,not_functional,16920.0,8780.0,sell
DEV007919,laptop,premium,330200.0,21,72,body_damage,0.36,not_functional,169000.0,30030.0,sell
DEV007920,tablet,budget,9500.0,21,80,dead_pixel,0.61,partially_functional,4270.0,1020.0,repair
DEV007921,laptop,mid,187300.0,20,77,none,0.0,fully_functional,120810.0,0.0,sell
DEV007922,pc,budget,65400.0,86,15,screen_scratch,0.44,fully_functional,14210.0,1760.0,repair
DEV007923,laptop,mid,162300.0,72,31,none,0.0,fully_functional,37370.0,0.0,upgrade
DEV007924,pc,mid,103800.0,76,35,dead_pixel,0.73,fully_functional,22350.0,12870.0,upgrade
DEV007925,phone,premium,216400.0,40,66,none,0.0,fully_functional,63680.0,0.0,upgrade
DEV007926,phone,premium,123300.0,23,86,none,0.0,fully_functional,58370.0,0.0,repair
DEV007927,laptop,mid,138700.0,87,15,screen_scratch,0.32,fully_functional,18270.0,3000.0,repair
DEV007928,phone,budget,42900.0,6,100,none,0.0,fully_functional,35320.0,0.0,sell
DEV007929,tablet,budget,43600.0,20,76,none,0.0,fully_functional,27980.0,0.0,sell
DEV007930,phone,mid,86500.0,26,75,body_damage,1.0,partially_functional,20660.0,15440.0,sell
DEV007931,laptop,mid,185500.0,49,50,none,0.0,fully_functional,64460.0,0.0,sell
DEV007932,phone,budget,92300.0,23,69,none,0.0,fully_functional,41130.0,0.0,sell
DEV007933,phone,premium,169800.0,59,43,body_damage,0.91,partially_functional,14870.0,21380.0,recycle
DEV007934,tablet,budget,18400.0,62,42,screen_scratch,0.37,partially_functional,3540.0,360.0,repair
DEV007935,phone,budget,51000.0,15,99,none,0.0,fully_functional,35760.0,0.0,sell
DEV007936,phone,premium,126800.0,6,96,keyboard_damage,0.81,partially_functional,63030.0,11200.0,repair
DEV007937,phone,mid,125100.0,29,70,battery_issue,0.32,fully_functional,41820.0,10180.0,repair
DEV007938,phone,mid,37500.0,20,89,none,0.0,fully_functional,20650.0,0.0,sell
DEV007939,tablet,budget,31100.0,51,63,none,0.0,fully_functional,10020.0,0.0,upgrade
DEV007940,phone,mid,105400.0,22,87,screen_scratch,0.33,not_functional,40790.0,2820.0,sell
DEV007941,laptop,mid,42100.0,15,86,keyboard_damage,0.3,fully_functional,25050.0,2450.0,repair
DEV007942,tablet,budget,9800.0,8,95,none,0.0,fully_functional,8670.0,0.0,sell
DEV007943,laptop,mid,95800.0,62,37,keyboard_damage,0.46,fully_functional,18770.0,5680.0,repair
DEV007944,laptop,budget,167400.0,120,15,none,0.0,fully_functional,14080.0,0.0,upgrade
DEV007945,phone,budget,41500.0,16,86,port_damage,0.56,fully_functional,17960.0,2090.0,repair
DEV007946,monitor,budget,30000.0,81,26,none,0.0,fully_functional,9990.0,0.0,upgrade
DEV007947,laptop,budget,138100.0,60,43,battery_issue,0.71,not_functional,24630.0,12140.0,upgrade
DEV007948,phone,budget,92900.0,32,77,screen_crack,0.48,not_functional,25140.0,23700.0,recycle
DEV007949,monitor,mid,45900.0,110,15,none,0.0,fully_functional,10480.0,0.0,upgrade
DEV007950,tablet,mid,85200.0,10,76,port_damage,0.61,partially_functional,45360.0,4540.0,recycle
DEV007951,tablet,budget,37100.0,57,36,dead_pixel,0.25,fully_functional,8960.0,3020.0,repair
DEV007952,pc,mid,159700.0,8,94,screen_crack,0.6,fully_functional,103390.0,36980.0,sell
DEV007953,phone,budget,43300.0,22,96,screen_scratch,0.24,fully_functional,20930.0,1080.0,repair
DEV007954,pc,mid,104700.0,111,15,none,0.0,fully_functional,21500.0,0.0,upgrade
DEV007955,tablet,premium,103100.0,79,29,body_damage,0.43,fully_functional,13040.0,12030.0,recycle
DEV007956,laptop,mid,119900.0,60,53,screen_crack,0.58,fully_functional,24620.0,30900.0,recycle
DEV007957,phone,mid,22900.0,8,93,screen_scratch,0.39,fully_functional,13760.0,610.0,repair
DEV007958,phone,budget,27700.0,16,95,screen_scratch,0.74,fully_functional,11340.0,770.0,repair
DEV007959,monitor,budget,5900.0,80,35,screen_scratch,0.56,partially_functional,1550.0,240.0,repair
DEV007960,phone,mid,83900.0,6,86,screen_scratch,0.81,not_functional,38940.0,3970.0,sell
DEV007961,phone,mid,100000.0,10,100,screen_crack,0.4,partially_functional,59270.0,21950.0,sell
DEV007962,tablet,mid,26600.0,44,36,screen_crack,0.91,not_functional,4540.0,7800.0,recycle
DEV007963,tablet,premium,132200.0,8,94,screen_crack,0.55,fully_functional,82180.0,32590.0,sell
DEV007964,phone,budget,13600.0,31,73,body_damage,0.95,fully_functional,2930.0,1750.0,sell
DEV007965,pc,premium,223300.0,58,61,none,0.0,fully_functional,92360.0,0.0,sell
DEV007966,laptop,mid,190100.0,75,37,battery_issue,0.93,partially_functional,22220.0,29610.0,recycle
DEV007967,pc,budget,111200.0,71,37,battery_issue,0.32,partially_functional,34090.0,5940.0,repair
DEV007968,phone,budget,18900.0,9,79,body_damage,0.31,partially_functional,10920.0,1750.0,repair
DEV007969,phone,mid,82600.0,32,57,screen_crack,0.39,partially_functional,20930.0,16520.0,sell
DEV007970,tablet,budget,27600.0,25,72,none,0.0,fully_functional,15300.0,0.0,sell
DEV007971,phone,mid,75500.0,44,52,body_damage,0.9,partially_functional,10100.0,12680.0,recycle
DEV007972,laptop,mid,186800.0,28,77,body_damage,0.15,not_functional,95670.0,13760.0,sell
DEV007973,phone,mid,142400.0,72,41,screen_crack,0.2,fully_functional,14420.0,21600.0,recycle
DEV007974,pc,mid,40500.0,16,68,screen_scratch,0.24,partially_functional,26090.0,1050.0,repair
DEV007975,pc,mid,80200.0,37,71,screen_crack,0.92,partially_functional,28360.0,27450.0,recycle
DEV007976,pc,mid,176200.0,21,82,none,0.0,fully_functional,119420.0,0.0,sell
DEV007977,monitor,premium,18000.0,76,35,body_damage,0.26,fully_functional,5620.0,1160.0,repair
DEV007978,monitor,budget,41700.0,18,81,dead_pixel,0.52,not_functional,23220.0,4590.0,sell
DEV007979,laptop,premium,46900.0,30,77,battery_issue,0.21,partially_functional,22450.0,2710.0,repair
DEV007980,laptop,budget,18200.0,30,71,body_damage,0.95,fully_functional,5420.0,2860.0,sell
DEV007981,pc,budget,76600.0,24,77,none,0.0,fully_functional,50400.0,0.0,sell
DEV007982,monitor,mid,19500.0,29,68,battery_issue,0.87,partially_functional,7110.0,1670.0,repair
DEV007983,monitor,budget,10400.0,47,58,screen_scratch,0.57,partially_functional,3920.0,330.0,repair
DEV007984,pc,budget,56000.0,47,55,body_damage,0.69,not_functional,17910.0,9410.0,sell
DEV007985,phone,budget,86300.0,19,78,screen_crack,0.26,partially_functional,41210.0,14770.0,sell
DEV007986,monitor,mid,56700.0,19,97,body_damage,0.83,partially_functional,26630.0,6390.0,repair
DEV007987,monitor,mid,45100.0,124,15,screen_scratch,0.36,fully_functional,7410.0,1420.0,repair
DEV007988,tablet,budget,19100.0,29,78,none,0.0,fully_functional,9880.0,0.0,sell
DEV007989,pc,mid,58100.0,87,23,none,0.0,fully_functional,16750.0,0.0,upgrade
DEV007990,laptop,budget,57300.0,15,96,none,0.0,fully_functional,45080.0,0.0,sell
DEV007991,monitor,premium,62500.0,52,53,keyboard_damage,0.2,fully_functional,28000.0,2250.0,repair
DEV007992,phone,budget,22800.0,20,82,port_damage,0.98,partially_functional,6260.0,1620.0,repair
DEV007993,pc,mid,38900.0,106,19,none,0.0,fully_functional,8390.0,0.0,upgrade
DEV007994,phone,mid,118400.0,72,37,port_damage,0.19,fully_functional,11740.0,4130.0,recycle
DEV007995,phone,mid,21700.0,10,81,dead_pixel,0.78,fully_functional,10120.0,3280.0,repair
DEV007996,phone,premium,164700.0,72,39,screen_crack,0.81,partially_functional,10500.0,36230.0,recycle
DEV007997,laptop,budget,26900.0,44,41,screen_scratch,0.22,not_functional,8340.0,600.0,sell
DEV007998,phone,mid,8400.0,33,87,battery_issue,0.66,partially_functional,1960.0,580.0,repair
DEV007999,monitor,mid,11600.0,87,27,none,0.0,fully_functional,3890.0,0.0,upgrade
